-- MySQL dump 10.13  Distrib 8.0.35, for Linux (x86_64)
--
-- Host: localhost    Database: requirements
-- ------------------------------------------------------
-- Server version	8.0.35-0ubuntu0.22.04.1

/*!40101 SET @OLD_CHARACTER_SET_CLIENT=@@CHARACTER_SET_CLIENT */;
/*!40101 SET @OLD_CHARACTER_SET_RESULTS=@@CHARACTER_SET_RESULTS */;
/*!40101 SET @OLD_COLLATION_CONNECTION=@@COLLATION_CONNECTION */;
/*!50503 SET NAMES utf8mb4 */;
/*!40103 SET @OLD_TIME_ZONE=@@TIME_ZONE */;
/*!40103 SET TIME_ZONE='+00:00' */;
/*!40014 SET @OLD_UNIQUE_CHECKS=@@UNIQUE_CHECKS, UNIQUE_CHECKS=0 */;
/*!40014 SET @OLD_FOREIGN_KEY_CHECKS=@@FOREIGN_KEY_CHECKS, FOREIGN_KEY_CHECKS=0 */;
/*!40101 SET @OLD_SQL_MODE=@@SQL_MODE, SQL_MODE='NO_AUTO_VALUE_ON_ZERO' */;
/*!40111 SET @OLD_SQL_NOTES=@@SQL_NOTES, SQL_NOTES=0 */;

--
-- Table structure for table `attachments`
--

DROP TABLE IF EXISTS `attachments`;
/*!40101 SET @saved_cs_client     = @@character_set_client */;
/*!50503 SET character_set_client = utf8mb4 */;
CREATE TABLE `attachments` (
  `id` bigint unsigned NOT NULL AUTO_INCREMENT,
  `user_id` bigint unsigned NOT NULL,
  `model_name` varchar(255) CHARACTER SET utf8mb4 COLLATE utf8mb4_unicode_ci NOT NULL,
  `model_item_id` int NOT NULL,
  `original_file_name` varchar(255) CHARACTER SET utf8mb4 COLLATE utf8mb4_unicode_ci NOT NULL,
  `mime_type` varchar(255) CHARACTER SET utf8mb4 COLLATE utf8mb4_unicode_ci NOT NULL,
  `file_size` varchar(255) CHARACTER SET utf8mb4 COLLATE utf8mb4_unicode_ci NOT NULL,
  `stored_file_as` varchar(255) CHARACTER SET utf8mb4 COLLATE utf8mb4_unicode_ci NOT NULL,
  `tag` varchar(255) CHARACTER SET utf8mb4 COLLATE utf8mb4_unicode_ci NOT NULL,
  `created_at` timestamp NULL DEFAULT NULL,
  `updated_at` timestamp NULL DEFAULT NULL,
  PRIMARY KEY (`id`)
) ENGINE=InnoDB AUTO_INCREMENT=10000 DEFAULT CHARSET=utf8mb4 COLLATE=utf8mb4_unicode_ci;
/*!40101 SET character_set_client = @saved_cs_client */;

--
-- Dumping data for table `attachments`
--

LOCK TABLES `attachments` WRITE;
/*!40000 ALTER TABLE `attachments` DISABLE KEYS */;
INSERT INTO `attachments` VALUES (9999,8,'Requirement',384,'ISO-8501-1-2007.pdf','application/pdf','2806484','Requirement/384/bwVWpN6arpp8gUdaFZrB80HgG0qxRHWgRUNYDKtt.pdf','support','2023-12-24 10:43:52','2023-12-24 10:43:52');
/*!40000 ALTER TABLE `attachments` ENABLE KEYS */;
UNLOCK TABLES;

--
-- Table structure for table `chapters`
--

DROP TABLE IF EXISTS `chapters`;
/*!40101 SET @saved_cs_client     = @@character_set_client */;
/*!50503 SET character_set_client = utf8mb4 */;
CREATE TABLE `chapters` (
  `id` bigint unsigned NOT NULL AUTO_INCREMENT,
  `updated_uid` int NOT NULL,
  `user_id` bigint unsigned NOT NULL,
  `company_id` bigint unsigned NOT NULL,
  `project_id` bigint unsigned NOT NULL,
  `endproduct_id` bigint unsigned NOT NULL,
  `ordering` int NOT NULL,
  `title` varchar(255) COLLATE utf8mb4_unicode_ci NOT NULL,
  `created_at` timestamp NULL DEFAULT NULL,
  `updated_at` timestamp NULL DEFAULT NULL,
  PRIMARY KEY (`id`)
) ENGINE=InnoDB AUTO_INCREMENT=19 DEFAULT CHARSET=utf8mb4 COLLATE=utf8mb4_unicode_ci;
/*!40101 SET character_set_client = @saved_cs_client */;

--
-- Dumping data for table `chapters`
--

LOCK TABLES `chapters` WRITE;
/*!40000 ALTER TABLE `chapters` DISABLE KEYS */;
INSERT INTO `chapters` VALUES (1,8,8,2,4,3,1,'Language and Unit','2023-12-09 10:14:57','2023-12-10 20:27:44'),(2,8,8,2,4,3,3,'Materials','2023-12-09 10:32:19','2023-12-10 20:27:41'),(3,8,8,2,4,3,2,'Welding','2023-12-09 10:48:07','2023-12-10 20:27:44'),(4,8,8,2,4,3,4,'Heat Treatment','2023-12-10 19:46:18','2023-12-10 19:46:18'),(5,8,8,2,4,3,5,'Fasteners','2023-12-10 19:49:08','2023-12-10 19:49:08'),(6,8,8,2,4,3,6,'Tolerances and Application of Shimming','2023-12-17 10:05:43','2023-12-17 10:05:43'),(7,8,8,2,4,3,9,'Flexible Nozzle Plate Assembly','2023-12-17 16:42:56','2023-12-30 17:23:50'),(8,8,8,2,4,3,11,'Flexible Nozzle Assembly','2023-12-17 16:54:13','2023-12-30 17:24:55'),(9,8,8,2,4,3,12,'Delivery, Handling, Site Floor Protection and Storage','2023-12-23 09:14:41','2023-12-30 17:24:53'),(10,8,8,2,4,3,13,'Finishing and Surface Protection','2023-12-23 09:27:53','2023-12-30 17:24:51'),(11,8,8,2,4,3,14,'Cleaning and Protection','2023-12-24 11:45:37','2023-12-30 17:24:49'),(12,8,8,2,4,3,15,'Inspection, Testing and Reporting for Fabrication','2023-12-24 12:02:29','2023-12-30 17:24:47'),(13,8,8,2,4,3,17,'Documentation','2023-12-26 18:22:04','2023-12-30 17:24:43'),(14,8,8,2,4,3,16,'Testing','2023-12-26 19:12:20','2023-12-30 17:24:45'),(15,8,8,2,4,3,7,'Schlieren and Optical Windows','2023-12-30 17:20:53','2023-12-30 17:21:57'),(16,8,8,2,4,3,8,'Flexible Nozzle Plate','2023-12-30 17:23:18','2023-12-30 17:23:50'),(17,8,8,2,4,3,10,'Overcurvature Sensing System','2023-12-30 17:24:34','2023-12-30 17:24:54'),(18,8,8,2,4,3,18,'Model Carts','2024-01-06 10:24:38','2024-01-06 10:24:38');
/*!40000 ALTER TABLE `chapters` ENABLE KEYS */;
UNLOCK TABLES;

--
-- Table structure for table `companies`
--

DROP TABLE IF EXISTS `companies`;
/*!40101 SET @saved_cs_client     = @@character_set_client */;
/*!50503 SET character_set_client = utf8mb4 */;
CREATE TABLE `companies` (
  `id` bigint unsigned NOT NULL AUTO_INCREMENT,
  `user_id` bigint unsigned NOT NULL,
  `updated_uid` int DEFAULT NULL,
  `name` varchar(255) CHARACTER SET utf8mb4 COLLATE utf8mb4_unicode_ci NOT NULL,
  `fullname` varchar(255) CHARACTER SET utf8mb4 COLLATE utf8mb4_unicode_ci NOT NULL,
  `remarks` text COLLATE utf8mb4_unicode_ci,
  `created_at` timestamp NULL DEFAULT NULL,
  `updated_at` timestamp NULL DEFAULT NULL,
  PRIMARY KEY (`id`)
) ENGINE=InnoDB AUTO_INCREMENT=4 DEFAULT CHARSET=utf8mb4 COLLATE=utf8mb4_unicode_ci;
/*!40101 SET character_set_client = @saved_cs_client */;

--
-- Dumping data for table `companies`
--

LOCK TABLES `companies` WRITE;
/*!40000 ALTER TABLE `companies` DISABLE KEYS */;
INSERT INTO `companies` VALUES (1,1,1,'AppCompany','Generic Company for App',NULL,'2023-10-29 12:06:45','2023-10-29 12:06:45'),(2,1,1,'TÜBİTAK SAGE','TÜBİTAK Savunma Sanayii Araştırma ve Geliştirme Enstitüsü',NULL,'2023-07-31 19:15:01','2023-07-31 19:15:01'),(3,1,1,'Masttech','Elektromekanik Sistemler Sanayii ve Ticaret AŞ',NULL,'2023-10-29 12:06:45','2023-10-29 12:06:45');
/*!40000 ALTER TABLE `companies` ENABLE KEYS */;
UNLOCK TABLES;

--
-- Table structure for table `counters`
--

DROP TABLE IF EXISTS `counters`;
/*!40101 SET @saved_cs_client     = @@character_set_client */;
/*!50503 SET character_set_client = utf8mb4 */;
CREATE TABLE `counters` (
  `counter_type` varchar(255) COLLATE utf8mb4_unicode_ci NOT NULL,
  `counter_value` int NOT NULL,
  `created_at` timestamp NULL DEFAULT NULL,
  `updated_at` timestamp NULL DEFAULT NULL,
  PRIMARY KEY (`counter_type`)
) ENGINE=InnoDB DEFAULT CHARSET=utf8mb4 COLLATE=utf8mb4_unicode_ci;
/*!40101 SET character_set_client = @saved_cs_client */;

--
-- Dumping data for table `counters`
--

LOCK TABLES `counters` WRITE;
/*!40000 ALTER TABLE `counters` DISABLE KEYS */;
INSERT INTO `counters` VALUES ('requirement_no',3925,'2023-12-09 10:28:05','2024-01-11 18:18:05'),('test_no',1090,'2023-12-23 15:30:12','2024-01-01 11:45:45');
/*!40000 ALTER TABLE `counters` ENABLE KEYS */;
UNLOCK TABLES;

--
-- Table structure for table `endproduct_requirement`
--

DROP TABLE IF EXISTS `endproduct_requirement`;
/*!40101 SET @saved_cs_client     = @@character_set_client */;
/*!50503 SET character_set_client = utf8mb4 */;
CREATE TABLE `endproduct_requirement` (
  `requirement_id` bigint unsigned NOT NULL,
  `endproduct_id` bigint unsigned NOT NULL,
  `created_at` timestamp NULL DEFAULT NULL,
  `updated_at` timestamp NULL DEFAULT NULL,
  KEY `endproduct_requirement_requirement_id_foreign` (`requirement_id`),
  KEY `endproduct_requirement_endproduct_id_foreign` (`endproduct_id`),
  CONSTRAINT `endproduct_requirement_endproduct_id_foreign` FOREIGN KEY (`endproduct_id`) REFERENCES `endproducts` (`id`),
  CONSTRAINT `endproduct_requirement_requirement_id_foreign` FOREIGN KEY (`requirement_id`) REFERENCES `requirements` (`id`)
) ENGINE=InnoDB DEFAULT CHARSET=utf8mb4 COLLATE=utf8mb4_unicode_ci;
/*!40101 SET character_set_client = @saved_cs_client */;

--
-- Dumping data for table `endproduct_requirement`
--

LOCK TABLES `endproduct_requirement` WRITE;
/*!40000 ALTER TABLE `endproduct_requirement` DISABLE KEYS */;
INSERT INTO `endproduct_requirement` VALUES (1,1,NULL,NULL),(1,2,NULL,NULL),(2,1,NULL,NULL),(2,2,NULL,NULL),(3,1,NULL,NULL),(3,2,NULL,NULL),(4,1,NULL,NULL),(4,2,NULL,NULL),(5,1,NULL,NULL),(5,2,NULL,NULL),(6,1,NULL,NULL),(6,2,NULL,NULL),(7,1,NULL,NULL),(7,2,NULL,NULL),(8,1,NULL,NULL),(8,2,NULL,NULL),(9,1,NULL,NULL),(9,2,NULL,NULL),(10,1,NULL,NULL),(10,2,NULL,NULL),(11,1,NULL,NULL),(11,2,NULL,NULL),(12,1,NULL,NULL),(12,2,NULL,NULL),(13,1,NULL,NULL),(13,2,NULL,NULL),(14,1,NULL,NULL),(14,2,NULL,NULL),(15,1,NULL,NULL),(15,2,NULL,NULL),(16,1,NULL,NULL),(16,2,NULL,NULL),(17,1,NULL,NULL),(17,2,NULL,NULL),(18,1,NULL,NULL),(18,2,NULL,NULL),(19,1,NULL,NULL),(19,2,NULL,NULL),(20,1,NULL,NULL),(20,2,NULL,NULL),(21,1,NULL,NULL),(21,2,NULL,NULL),(22,1,NULL,NULL),(22,2,NULL,NULL),(23,1,NULL,NULL),(23,2,NULL,NULL),(24,1,NULL,NULL),(24,2,NULL,NULL),(25,1,NULL,NULL),(25,2,NULL,NULL),(26,1,NULL,NULL),(26,2,NULL,NULL),(27,1,NULL,NULL),(27,2,NULL,NULL),(28,1,NULL,NULL),(28,2,NULL,NULL),(29,1,NULL,NULL),(29,2,NULL,NULL),(30,1,NULL,NULL),(30,2,NULL,NULL),(31,1,NULL,NULL),(31,2,NULL,NULL),(32,1,NULL,NULL),(32,2,NULL,NULL),(33,1,NULL,NULL),(33,2,NULL,NULL),(34,1,NULL,NULL),(34,2,NULL,NULL),(35,1,NULL,NULL),(36,1,NULL,NULL),(37,1,NULL,NULL),(38,1,NULL,NULL),(39,1,NULL,NULL),(40,1,NULL,NULL),(41,1,NULL,NULL),(42,1,NULL,NULL),(43,1,NULL,NULL),(44,1,NULL,NULL),(45,1,NULL,NULL),(46,1,NULL,NULL),(47,1,NULL,NULL),(48,1,NULL,NULL),(49,1,NULL,NULL),(50,1,NULL,NULL),(51,1,NULL,NULL),(52,1,NULL,NULL),(53,1,NULL,NULL),(54,1,NULL,NULL),(55,1,NULL,NULL),(56,1,NULL,NULL),(57,1,NULL,NULL),(58,1,NULL,NULL),(59,1,NULL,NULL),(60,1,NULL,NULL),(61,1,NULL,NULL),(62,1,NULL,NULL),(63,1,NULL,NULL),(64,1,NULL,NULL),(65,1,NULL,NULL),(66,1,NULL,NULL),(67,1,NULL,NULL),(68,1,NULL,NULL),(69,1,NULL,NULL),(69,2,NULL,NULL),(70,1,NULL,NULL),(71,1,NULL,NULL),(72,1,NULL,NULL),(73,1,NULL,NULL),(74,1,NULL,NULL),(75,1,NULL,NULL),(76,1,NULL,NULL),(77,1,NULL,NULL),(78,1,NULL,NULL),(79,1,NULL,NULL),(80,1,NULL,NULL),(81,1,NULL,NULL),(82,1,NULL,NULL),(83,1,NULL,NULL),(84,1,NULL,NULL),(85,1,NULL,NULL),(86,1,NULL,NULL),(87,1,NULL,NULL),(88,1,NULL,NULL),(89,1,NULL,NULL),(90,1,NULL,NULL),(91,1,NULL,NULL),(92,1,NULL,NULL),(93,1,NULL,NULL),(94,1,NULL,NULL),(95,1,NULL,NULL),(96,2,NULL,NULL),(97,2,NULL,NULL),(98,2,NULL,NULL),(99,2,NULL,NULL),(100,2,NULL,NULL),(101,2,NULL,NULL),(102,2,NULL,NULL),(103,2,NULL,NULL),(104,2,NULL,NULL),(105,2,NULL,NULL),(106,2,NULL,NULL),(107,2,NULL,NULL),(108,2,NULL,NULL),(109,2,NULL,NULL),(110,2,NULL,NULL),(111,2,NULL,NULL),(112,2,NULL,NULL),(113,2,NULL,NULL),(114,2,NULL,NULL),(115,2,NULL,NULL),(116,2,NULL,NULL),(117,2,NULL,NULL),(118,2,NULL,NULL),(119,2,NULL,NULL),(120,2,NULL,NULL),(121,2,NULL,NULL),(122,2,NULL,NULL),(123,2,NULL,NULL),(124,2,NULL,NULL),(125,2,NULL,NULL),(126,2,NULL,NULL),(127,2,NULL,NULL),(128,2,NULL,NULL),(129,2,NULL,NULL),(130,2,NULL,NULL),(131,2,NULL,NULL),(132,2,NULL,NULL),(133,2,NULL,NULL),(134,2,NULL,NULL),(135,2,NULL,NULL),(136,2,NULL,NULL),(137,2,NULL,NULL),(138,2,NULL,NULL),(139,2,NULL,NULL),(140,2,NULL,NULL),(141,2,NULL,NULL),(142,2,NULL,NULL),(143,2,NULL,NULL),(144,2,NULL,NULL),(145,2,NULL,NULL),(146,2,NULL,NULL),(147,2,NULL,NULL),(148,2,NULL,NULL),(149,2,NULL,NULL),(150,2,NULL,NULL),(151,2,NULL,NULL),(152,2,NULL,NULL),(153,2,NULL,NULL),(154,2,NULL,NULL),(155,2,NULL,NULL),(156,2,NULL,NULL),(157,2,NULL,NULL),(158,2,NULL,NULL),(159,2,NULL,NULL),(160,2,NULL,NULL),(161,2,NULL,NULL),(162,2,NULL,NULL),(163,2,NULL,NULL),(164,2,NULL,NULL),(165,2,NULL,NULL),(166,2,NULL,NULL),(167,2,NULL,NULL),(168,2,NULL,NULL),(169,2,NULL,NULL),(170,2,NULL,NULL),(171,2,NULL,NULL),(172,2,NULL,NULL),(173,2,NULL,NULL),(174,2,NULL,NULL),(175,2,NULL,NULL),(176,2,NULL,NULL),(177,2,NULL,NULL),(178,2,NULL,NULL),(179,2,NULL,NULL),(180,2,NULL,NULL),(181,2,NULL,NULL),(183,2,NULL,NULL),(184,2,NULL,NULL),(185,2,NULL,NULL),(186,2,NULL,NULL),(187,2,NULL,NULL),(189,2,NULL,NULL),(190,2,NULL,NULL),(191,2,NULL,NULL),(192,2,NULL,NULL),(193,2,NULL,NULL),(194,2,NULL,NULL),(195,2,NULL,NULL),(196,2,NULL,NULL),(197,2,NULL,NULL),(198,2,NULL,NULL),(199,2,NULL,NULL),(200,2,NULL,NULL),(201,2,NULL,NULL),(202,2,NULL,NULL),(203,2,NULL,NULL),(204,2,NULL,NULL),(205,2,NULL,NULL),(206,2,NULL,NULL),(207,2,NULL,NULL),(208,2,NULL,NULL),(209,2,NULL,NULL),(210,2,NULL,NULL),(211,2,NULL,NULL),(212,2,NULL,NULL),(213,2,NULL,NULL),(214,2,NULL,NULL),(215,2,NULL,NULL),(216,2,NULL,NULL),(217,2,NULL,NULL),(218,2,NULL,NULL),(219,2,NULL,NULL),(220,2,NULL,NULL),(221,2,NULL,NULL),(222,2,NULL,NULL),(223,2,NULL,NULL),(224,2,NULL,NULL),(225,2,NULL,NULL),(226,2,NULL,NULL),(227,2,NULL,NULL),(228,2,NULL,NULL),(229,2,NULL,NULL),(230,2,NULL,NULL),(231,2,NULL,NULL),(232,1,NULL,NULL),(233,1,NULL,NULL),(234,1,NULL,NULL),(235,1,NULL,NULL),(236,1,NULL,NULL),(237,1,NULL,NULL),(238,1,NULL,NULL),(239,1,NULL,NULL),(240,1,NULL,NULL),(241,1,NULL,NULL),(242,1,NULL,NULL),(242,2,NULL,NULL),(243,1,NULL,NULL),(243,2,NULL,NULL),(244,1,NULL,NULL),(244,2,NULL,NULL),(245,1,NULL,NULL),(245,2,NULL,NULL),(246,1,NULL,NULL),(246,2,NULL,NULL),(247,1,NULL,NULL),(247,2,NULL,NULL),(248,1,NULL,NULL),(248,2,NULL,NULL),(249,1,NULL,NULL),(249,2,NULL,NULL),(250,1,NULL,NULL),(250,2,NULL,NULL),(251,1,NULL,NULL),(251,2,NULL,NULL),(252,1,NULL,NULL),(252,2,NULL,NULL),(253,1,NULL,NULL),(253,2,NULL,NULL),(254,1,NULL,NULL),(254,2,NULL,NULL),(255,1,NULL,NULL),(255,2,NULL,NULL),(256,1,NULL,NULL),(256,2,NULL,NULL),(257,1,NULL,NULL),(257,2,NULL,NULL),(258,1,NULL,NULL),(258,2,NULL,NULL),(259,1,NULL,NULL),(259,2,NULL,NULL),(260,1,NULL,NULL),(260,2,NULL,NULL),(261,1,NULL,NULL),(261,2,NULL,NULL),(262,1,NULL,NULL),(262,2,NULL,NULL),(263,1,NULL,NULL),(263,2,NULL,NULL),(264,1,NULL,NULL),(264,2,NULL,NULL),(265,1,NULL,NULL),(265,2,NULL,NULL),(266,1,NULL,NULL),(266,2,NULL,NULL),(267,1,NULL,NULL),(267,2,NULL,NULL),(268,1,NULL,NULL),(268,2,NULL,NULL),(269,1,NULL,NULL),(269,2,NULL,NULL),(270,1,NULL,NULL),(270,2,NULL,NULL),(271,1,NULL,NULL),(271,2,NULL,NULL),(272,1,NULL,NULL),(272,2,NULL,NULL),(273,1,NULL,NULL),(273,2,NULL,NULL),(274,1,NULL,NULL),(274,2,NULL,NULL),(275,1,NULL,NULL),(275,2,NULL,NULL),(276,1,NULL,NULL),(276,2,NULL,NULL),(277,1,NULL,NULL),(277,2,NULL,NULL),(278,1,NULL,NULL),(278,2,NULL,NULL),(279,1,NULL,NULL),(279,2,NULL,NULL),(281,1,NULL,NULL),(281,2,NULL,NULL),(282,1,NULL,NULL),(283,2,NULL,NULL),(284,2,NULL,NULL),(285,1,NULL,NULL),(286,1,NULL,NULL),(287,1,NULL,NULL),(287,2,NULL,NULL),(288,1,NULL,NULL),(288,2,NULL,NULL),(289,1,NULL,NULL),(289,2,NULL,NULL),(290,1,NULL,NULL),(290,2,NULL,NULL),(291,1,NULL,NULL),(291,2,NULL,NULL),(292,1,NULL,NULL),(292,2,NULL,NULL),(293,1,NULL,NULL),(293,2,NULL,NULL),(294,1,NULL,NULL),(294,2,NULL,NULL),(295,1,NULL,NULL),(295,2,NULL,NULL),(296,1,NULL,NULL),(296,2,NULL,NULL),(297,1,NULL,NULL),(297,2,NULL,NULL),(298,1,NULL,NULL),(298,2,NULL,NULL),(299,1,NULL,NULL),(300,1,NULL,NULL),(301,2,NULL,NULL);
/*!40000 ALTER TABLE `endproduct_requirement` ENABLE KEYS */;
UNLOCK TABLES;

--
-- Table structure for table `endproducts`
--

DROP TABLE IF EXISTS `endproducts`;
/*!40101 SET @saved_cs_client     = @@character_set_client */;
/*!50503 SET character_set_client = utf8mb4 */;
CREATE TABLE `endproducts` (
  `id` bigint unsigned NOT NULL AUTO_INCREMENT,
  `updated_uid` int NOT NULL,
  `user_id` bigint unsigned NOT NULL,
  `company_id` bigint unsigned NOT NULL,
  `project_id` bigint unsigned NOT NULL,
  `code` varchar(255) CHARACTER SET utf8mb4 COLLATE utf8mb4_unicode_ci NOT NULL,
  `title` varchar(255) CHARACTER SET utf8mb4 COLLATE utf8mb4_unicode_ci NOT NULL,
  `description` text CHARACTER SET utf8mb4 COLLATE utf8mb4_unicode_ci,
  `created_at` timestamp NULL DEFAULT NULL,
  `updated_at` timestamp NULL DEFAULT NULL,
  PRIMARY KEY (`id`)
) ENGINE=InnoDB AUTO_INCREMENT=6 DEFAULT CHARSET=utf8mb4 COLLATE=utf8mb4_unicode_ci;
/*!40101 SET character_set_client = @saved_cs_client */;

--
-- Dumping data for table `endproducts`
--

LOCK TABLES `endproducts` WRITE;
/*!40000 ALTER TABLE `endproducts` DISABLE KEYS */;
INSERT INTO `endproducts` VALUES (1,1,1,2,2,'PVR','Pressure Regulating Valve',NULL,'2023-07-31 19:25:59','2023-07-31 19:25:59'),(2,1,1,2,2,'HS','Hydraulic System',NULL,'2023-07-31 19:26:00','2023-07-31 19:26:00'),(3,1,1,2,4,'FN','Flexible Nozzle',NULL,'2023-12-09 10:10:59','2023-12-09 10:10:59'),(4,1,1,2,4,'FP','Flexible Plate',NULL,NULL,NULL),(5,1,1,2,4,'MCS','Model Cart System',NULL,NULL,NULL);
/*!40000 ALTER TABLE `endproducts` ENABLE KEYS */;
UNLOCK TABLES;

--
-- Table structure for table `failed_jobs`
--

DROP TABLE IF EXISTS `failed_jobs`;
/*!40101 SET @saved_cs_client     = @@character_set_client */;
/*!50503 SET character_set_client = utf8mb4 */;
CREATE TABLE `failed_jobs` (
  `id` bigint unsigned NOT NULL AUTO_INCREMENT,
  `uuid` varchar(255) CHARACTER SET utf8mb4 COLLATE utf8mb4_unicode_ci NOT NULL,
  `connection` text CHARACTER SET utf8mb4 COLLATE utf8mb4_unicode_ci NOT NULL,
  `queue` text CHARACTER SET utf8mb4 COLLATE utf8mb4_unicode_ci NOT NULL,
  `payload` longtext CHARACTER SET utf8mb4 COLLATE utf8mb4_unicode_ci NOT NULL,
  `exception` longtext CHARACTER SET utf8mb4 COLLATE utf8mb4_unicode_ci NOT NULL,
  `failed_at` timestamp NOT NULL DEFAULT CURRENT_TIMESTAMP,
  PRIMARY KEY (`id`),
  UNIQUE KEY `failed_jobs_uuid_unique` (`uuid`)
) ENGINE=InnoDB DEFAULT CHARSET=utf8mb4 COLLATE=utf8mb4_unicode_ci;
/*!40101 SET character_set_client = @saved_cs_client */;

--
-- Dumping data for table `failed_jobs`
--

LOCK TABLES `failed_jobs` WRITE;
/*!40000 ALTER TABLE `failed_jobs` DISABLE KEYS */;
/*!40000 ALTER TABLE `failed_jobs` ENABLE KEYS */;
UNLOCK TABLES;

--
-- Table structure for table `gates`
--

DROP TABLE IF EXISTS `gates`;
/*!40101 SET @saved_cs_client     = @@character_set_client */;
/*!50503 SET character_set_client = utf8mb4 */;
CREATE TABLE `gates` (
  `id` bigint unsigned NOT NULL AUTO_INCREMENT,
  `updated_uid` int NOT NULL,
  `user_id` bigint unsigned NOT NULL,
  `company_id` bigint unsigned NOT NULL,
  `project_id` bigint unsigned NOT NULL,
  `endproduct_id` bigint unsigned NOT NULL,
  `code` varchar(255) CHARACTER SET utf8mb4 COLLATE utf8mb4_unicode_ci NOT NULL,
  `name` varchar(255) CHARACTER SET utf8mb4 COLLATE utf8mb4_unicode_ci NOT NULL,
  `purpose` text CHARACTER SET utf8mb4 COLLATE utf8mb4_unicode_ci,
  `timing` text CHARACTER SET utf8mb4 COLLATE utf8mb4_unicode_ci,
  `ordering` int NOT NULL,
  `created_at` timestamp NULL DEFAULT NULL,
  `updated_at` timestamp NULL DEFAULT NULL,
  PRIMARY KEY (`id`)
) ENGINE=InnoDB AUTO_INCREMENT=36 DEFAULT CHARSET=utf8mb4 COLLATE=utf8mb4_unicode_ci;
/*!40101 SET character_set_client = @saved_cs_client */;

--
-- Dumping data for table `gates`
--

LOCK TABLES `gates` WRITE;
/*!40000 ALTER TABLE `gates` DISABLE KEYS */;
INSERT INTO `gates` VALUES (1,1,1,1,1,0,'MCR','Mission Concept Review','<p>The MCR will affirm the mission need and evaluates the proposed objectives and the concept for meeting those objectives.</p>','<p>The MCR should be completed prior to entering the concept development phase (Phase A)</p>',0,'2023-10-29 12:06:45','2023-10-29 12:06:45'),(2,1,1,1,1,0,'SRR','System Requirements Review','<p>The SRR evaluates the functional and performance requirements defined for the system and the preliminary program or project plan and ensures that the requirements and selected concept will satisfy the mission.</p>','<p>The SRR is conducted during the concept development phase (Phase A) and before conducting the SDR or MDR.</p>',0,'2023-10-29 12:06:45','2023-10-29 12:06:45'),(3,1,1,1,1,0,'MDR / SDR','Mission Definition Review / System Definition Review','<p>TSometimes called the MDR by robotic projects and SDR for human flight projects, this review evaluates whether the proposed architecture is responsive to the functional and performance requirements and that the requirements have been allocated to all functional elements of the mission/system.</p>','<p>The MDR/SDR is conducted during the concept development phase (Phase A) prior to KDP B and the start of preliminary design.</p>',0,'2023-10-29 12:06:45','2023-10-29 12:06:45'),(4,1,1,1,1,0,'PDR','Preliminary Design Review','<p>The PDR demonstrates that the preliminary design meets all system requirements with acceptable risk and within the cost and schedule constraints and establishes the basis for proceeding with detailed design. It shows that the correct design options have been selected, interfaces have been identified, and verification methods have been described. The PDR should address and resolve critical, system-wide issues and show that work can begin on detailed design.</p>','<p>PDR occurs near the completion of the preliminary design phase (Phase B) as the last review in the Formulation Phase.</p>',0,'2023-10-29 12:06:45','2023-10-29 12:06:45'),(5,1,1,1,1,0,'CDR','Critical Design Review','<p>The CDR demonstrates that the maturity of the design is appropriate to support proceeding with full scale fabrication, assembly, integration, and test. CDR determines if the technical effort is on track to complete the system development, meeting mission performance requirements within the identified cost and schedule constraints.</p>','<p>CDR occurs during the final design phase (Phase C).</p>',0,'2023-10-29 12:06:45','2023-10-29 12:06:45'),(6,1,1,1,1,0,'PRR','Production Readiness Review','<p>A PRR is held for projects developing or acquiring multiple or similar systems greater than three or as determined by the project. The PRR determines the readiness of the system developers to efficiently produce the required number of systems. It ensures that the production plans; fabrication, assembly, and integration-enabling products; and personnel are in place and ready to begin production.</p>','<p>PRR occurs during the final design phase (Phase C).</p>',0,'2023-10-29 12:06:45','2023-10-29 12:06:45'),(7,1,1,1,1,0,'SIR','System Integration Review','<p>An SIR ensures segments, components, and subsystems are on schedule to be integrated into the system. Integration facilities, support personnel, and integration plans and procedures are on schedule to support integration.</p>','<p>SIR occurs at the end of the final design phase (Phase C) and before the systems assembly, integration, and test phase (Phase D) begins.</p>',0,'2023-10-29 12:06:45','2023-10-29 12:06:45'),(8,1,1,1,1,0,'SAR','System Acceptance Review','<p>The SAR verifies the completeness of the specific end products in relation to their expected maturity level and assesses compliance to stakeholder expectations. It also ensures that the system has sufficient technical maturity to authorize its shipment to the designated operational facility or launch site</p>','<p>--</p>',0,'2023-10-29 12:06:45','2023-10-29 12:06:45'),(9,1,1,1,1,0,'ORR','Operational Readiness Review','<p>The ORR examines the actual system characteristics and procedures used in the system or end product’s operation. It ensures that all system and support (flight and ground) hardware, software, personnel, procedures, and user documentation accurately reflect the deployed state of the system.</p>','<p>---</p>',0,'2023-10-29 12:06:45','2023-10-29 12:06:45'),(10,1,1,1,1,0,'FRR','Flight Readiness Review','<p>The FRR examines tests, demonstrations, analyses, and audits that determine the system’s readiness for a safe and successful flight or launch and for subsequent flight operations. It also ensures that all flight and ground hardware, software, personnel, and procedures are operationally ready</p>','<p>---</p>',0,'2023-10-29 12:06:45','2023-10-29 12:06:45'),(11,1,1,1,1,0,'PLAR','Post-Launch Assessment Review ','<p>The FRR examines tests, demonstrations, analyses, and audits that determine the system’s readiness for a safe and successful flight or launch and for subsequent flight operations. It also ensures that all flight and ground hardware, software, personnel, and procedures are operationally ready</p>','<p>This review is typically held after the early flight operations and initial checkout.</p>',0,'2023-10-29 12:06:45','2023-10-29 12:06:45'),(12,1,1,1,1,0,'CERR','Critical Event Readiness Review ','<p>A CERR confirms the project’s readiness to execute the mission’s critical activities during flight operation. These include orbital insertion, rendezvous and docking, re-entry, scientific observations/encounters, etc.</p>','<p>--</p>',0,'2023-10-29 12:06:45','2023-10-29 12:06:45'),(13,1,1,1,1,0,'PFAR','Post-Flight Assessment Review','<p>The PFAR evaluates the activities from the flight after recovery. The review identifies all anomalies that occurred during the flight and mission and determines the actions necessary to mitigate or resolve the anomalies for future flights.</p>','<p>--</p>',0,'2023-10-29 12:06:45','2023-10-29 12:06:45'),(14,1,1,1,1,0,'DR','Decommissioning Review','<p>The DR confirms the decision to terminate or decommission the system and assesses the readiness of the system for the safe decommissioning and disposal of system assets.</p>','<p>The DR is normally held near the end of routine mission operations upon accomplishment of planned mission objectives. It may be advanced if some unplanned event gives rise to a need to prematurely terminate the mission, or delayed if operational life is extended to permit additional investigations.</p>',0,'2023-10-29 12:06:45','2023-10-29 12:06:45'),(15,1,1,1,1,0,'DRR','Disposal Readiness Review','<p>A DRR confirms the readiness for the final disposal of the system assets.</p>','<p>The DRR is held as major assets are ready for final disposal.</p>',0,'2023-10-29 12:06:45','2023-10-29 12:06:45'),(16,1,1,2,2,1,'KOM','Kick-Off Meeting',NULL,NULL,0,'2023-07-31 19:25:54','2023-07-31 19:25:54'),(17,1,1,2,2,1,'RR','Requirements Review',NULL,NULL,0,'2023-07-31 19:25:54','2023-07-31 19:25:54'),(18,1,1,2,2,1,'CMR','Critical Manufacturing Review',NULL,NULL,0,'2023-07-31 19:25:54','2023-07-31 19:25:54'),(19,1,1,2,2,1,'FATRR','Factory Acceptance Test Readiness Review',NULL,NULL,0,'2023-07-31 19:25:54','2023-07-31 19:25:54'),(20,1,1,2,2,1,'EFATM','End of Factory Acceptance Tests Meeting',NULL,NULL,0,'2023-07-31 19:25:54','2023-07-31 19:25:54'),(21,1,1,2,2,1,'FAT','Factory Acceptance Review',NULL,NULL,0,'2023-07-31 19:25:55','2023-07-31 19:25:55'),(22,1,1,2,2,1,'ATS','Authorisation to Ship Meeting',NULL,NULL,0,'2023-07-31 19:25:55','2023-07-31 19:25:55'),(23,1,1,2,2,1,'OSATRR','On-Site Acceptance Test Readiness Review',NULL,NULL,0,'2023-07-31 19:25:55','2023-07-31 19:25:55'),(24,1,1,2,2,1,'EOSATM','End of On-Site Acceptance Tests Meeting',NULL,NULL,0,'2023-07-31 19:25:55','2023-07-31 19:25:55'),(25,1,1,2,2,1,'OSAR','On-Site Acceptance Review',NULL,NULL,0,'2023-07-31 19:25:55','2023-07-31 19:25:55'),(26,8,8,2,4,3,'SRR','System Requirements Review',NULL,NULL,2,'2023-12-25 18:52:03','2024-01-01 12:57:53'),(27,8,8,2,4,3,'KOM','Kick-Off Meeting',NULL,NULL,1,'2024-01-01 12:56:50','2024-01-01 12:57:53'),(28,8,8,2,4,3,'CMR','Critical Manufacturing Review',NULL,NULL,3,'2024-01-01 12:57:46','2024-01-01 12:57:46'),(29,8,8,2,4,3,'FATRR','Factory Acceptance Test Readiness Review	',NULL,NULL,4,'2024-01-01 12:58:33','2024-01-01 12:58:33'),(30,8,8,2,4,3,'ATS','Authorisation to Ship Meeting	',NULL,NULL,7,'2024-01-01 12:59:08','2024-01-01 13:01:54'),(31,8,8,2,4,3,'EFATM','End of Factory Acceptance Tests Meeting	',NULL,NULL,5,'2024-01-01 13:00:43','2024-01-01 13:01:07'),(32,8,8,2,4,3,'FAT','Factory Acceptance Review	',NULL,NULL,6,'2024-01-01 13:01:39','2024-01-01 13:01:54'),(33,8,8,2,4,3,'OSATRR','On-Site Acceptance Test Readiness Review',NULL,NULL,8,'2024-01-01 13:02:17','2024-01-01 13:02:17'),(34,8,8,2,4,3,'EOSATM','End of On-Site Acceptance Tests Meeting',NULL,NULL,9,'2024-01-01 13:02:34','2024-01-01 13:02:34'),(35,8,8,2,4,3,'OSAR','On-Site Acceptance Review	',NULL,NULL,10,'2024-01-01 13:02:47','2024-01-01 13:02:47');
/*!40000 ALTER TABLE `gates` ENABLE KEYS */;
UNLOCK TABLES;

--
-- Table structure for table `media`
--

DROP TABLE IF EXISTS `media`;
/*!40101 SET @saved_cs_client     = @@character_set_client */;
/*!50503 SET character_set_client = utf8mb4 */;
CREATE TABLE `media` (
  `id` bigint unsigned NOT NULL AUTO_INCREMENT,
  `model_type` varchar(255) COLLATE utf8mb4_unicode_ci NOT NULL,
  `model_id` bigint unsigned NOT NULL,
  `uuid` char(36) COLLATE utf8mb4_unicode_ci DEFAULT NULL,
  `collection_name` varchar(255) COLLATE utf8mb4_unicode_ci NOT NULL,
  `name` varchar(255) COLLATE utf8mb4_unicode_ci NOT NULL,
  `file_name` varchar(255) COLLATE utf8mb4_unicode_ci NOT NULL,
  `mime_type` varchar(255) COLLATE utf8mb4_unicode_ci DEFAULT NULL,
  `disk` varchar(255) COLLATE utf8mb4_unicode_ci NOT NULL,
  `conversions_disk` varchar(255) COLLATE utf8mb4_unicode_ci DEFAULT NULL,
  `size` bigint unsigned NOT NULL,
  `manipulations` json NOT NULL,
  `custom_properties` json NOT NULL,
  `generated_conversions` json NOT NULL,
  `responsive_images` json NOT NULL,
  `order_column` int unsigned DEFAULT NULL,
  `created_at` timestamp NULL DEFAULT NULL,
  `updated_at` timestamp NULL DEFAULT NULL,
  PRIMARY KEY (`id`),
  UNIQUE KEY `media_uuid_unique` (`uuid`),
  KEY `media_model_type_model_id_index` (`model_type`,`model_id`),
  KEY `media_order_column_index` (`order_column`)
) ENGINE=InnoDB AUTO_INCREMENT=14 DEFAULT CHARSET=utf8mb4 COLLATE=utf8mb4_unicode_ci;
/*!40101 SET character_set_client = @saved_cs_client */;

--
-- Dumping data for table `media`
--

LOCK TABLES `media` WRITE;
/*!40000 ALTER TABLE `media` DISABLE KEYS */;
INSERT INTO `media` VALUES (1,'App\\Models\\CkFile',0,'bbea44be-41c9-4d91-bf94-677d275aea73','images','image','image.png','image/png','media','media',35044,'[]','[]','[]','[]',1,'2023-12-10 19:40:39','2023-12-10 19:40:39'),(2,'App\\Models\\CkFile',0,'8eb7eefb-aae7-4e1e-af2b-c43308991e78','images','image','image.png','image/png','media','media',35044,'[]','[]','[]','[]',2,'2023-12-10 19:41:47','2023-12-10 19:41:47'),(3,'App\\Models\\CkFile',0,'d0f6ef46-047d-47e1-a2f9-057cf2b5c47f','images','image','image.png','image/png','media','media',35044,'[]','[]','[]','[]',3,'2023-12-10 19:43:06','2023-12-10 19:43:06'),(4,'App\\Models\\CkFile',0,'3b0deb9e-937a-416c-a902-dcbf7282bdfc','images','image','image.png','image/png','media','media',35044,'[]','[]','[]','[]',4,'2023-12-10 19:44:27','2023-12-10 19:44:27'),(5,'App\\Models\\CkFile',0,'aeb3bc1c-7729-455e-bccb-1ecfffc8dd94','images','Screenshot from 2024-01-02 20-13-53','Screenshot-from-2024-01-02-20-13-53.png','image/png','media','media',91371,'[]','[]','[]','[]',5,'2024-01-02 17:19:15','2024-01-02 17:19:15'),(6,'App\\Models\\CkFile',0,'3b6cfbb8-e134-4964-8fff-4e7182f5e355','images','Screenshot from 2024-01-02 20-14-28','Screenshot-from-2024-01-02-20-14-28.png','image/png','media','media',85556,'[]','[]','[]','[]',6,'2024-01-02 17:19:37','2024-01-02 17:19:37'),(7,'App\\Models\\CkFile',0,'da80c191-0c34-478b-be1a-96a24c17eaca','images','Screenshot from 2024-01-02 20-15-20','Screenshot-from-2024-01-02-20-15-20.png','image/png','media','media',185958,'[]','[]','[]','[]',7,'2024-01-02 17:20:15','2024-01-02 17:20:15'),(8,'App\\Models\\CkFile',0,'93b6c6a2-3b42-4683-b915-c5423b6f9a1d','images','Screenshot from 2024-01-02 20-21-08','Screenshot-from-2024-01-02-20-21-08.png','image/png','media','media',369692,'[]','[]','[]','[]',8,'2024-01-02 17:21:28','2024-01-02 17:21:28'),(9,'App\\Models\\CkFile',0,'bff08d54-b656-4e58-9377-ba2b8a7394d9','images','Screenshot from 2024-01-02 20-13-53','Screenshot-from-2024-01-02-20-13-53.png','image/png','media','media',91371,'[]','[]','[]','[]',9,'2024-01-02 17:24:01','2024-01-02 17:24:01'),(10,'App\\Models\\CkFile',0,'3f17fcb9-1df7-4de2-b281-3f7771f6a764','images','Screenshot from 2024-01-02 20-15-20','Screenshot-from-2024-01-02-20-15-20.png','image/png','media','media',185958,'[]','[]','[]','[]',10,'2024-01-02 17:24:37','2024-01-02 17:24:37'),(11,'App\\Models\\CkFile',0,'7855dd49-ab40-407c-9ac5-0f9d3d029efd','images','Screenshot from 2024-01-02 20-14-28','Screenshot-from-2024-01-02-20-14-28.png','image/png','media','media',85556,'[]','[]','[]','[]',11,'2024-01-02 17:25:34','2024-01-02 17:25:34'),(12,'App\\Models\\CkFile',0,'e3a39f81-6dc2-434d-a760-a34bf084b446','images','Screenshot from 2024-01-02 20-14-28','Screenshot-from-2024-01-02-20-14-28.png','image/png','media','media',85556,'[]','[]','[]','[]',12,'2024-01-02 17:26:44','2024-01-02 17:26:44'),(13,'App\\Models\\CkFile',0,'b86daf18-96fe-41e6-93cd-02fabeb4fb45','images','Screenshot from 2024-01-02 20-21-08','Screenshot-from-2024-01-02-20-21-08.png','image/png','media','media',369692,'[]','[]','[]','[]',13,'2024-01-02 17:27:12','2024-01-02 17:27:12');
/*!40000 ALTER TABLE `media` ENABLE KEYS */;
UNLOCK TABLES;

--
-- Table structure for table `migrations`
--

DROP TABLE IF EXISTS `migrations`;
/*!40101 SET @saved_cs_client     = @@character_set_client */;
/*!50503 SET character_set_client = utf8mb4 */;
CREATE TABLE `migrations` (
  `id` int unsigned NOT NULL AUTO_INCREMENT,
  `migration` varchar(255) CHARACTER SET utf8mb4 COLLATE utf8mb4_unicode_ci NOT NULL,
  `batch` int NOT NULL,
  PRIMARY KEY (`id`)
) ENGINE=InnoDB AUTO_INCREMENT=25 DEFAULT CHARSET=utf8mb4 COLLATE=utf8mb4_unicode_ci;
/*!40101 SET character_set_client = @saved_cs_client */;

--
-- Dumping data for table `migrations`
--

LOCK TABLES `migrations` WRITE;
/*!40000 ALTER TABLE `migrations` DISABLE KEYS */;
INSERT INTO `migrations` VALUES (1,'2014_10_12_000000_create_users_table',1),(2,'2014_10_12_100000_create_password_reset_tokens_table',1),(3,'2019_08_19_000000_create_failed_jobs_table',1),(4,'2019_12_14_000001_create_personal_access_tokens_table',1),(5,'2023_07_07_183816_create_attachments',1),(6,'2023_07_08_075454_create_projects',1),(7,'2023_07_09_163154_create_companies',1),(8,'2023_07_11_184052_create_requirements',1),(9,'2023_07_17_155321_create_endproducts',1),(10,'2023_07_18_202114_create_endproduct_requirement',1),(11,'2023_07_24_091913_create_verifications',1),(12,'2023_07_24_092301_create_gates',1),(13,'2023_07_24_092313_create_mocs',1),(14,'2023_07_24_092317_create_pocs',1),(15,'2023_07_24_092330_create_witnesses',1),(16,'2023_07_24_092338_create_phases',1),(17,'2023_07_29_182621_create_permission_tables',1),(18,'2023_09_24_173113_create_project_user_table',1),(20,'2023_11_13_181722_create_tests_table',2),(21,'2023_11_14_110356_create_requirement_test_table',2),(22,'2023_12_02_184628_create_chapters_table',2),(23,'2023_10_26_170925_create_counters_table',3),(24,'2023_12_10_190445_create_media_table',4);
/*!40000 ALTER TABLE `migrations` ENABLE KEYS */;
UNLOCK TABLES;

--
-- Table structure for table `mocs`
--

DROP TABLE IF EXISTS `mocs`;
/*!40101 SET @saved_cs_client     = @@character_set_client */;
/*!50503 SET character_set_client = utf8mb4 */;
CREATE TABLE `mocs` (
  `id` bigint unsigned NOT NULL AUTO_INCREMENT,
  `updated_uid` int NOT NULL,
  `user_id` bigint unsigned NOT NULL,
  `company_id` bigint unsigned NOT NULL,
  `project_id` bigint unsigned NOT NULL,
  `endproduct_id` bigint unsigned NOT NULL,
  `code` varchar(255) CHARACTER SET utf8mb4 COLLATE utf8mb4_unicode_ci NOT NULL,
  `name` varchar(255) CHARACTER SET utf8mb4 COLLATE utf8mb4_unicode_ci NOT NULL,
  `description` text CHARACTER SET utf8mb4 COLLATE utf8mb4_unicode_ci,
  `created_at` timestamp NULL DEFAULT NULL,
  `updated_at` timestamp NULL DEFAULT NULL,
  PRIMARY KEY (`id`)
) ENGINE=InnoDB AUTO_INCREMENT=21 DEFAULT CHARSET=utf8mb4 COLLATE=utf8mb4_unicode_ci;
/*!40101 SET character_set_client = @saved_cs_client */;

--
-- Dumping data for table `mocs`
--

LOCK TABLES `mocs` WRITE;
/*!40000 ALTER TABLE `mocs` DISABLE KEYS */;
INSERT INTO `mocs` VALUES (1,1,1,1,1,0,'MC 9','Equipment Qualification','<p>Note:</p><p>Equipment Qualification is a process that may include all previous means of compliance:</p>','2023-10-29 12:06:45','2023-10-29 12:06:45'),(2,1,1,1,1,0,'MC 7','Design Inspection','<ul><li>Inspection / Audit Reports</li></ul>','2023-10-29 12:06:45','2023-10-29 12:06:45'),(3,1,1,1,1,0,'MC 6','Flight Tests','','2023-10-29 12:06:45','2023-10-29 12:06:45'),(4,1,1,1,1,0,'MC 5','Ground Tests on Related Products','','2023-10-29 12:06:45','2023-10-29 12:06:45'),(5,1,1,1,1,0,'MC 4','Laboratory Tests','','2023-10-29 12:06:45','2023-10-29 12:06:45'),(6,1,1,1,1,0,'MC 3','Safety Assessment','<ul><li>Safety Analysis:</li></ul>','2023-10-29 12:06:45','2023-10-29 12:06:45'),(7,1,1,1,1,0,'MC 2','Calculation / Analysis','<ul><li>Substantiation Reports</li></ul>','2023-10-29 12:06:45','2023-10-29 12:06:45'),(8,1,1,1,1,0,'MC 1','Design Review','<ul><li>Description</li><li>Drawings</li></ul>','2023-10-29 12:06:45','2023-10-29 12:06:45'),(9,1,1,1,1,0,'MC 0','Compliance Statement','<p>Compliance Statement</p><p>Reference to design change documents</p><p>Election of methods, factors</p><p>Definition</p>','2023-10-29 12:06:45','2023-10-29 12:06:45'),(10,1,1,2,2,1,'MoC 1','Analysis / Design',NULL,'2023-07-31 19:25:55','2023-07-31 19:25:55'),(11,1,1,2,2,1,'MoC 2','Analogy',NULL,'2023-07-31 19:25:55','2023-07-31 19:25:55'),(12,1,1,2,2,1,'MoC 3','Demonstration',NULL,'2023-07-31 19:25:55','2023-07-31 19:25:55'),(13,1,1,2,2,1,'MoC 4','Examination',NULL,'2023-07-31 19:25:56','2023-07-31 19:25:56'),(14,1,1,2,2,1,'MoC 5','Test',NULL,'2023-07-31 19:25:56','2023-07-31 19:25:56'),(15,8,8,2,4,3,'MoC 1','Analysis / Design',NULL,'2023-12-25 18:43:02','2023-12-25 18:43:02'),(16,8,8,2,4,3,'MoC 2','Analogy',NULL,'2023-12-25 18:45:25','2023-12-25 18:45:25'),(17,8,8,2,4,3,'MoC 3','Demonstration',NULL,'2023-12-25 18:45:52','2023-12-25 18:45:52'),(18,8,8,2,4,3,'MoC 4','Examination',NULL,'2023-12-25 18:46:22','2023-12-25 18:46:22'),(19,8,8,2,4,3,'MoC 5','Test',NULL,'2023-12-25 18:46:43','2023-12-25 18:46:43'),(20,8,8,2,4,3,'MoC 0','Compliance Statement',NULL,'2023-12-25 18:48:34','2023-12-25 18:48:34');
/*!40000 ALTER TABLE `mocs` ENABLE KEYS */;
UNLOCK TABLES;

--
-- Table structure for table `model_has_permissions`
--

DROP TABLE IF EXISTS `model_has_permissions`;
/*!40101 SET @saved_cs_client     = @@character_set_client */;
/*!50503 SET character_set_client = utf8mb4 */;
CREATE TABLE `model_has_permissions` (
  `permission_id` bigint unsigned NOT NULL,
  `model_type` varchar(255) CHARACTER SET utf8mb4 COLLATE utf8mb4_unicode_ci NOT NULL,
  `model_id` bigint unsigned NOT NULL,
  PRIMARY KEY (`permission_id`,`model_id`,`model_type`),
  KEY `model_has_permissions_model_id_model_type_index` (`model_id`,`model_type`),
  CONSTRAINT `model_has_permissions_permission_id_foreign` FOREIGN KEY (`permission_id`) REFERENCES `permissions` (`id`) ON DELETE CASCADE
) ENGINE=InnoDB DEFAULT CHARSET=utf8mb4 COLLATE=utf8mb4_unicode_ci;
/*!40101 SET character_set_client = @saved_cs_client */;

--
-- Dumping data for table `model_has_permissions`
--

LOCK TABLES `model_has_permissions` WRITE;
/*!40000 ALTER TABLE `model_has_permissions` DISABLE KEYS */;
/*!40000 ALTER TABLE `model_has_permissions` ENABLE KEYS */;
UNLOCK TABLES;

--
-- Table structure for table `model_has_roles`
--

DROP TABLE IF EXISTS `model_has_roles`;
/*!40101 SET @saved_cs_client     = @@character_set_client */;
/*!50503 SET character_set_client = utf8mb4 */;
CREATE TABLE `model_has_roles` (
  `role_id` bigint unsigned NOT NULL,
  `model_type` varchar(255) CHARACTER SET utf8mb4 COLLATE utf8mb4_unicode_ci NOT NULL,
  `model_id` bigint unsigned NOT NULL,
  PRIMARY KEY (`role_id`,`model_id`,`model_type`),
  KEY `model_has_roles_model_id_model_type_index` (`model_id`,`model_type`),
  CONSTRAINT `model_has_roles_role_id_foreign` FOREIGN KEY (`role_id`) REFERENCES `roles` (`id`) ON DELETE CASCADE
) ENGINE=InnoDB DEFAULT CHARSET=utf8mb4 COLLATE=utf8mb4_unicode_ci;
/*!40101 SET character_set_client = @saved_cs_client */;

--
-- Dumping data for table `model_has_roles`
--

LOCK TABLES `model_has_roles` WRITE;
/*!40000 ALTER TABLE `model_has_roles` DISABLE KEYS */;
INSERT INTO `model_has_roles` VALUES (1,'App\\Models\\User',1),(2,'App\\Models\\User',2),(3,'App\\Models\\User',2),(2,'App\\Models\\User',3),(3,'App\\Models\\User',3),(3,'App\\Models\\User',4),(3,'App\\Models\\User',5),(3,'App\\Models\\User',6),(3,'App\\Models\\User',8),(2,'App\\Models\\User',9),(3,'App\\Models\\User',9);
/*!40000 ALTER TABLE `model_has_roles` ENABLE KEYS */;
UNLOCK TABLES;

--
-- Table structure for table `password_reset_tokens`
--

DROP TABLE IF EXISTS `password_reset_tokens`;
/*!40101 SET @saved_cs_client     = @@character_set_client */;
/*!50503 SET character_set_client = utf8mb4 */;
CREATE TABLE `password_reset_tokens` (
  `email` varchar(255) CHARACTER SET utf8mb4 COLLATE utf8mb4_unicode_ci NOT NULL,
  `token` varchar(255) CHARACTER SET utf8mb4 COLLATE utf8mb4_unicode_ci NOT NULL,
  `created_at` timestamp NULL DEFAULT NULL,
  PRIMARY KEY (`email`)
) ENGINE=InnoDB DEFAULT CHARSET=utf8mb4 COLLATE=utf8mb4_unicode_ci;
/*!40101 SET character_set_client = @saved_cs_client */;

--
-- Dumping data for table `password_reset_tokens`
--

LOCK TABLES `password_reset_tokens` WRITE;
/*!40000 ALTER TABLE `password_reset_tokens` DISABLE KEYS */;
/*!40000 ALTER TABLE `password_reset_tokens` ENABLE KEYS */;
UNLOCK TABLES;

--
-- Table structure for table `permissions`
--

DROP TABLE IF EXISTS `permissions`;
/*!40101 SET @saved_cs_client     = @@character_set_client */;
/*!50503 SET character_set_client = utf8mb4 */;
CREATE TABLE `permissions` (
  `id` bigint unsigned NOT NULL AUTO_INCREMENT,
  `name` varchar(255) CHARACTER SET utf8mb4 COLLATE utf8mb4_unicode_ci NOT NULL,
  `guard_name` varchar(255) CHARACTER SET utf8mb4 COLLATE utf8mb4_unicode_ci NOT NULL,
  `created_at` timestamp NULL DEFAULT NULL,
  `updated_at` timestamp NULL DEFAULT NULL,
  PRIMARY KEY (`id`),
  UNIQUE KEY `permissions_name_guard_name_unique` (`name`,`guard_name`)
) ENGINE=InnoDB DEFAULT CHARSET=utf8mb4 COLLATE=utf8mb4_unicode_ci;
/*!40101 SET character_set_client = @saved_cs_client */;

--
-- Dumping data for table `permissions`
--

LOCK TABLES `permissions` WRITE;
/*!40000 ALTER TABLE `permissions` DISABLE KEYS */;
/*!40000 ALTER TABLE `permissions` ENABLE KEYS */;
UNLOCK TABLES;

--
-- Table structure for table `personal_access_tokens`
--

DROP TABLE IF EXISTS `personal_access_tokens`;
/*!40101 SET @saved_cs_client     = @@character_set_client */;
/*!50503 SET character_set_client = utf8mb4 */;
CREATE TABLE `personal_access_tokens` (
  `id` bigint unsigned NOT NULL AUTO_INCREMENT,
  `tokenable_type` varchar(255) CHARACTER SET utf8mb4 COLLATE utf8mb4_unicode_ci NOT NULL,
  `tokenable_id` bigint unsigned NOT NULL,
  `name` varchar(255) CHARACTER SET utf8mb4 COLLATE utf8mb4_unicode_ci NOT NULL,
  `token` varchar(64) CHARACTER SET utf8mb4 COLLATE utf8mb4_unicode_ci NOT NULL,
  `abilities` text CHARACTER SET utf8mb4 COLLATE utf8mb4_unicode_ci,
  `last_used_at` timestamp NULL DEFAULT NULL,
  `expires_at` timestamp NULL DEFAULT NULL,
  `created_at` timestamp NULL DEFAULT NULL,
  `updated_at` timestamp NULL DEFAULT NULL,
  PRIMARY KEY (`id`),
  UNIQUE KEY `personal_access_tokens_token_unique` (`token`),
  KEY `personal_access_tokens_tokenable_type_tokenable_id_index` (`tokenable_type`,`tokenable_id`)
) ENGINE=InnoDB DEFAULT CHARSET=utf8mb4 COLLATE=utf8mb4_unicode_ci;
/*!40101 SET character_set_client = @saved_cs_client */;

--
-- Dumping data for table `personal_access_tokens`
--

LOCK TABLES `personal_access_tokens` WRITE;
/*!40000 ALTER TABLE `personal_access_tokens` DISABLE KEYS */;
/*!40000 ALTER TABLE `personal_access_tokens` ENABLE KEYS */;
UNLOCK TABLES;

--
-- Table structure for table `phases`
--

DROP TABLE IF EXISTS `phases`;
/*!40101 SET @saved_cs_client     = @@character_set_client */;
/*!50503 SET character_set_client = utf8mb4 */;
CREATE TABLE `phases` (
  `id` bigint unsigned NOT NULL AUTO_INCREMENT,
  `updated_uid` int NOT NULL,
  `user_id` bigint unsigned NOT NULL,
  `company_id` bigint unsigned NOT NULL,
  `project_id` bigint unsigned NOT NULL,
  `endproduct_id` bigint unsigned NOT NULL,
  `code` varchar(255) CHARACTER SET utf8mb4 COLLATE utf8mb4_unicode_ci NOT NULL,
  `name` varchar(255) CHARACTER SET utf8mb4 COLLATE utf8mb4_unicode_ci NOT NULL,
  `description` text CHARACTER SET utf8mb4 COLLATE utf8mb4_unicode_ci,
  `created_at` timestamp NULL DEFAULT NULL,
  `updated_at` timestamp NULL DEFAULT NULL,
  PRIMARY KEY (`id`)
) ENGINE=InnoDB AUTO_INCREMENT=8 DEFAULT CHARSET=utf8mb4 COLLATE=utf8mb4_unicode_ci;
/*!40101 SET character_set_client = @saved_cs_client */;

--
-- Dumping data for table `phases`
--

LOCK TABLES `phases` WRITE;
/*!40000 ALTER TABLE `phases` DISABLE KEYS */;
INSERT INTO `phases` VALUES (1,1,1,1,1,0,'Pre-Phase A','Concept Studies','<p><strong>Purpose</strong></p><p>To produce a broad spectrum of ideas and alternatives for missions from which new programs/projects can be selected. Determine feasibility of desired system, develop mission concepts, draft system-level requirements, assess performance, cost, and schedule feasibility; identify potential technology needs, and scope.&nbsp;</p><p>&nbsp;</p><p><strong>Typical Outcomes</strong></p><p>Feasible system concepts in the form of simulations, analysis, study reports, models, and mock-ups</p>','2023-10-29 12:06:45','2023-10-29 12:06:45'),(2,1,1,1,1,0,'Phase A','Concept and Technology Development','<p><strong>Purpose</strong></p><p>To determine the feasibility and desirability of a suggested new system and establish an initial baseline compatibility with NASA’s strategic plans. Develop final mission concept, system-level requirements, needed system technology developments, and program/project technical management plans.&nbsp;</p><p>&nbsp;</p><p><strong>Typical Outcomes</strong></p><p>System concept definition in the form of simulations, analysis, engineering models and mock-ups, and trade study definition</p>','2023-10-29 12:06:45','2023-10-29 12:06:45'),(3,1,1,1,1,0,'Phase B','Preliminary Design and Technology Completion','<p><strong>Purpose</strong></p><p>To define the project in enough detail to establish an initial baseline capable of meeting mission needs. Develop system structure end product (and enabling product) requirements and generate a preliminary design for each system structure end product.&nbsp;</p><p>&nbsp;</p><p><strong>Typical Outcomes</strong></p><p>End products in the form of mock-ups, trade study results, specification and interface documents, and prototypes</p>','2023-10-29 12:06:45','2023-10-29 12:06:45'),(4,1,1,1,1,0,'Phase C','Final Design and Fabrication','<p><strong>Purpose</strong></p><p>To complete the detailed design of the system (and its associated subsystems, including its operations systems), fabricate hardware, and code software. Generate final designs for each system structure end product.&nbsp;</p><p>&nbsp;</p><p><strong>Typical Outcomes</strong></p><p>End product detailed designs, end product component fabrication, and software development</p>','2023-10-29 12:06:45','2023-10-29 12:06:45'),(5,1,1,1,1,0,'Phase D','System Assembly, Integration and Test, Launch','<p><strong>Purpose</strong></p><p>To assemble and integrate the system (hardware, software, and humans), meanwhile developing confidence that it is able to meet the system requirements. Launch and prepare for operations. Perform system end product implementation, assembly, integration and test, and transition to use.&nbsp;</p><p>&nbsp;</p><p><strong>Typical Outcomes</strong></p><p>Operations-ready system end product with supporting related enabling products</p>','2023-10-29 12:06:45','2023-10-29 12:06:45'),(6,1,1,1,1,0,'Phase E','Operations and Sustainment','<p><strong>Purpose</strong></p><p>To conduct the mission and meet the initially identified need and maintain support for that need. Implement the mission operations plan.&nbsp;</p><p>&nbsp;</p><p><strong>Typical Outcomes</strong></p><p>Desired system</p>','2023-10-29 12:06:45','2023-10-29 12:06:45'),(7,1,1,1,1,0,'Phase F','Closeout','<p><strong>Purpose</strong></p><p>To implement the systems decommissioning/disposal plan developed in Phase E and perform analyses of the returned data and any returned samples.&nbsp;</p><p>&nbsp;</p><p><strong>Typical Outcomes</strong></p><p>Product closeout</p>','2023-10-29 12:06:45','2023-10-29 12:06:45');
/*!40000 ALTER TABLE `phases` ENABLE KEYS */;
UNLOCK TABLES;

--
-- Table structure for table `pocs`
--

DROP TABLE IF EXISTS `pocs`;
/*!40101 SET @saved_cs_client     = @@character_set_client */;
/*!50503 SET character_set_client = utf8mb4 */;
CREATE TABLE `pocs` (
  `id` bigint unsigned NOT NULL AUTO_INCREMENT,
  `updated_uid` int NOT NULL,
  `user_id` bigint unsigned NOT NULL,
  `company_id` bigint unsigned NOT NULL,
  `project_id` bigint unsigned NOT NULL,
  `endproduct_id` bigint unsigned NOT NULL,
  `code` varchar(255) CHARACTER SET utf8mb4 COLLATE utf8mb4_unicode_ci NOT NULL,
  `name` varchar(255) CHARACTER SET utf8mb4 COLLATE utf8mb4_unicode_ci NOT NULL,
  `description` text CHARACTER SET utf8mb4 COLLATE utf8mb4_unicode_ci,
  `created_at` timestamp NULL DEFAULT NULL,
  `updated_at` timestamp NULL DEFAULT NULL,
  PRIMARY KEY (`id`)
) ENGINE=InnoDB AUTO_INCREMENT=78 DEFAULT CHARSET=utf8mb4 COLLATE=utf8mb4_unicode_ci;
/*!40101 SET character_set_client = @saved_cs_client */;

--
-- Dumping data for table `pocs`
--

LOCK TABLES `pocs` WRITE;
/*!40000 ALTER TABLE `pocs` DISABLE KEYS */;
INSERT INTO `pocs` VALUES (1,1,1,1,1,0,'SEMP','Systems Engineering Management Plan','','2023-10-29 12:06:45','2023-10-29 12:06:45'),(2,1,1,1,1,0,'RM','Requirement Management','','2023-10-29 12:06:45','2023-10-29 12:06:45'),(3,1,1,1,1,0,'QMP','Quality Management Plan','','2023-10-29 12:06:45','2023-10-29 12:06:45'),(4,1,1,1,1,0,'RMP','Risk Management Plan','','2023-10-29 12:06:45','2023-10-29 12:06:45'),(5,1,1,1,1,0,'IMP','Interface Management Plan','','2023-10-29 12:06:45','2023-10-29 12:06:45'),(6,1,1,1,1,0,'CMP','Configuration Management Plan','','2023-10-29 12:06:45','2023-10-29 12:06:45'),(7,1,1,1,1,0,'TPM','Technical Performance Measurement','','2023-10-29 12:06:45','2023-10-29 12:06:45'),(8,1,1,1,1,0,'TMP','Test Management Plan','','2023-10-29 12:06:45','2023-10-29 12:06:45'),(9,1,1,2,2,1,'BIRD','Building Interface Requirements Document','Definition of interfaces (foundation, mechanical, electrical, hydraulic, pneumatic, signal, etc.) between the equipment and the building.\n            ','2023-07-31 19:25:56','2023-07-31 19:25:56'),(10,1,1,2,2,1,'CMP','Configuration Management Plan','A document that defines in detail about the configuration management organization of the CONTRACTOR and their Configuration Control Board, all the activities that fall under configuration management including the selection and definition of configuration items, baselining of documents, configuration control methodology, configuration status accounting, configuration audits, data management, etc., in accordance with MIL-HDBK-61, MIL-STD-973, ANSI/EIA-649.','2023-07-31 19:25:56','2023-07-31 19:25:56'),(11,1,1,2,2,1,'CP','Cleaning Procedure','A detailed procedure that defines the cleaning operation to be done after hydrostatic testing and before painting of the PRV.','2023-07-31 19:25:56','2023-07-31 19:25:56'),(12,1,1,2,2,1,'DFMEA','Design Failure Modes and Effects Analysis','A document by the HPU detailed designer to validate the scenarios and risks covered during the detailed design and selection of components of HPU.\n            ','2023-07-31 19:25:56','2023-07-31 19:25:56'),(13,1,1,2,2,1,'DPS','Detailed Project Schedule','A detailed Project Schedule showing all the milestones to complete the Project.','2023-07-31 19:25:56','2023-07-31 19:25:56'),(14,1,1,2,2,1,'DVR','Design Verification Report','A document that justifies any requirement that has analysis/design as verification method set. All the verification evidence shall be clearly presented in this report.','2023-07-31 19:25:56','2023-07-31 19:25:56'),(15,1,1,2,2,1,'FATEP','Test and Evaluation Plan for Factory Acceptance Tests','Detailed test plan for FAT including hydrostatic testing.','2023-07-31 19:25:56','2023-07-31 19:25:56'),(16,1,1,2,2,1,'FATP','Factory Acceptance Test Procedures','Step by step procedure for each and every test in FAT.','2023-07-31 19:25:56','2023-07-31 19:25:56'),(17,1,1,2,2,1,'FATR','Factory Acceptance Tests Report','Summary of test procedure as run, presentation of test results and the final outcome.','2023-07-31 19:25:57','2023-07-31 19:25:57'),(18,1,1,2,2,1,'HTSD','Heat Treatment Specifications Document','A specification document that defines the details for complete heat treatment specifications, for all parts requiring heat treatment, to meet the properties specified on the drawings.','2023-07-31 19:25:57','2023-07-31 19:25:57'),(19,1,1,2,2,1,'ICD','Interface Control Document','All mechanical, electrical, hydraulic, pneumatic, etc. Interfaces are defined with appropriate drawings, sketches, signal names and parameters, etc. General dimensions of geometrical and the corresponding tolerances are included. Carriage and lifting interfaces, location of center of gravity, weights, allowable forces and moments on inlet and outlet line connections are shown.','2023-07-31 19:25:57','2023-07-31 19:25:57'),(20,1,1,2,2,1,'IP','Installation Plan','Summary of tasks to be done after FAT, on-site support equipment needed, summary of tasks to be done on-site for installation, schedules, etc. The plan shall include an Installation Manual appendix including the instructions for carriage, lifting and installation of the Pressure Regulating Valve. The Installation manual shall also include sketches that show the location of the center of gravity.','2023-07-31 19:25:57','2023-07-31 19:25:57'),(21,1,1,2,2,1,'MCRF','Manufacturers Change Request Forms','Formal request for changes including materials.','2023-07-31 19:25:57','2023-07-31 19:25:57'),(22,1,1,2,2,1,'MDSM','Manufacturers Drawings and Solid Models','Technical drawings for manufacturing and solid models (if available/needed). Drawings to: show scaled plan and elevation arrangement of the PRV with overall dimensions. show Sectional views as required. include all interface locations. give equipment weights. weld map (including list of approved welders).','2023-07-31 19:25:57','2023-07-31 19:25:57'),(23,1,1,2,2,1,'MP','Manufacturing Plan','A document that defines manufacturing and fabrication methods and sequences in order to satisfy all the requirements of the drawings, specifications, and site conditions.','2023-07-31 19:25:57','2023-07-31 19:25:57'),(24,1,1,2,2,1,'MRP','Material Resource Plan','A document that defines a traceability method for all the material (raw materials, bought out items, semi manufactured components, etc.) including material certification for all components to be used for PRV Assembly. The contractor shall provide Material Identification Report for all components as per EN10204-3.1 for pressure containing parts and EN10204-2.2 for other parts.','2023-07-31 19:25:57','2023-07-31 19:25:57'),(25,1,1,2,2,1,'MTEP','Master Test and Evaluation Plan','Master test plan summarizing the overall approach to tests, prerequisites for tests and any other relations between tests, including order of tests','2023-07-31 19:25:57','2023-07-31 19:25:57'),(26,1,1,2,2,1,'NDDIP','Non-Destructive and Destructive Inspection Plan','A document that sets down the program inspections, tests, and surveys needed for each specified work or materials of the project. The plan shall also include how the requirements in relation to control of production and service provisions set in ISO 9001 will be verified. The NDDIP shall also include the non-destructive evaluation (NDE) map.','2023-07-31 19:25:58','2023-07-31 19:25:58'),(27,1,1,2,2,1,'OMPRO','Operation and Maintenance Procedures','Handbooks , list of procedures, full instructions and other material as needed for installation, safe and efficient operation and maintenance of the equipment. The procedures shall include at least instructions of usage, periodic maintenance (including list of materials with limited life), verification, carriage and lifting, disposal and shall warn against known dangerous practices, misuses and residual risks, etc. in English and/or Turkish with a wording easy to understand. Procedures shall include arrangement drawings and sectional views in reduced form to fully explain the arrangement, detailed parts list, parts identification data and manufacturer\'s instruction pamphlets for each device, name and location of supplier, date of issue, lubrication charts and all necessary operational and maintenance information with a detailed index, clearance, installation, operation, function of the PRV, as required for future maintenance and troubleshooting of the PRV. Special tool(s) used and bolt torque report shall also be part of the submitted documents. Calibration adjustments and related criteria shall also be provided. Starting and stopping procedures and the proper means for setting controls to obtain the desired operating conditions shall be included. Maintenance procedures shall also list the limited life material and their replacement/refitting periods. For hydraulic system, pressure drop due to all equipment (hosing, fitting, tubing, etc.) shall be given with relevant schematics.','2023-07-31 19:25:58','2023-07-31 19:25:58'),(28,1,1,2,2,1,'OSATEP','Test and Evaluation Plan for On Site Acceptance Tests','Detailed test plan for OSAT.','2023-07-31 19:25:58','2023-07-31 19:25:58'),(29,1,1,2,2,1,'OSATP','On Site Acceptance Test Procedures','Step by step procedure for each and every test in OSAT.','2023-07-31 19:25:58','2023-07-31 19:25:58'),(30,1,1,2,2,1,'OSATR','On Site Acceptance Test Report','Summary of test procedure as run, presentation of test results and the final outcome.','2023-07-31 19:25:58','2023-07-31 19:25:58'),(31,1,1,2,2,1,'PID','P&ID, Piping and instrumentation diagrams','The detailed lay out (top-view) drawing (indicating skeletal dimensions and to scale) of the pipe line off all the process fluid circuit and pipe line of instrumentation system shall be made. A master pipe line layout shall be made covering the pipe lines over the entire facility area in a single drawing. For the sake of better legibility, segmental pipe-line lay-out drawings shall be made in convenient numbers of segments of any area showing all the pipelines in a magnified scale. The 3-dimensional isometric drawings of the individual pipe-line segments and the necessary pipe stress analysis accounting critical operating conditions shall be made. The drawings shall be fully dimensioned and show the locations of fittings, flow components, instruments, pipe supports, etc. Each isomeric drawing shall contain the detailed Bill of Materials (BOM). The drawings shall be made on appropriate CAD software and provided to the Department (soft and hard copy).','2023-07-31 19:25:58','2023-07-31 19:25:58'),(32,1,1,2,2,1,'PS','Painting Procedures','A detailed procedure that defines the painting operation to be done after cleaning of the PRV.','2023-07-31 19:25:58','2023-07-31 19:25:58'),(33,1,1,2,2,1,'QCR','Quality Control Reports','Quality control reports including dimensional measurements, material tests, non-destructive and destructive tests, etc.','2023-07-31 19:25:58','2023-07-31 19:25:58'),(34,1,1,2,2,1,'QMP','Quality Management Plan','A document that specifies quality standards, practices, resources, specifications, and the sequence of activities relevant to a PRV, in accordance with ISO 9001.','2023-07-31 19:25:58','2023-07-31 19:25:58'),(35,1,1,2,2,1,'RMP','Risk Management Plan','A document that defines the CONTRACTOR processes to identify and manage the risks during the contract.','2023-07-31 19:25:58','2023-07-31 19:25:58'),(36,1,1,2,2,1,'SCTR','Subsystem/component Test Reports','Any test result available for subsystem/component level needed for verification activities.','2023-07-31 19:25:59','2023-07-31 19:25:59'),(37,1,1,2,2,1,'SPL','Spare Parts List','The priced list of Spare Parts to keep the functionality of the Pressure Regulating Valve above 97%','2023-07-31 19:25:59','2023-07-31 19:25:59'),(38,1,1,2,2,1,'TDAB','As built technical drawings','Technical drawings and solid models (if available) as built.','2023-07-31 19:25:59','2023-07-31 19:25:59'),(39,1,1,2,2,1,'TDAI','As Installed Technical Drawings','Technical drawings and solid models (if available) as installed in the facility. ','2023-07-31 19:25:59','2023-07-31 19:25:59'),(40,1,1,2,2,1,'TPIR','Third Party Inspection Report','A document according to BS EN ISO/IEC 17020:2012 that contains conformity assessment of Third Party on the Pressure Regulating Valve manufacture, final inspection and testing ','2023-07-31 19:25:59','2023-07-31 19:25:59'),(41,1,1,2,2,1,'VCD','Verification Control Document','A document that traces the verification of requirements throughout the design and testing. ','2023-07-31 19:25:59','2023-07-31 19:25:59'),(42,1,1,2,2,1,'VR','Verification Report','All the evidence for verification of the requirements whose verification methods are design/analyses, analogy, examination and demonstration. Where necessary the Verification Report presents the results of the previous test results conducted on a Valve Assembly from the same family with the one that is specified in the 199-159202-001 document. ','2023-07-31 19:25:59','2023-07-31 19:25:59'),(43,1,1,2,2,1,'WPQR','Welding Procedure Qualification Report','A qualification report of welding procedures in accordance with ASME Boiler and Pressure Vessel Code Sec. IX. WPQR shall be approved by a Recognized Third Party.','2023-07-31 19:25:59','2023-07-31 19:25:59'),(44,1,1,2,2,1,'WPS','Welding Procedure Specification','Detailed specification of welding procedures in accordance with ASME Boiler and Pressure Vessel Code Sec. IX.','2023-07-31 19:25:59','2023-07-31 19:25:59'),(45,8,8,2,4,3,'IR','Inspection Report','<p>A report for documenting all records of inspections (dimensions, alignment measurements) performed on site during installation and assembly</p>','2023-12-25 18:38:30','2023-12-25 18:38:30'),(46,8,8,2,4,3,'ATP','Acceptance Test Procedure','<p style=\"margin-left:0px;\"><strong>1. Introduction</strong></p><ul><li>Clearly state the purpose of the ATP and the system or feature under test.</li><li>Identify the stakeholders involved (e.g., testers, developers, customers).</li><li>Specify applicable documentation (e.g., requirements specifications, design documents).</li></ul><p style=\"margin-left:0px;\"><strong>2. Scope</strong></p><ul><li>Define the specific features and functionalities to be tested.</li><li>Indicate any exclusions or limitations of the testing scope.</li></ul><p style=\"margin-left:0px;\"><strong>3. Test Environment</strong></p><ul><li>Describe the hardware, software, and network configuration required for testing.</li><li>List any prerequisites or dependencies.</li></ul><p style=\"margin-left:0px;\"><strong>4. Test Data</strong></p><ul><li>Specify the types of test data to be used (e.g., valid, invalid, edge cases).</li><li>Outline data preparation and management procedures.</li><li>Address data privacy and security concerns.</li></ul><p style=\"margin-left:0px;\"><strong>5. Test Cases</strong></p><ul><li>List detailed test cases, including:<ul><li>Test case ID</li><li>Description of the test scenario</li><li>Preconditions or setup steps</li><li>Test steps</li><li>Expected results</li><li>Acceptance criteria (pass/fail conditions)</li></ul></li></ul><p style=\"margin-left:0px;\"><strong>6. Test Execution</strong></p><ul><li>Explain the process for executing test cases, including:<ul><li>Test execution environment setup</li><li>Test case execution order</li><li>Defect logging and reporting procedures</li></ul></li></ul><p style=\"margin-left:0px;\"><strong>7. Test Results Evaluation</strong></p><ul><li>Define how test results will be evaluated against acceptance criteria.</li><li>Describe the process for identifying and reporting defects.</li></ul><p style=\"margin-left:0px;\"><strong>8. Acceptance Criteria</strong></p><ul><li>Clearly state the specific conditions that must be met for the system to be considered acceptable.</li><li>Include both functional and non-functional requirements (e.g., performance, usability).</li></ul><p style=\"margin-left:0px;\"><strong>9. Defect Management</strong></p><ul><li>Outline the process for handling defects found during testing, including:<ul><li>Defect reporting and tracking</li><li>Defect resolution and retesting</li><li>Acceptance of defects (if applicable)</li></ul></li></ul><p style=\"margin-left:0px;\"><strong>10. Approvals</strong></p><ul><li>Specify the roles and responsibilities for approving test results and system acceptance.</li></ul><p style=\"margin-left:0px;\"><strong>11. Additional Considerations</strong></p><ul><li>Test execution schedule and timeline</li><li>Roles and responsibilities of testers and other stakeholders</li><li>Risk assessment and mitigation strategies</li><li>Change management procedures for handling updates to the system or test cases</li><li>Traceability matrix linking test cases to requirements</li><li>Regression testing strategy to ensure continued system quality</li></ul>','2023-12-30 16:19:11','2023-12-30 16:19:11'),(47,8,8,2,4,3,'ABD','As Built Drawing','<p>Drawings depicting for modifications and changes that have been made, either in the shop or at site by the Contractor.</p>','2023-12-30 16:29:12','2023-12-30 16:43:38'),(48,8,8,2,4,3,'OM','Operating Manual',NULL,'2023-12-30 16:52:51','2023-12-30 16:52:51'),(49,8,8,2,4,3,'MM','Maintenance Manual',NULL,'2023-12-30 16:54:21','2023-12-30 16:54:21'),(50,8,8,2,4,3,'ITR','Inspection Test Report',NULL,'2023-12-30 17:04:52','2023-12-30 17:04:52'),(51,8,8,2,4,3,'FNPMP','Flexible Nozzle Plates Manufacturing Plan','<p>This plan shall as a minimum include:</p><ul><li>Flexible Nozzle Plates Raw Material Procurement Procedure</li><li>Flexible Nozzle Plates Material Inspection (Test) Procedure</li><li>Flexible Nozzle Plates Corrosion Protection and Painting System Selection Procedure</li><li>Flexible Nozzle Plates Machining Procedure</li><li>Flexible Nozzle Plates Dimensional Inspection (Machined) Procedure&nbsp;</li><li>Flexible Nozzle Plates Spare Part Storing Procedure</li><li>Flexible Nozzle Plates Shipping Procedure</li></ul>','2024-01-01 12:52:04','2024-01-01 12:52:04'),(52,8,8,2,4,3,'FNPMP',' Flexible Nozzle Plate Machining Procedure ',NULL,'2024-01-01 13:14:52','2024-01-01 13:14:52'),(53,8,8,2,4,3,'PMR','Program Management Plan',NULL,'2024-01-02 18:12:38','2024-01-02 18:12:38'),(54,8,8,2,4,3,'MP','Manufacturing Plan',NULL,'2024-01-02 18:25:48','2024-01-02 18:25:48'),(55,9,9,2,4,3,'MTEP','Master Test and Evaluation Plan ',NULL,'2024-01-10 14:10:59','2024-01-10 14:12:48'),(56,9,9,2,4,3,'NDDIP','Non-Destructive and Destructive Inspection Plan ',NULL,'2024-01-10 14:11:53','2024-01-10 14:12:58'),(57,9,9,2,4,3,'HTSD','Heat Treatment Specifications Document',NULL,'2024-01-10 14:15:30','2024-01-10 14:15:30'),(58,9,9,2,4,3,'FATP','Factory Acceptance Test Procedures',NULL,'2024-01-10 14:17:08','2024-01-10 14:17:08'),(59,9,9,2,4,3,'FATEP','Factory Acceptance Test and Evaluation Plan',NULL,'2024-01-10 14:18:26','2024-01-10 14:18:26'),(60,9,9,2,4,3,'DPS','Detailed Project Schedule',NULL,'2024-01-10 14:19:42','2024-01-10 14:19:50'),(61,9,9,2,4,3,'WPQR','Welding Procedure Qualification Report',NULL,'2024-01-10 14:21:14','2024-01-10 14:21:14'),(62,9,9,2,4,3,'WPS','Welding Procedure Specification',NULL,'2024-01-10 14:22:05','2024-01-10 14:22:05'),(63,9,9,2,4,3,'QMP','Quality Management Plan',NULL,'2024-01-10 14:36:36','2024-01-10 14:36:36'),(64,9,9,2,4,3,'MRP','Material Resource Plan',NULL,'2024-01-10 14:42:18','2024-01-10 14:42:18'),(65,9,9,2,4,3,'DVR','Design Verification Report ',NULL,'2024-01-10 14:46:18','2024-01-10 14:46:18'),(66,9,9,2,4,3,'TPIR','Third Party Inspection Report ',NULL,'2024-01-10 14:48:28','2024-01-10 14:48:28'),(67,9,9,2,4,3,'QCR','Quality Control Reports',NULL,'2024-01-10 14:49:25','2024-01-10 14:49:25'),(68,9,9,2,4,3,'OMPRO','Operation and Maintenance Procedures',NULL,'2024-01-10 14:53:02','2024-01-10 14:53:02'),(69,9,9,2,4,3,'SPL','Spare Parts List',NULL,'2024-01-10 14:55:19','2024-01-10 14:55:19'),(70,9,9,2,4,3,'VCR','Verification Control Document',NULL,'2024-01-10 15:02:29','2024-01-10 15:02:29'),(71,9,9,2,4,3,'VR','Verification Report',NULL,'2024-01-10 15:04:14','2024-01-10 15:04:14'),(72,9,9,2,4,3,'SD','Shop Drawings',NULL,'2024-01-10 15:05:18','2024-01-10 15:05:18'),(73,9,9,2,4,3,'CMP','Configuration Management Plan',NULL,'2024-01-10 15:07:40','2024-01-10 15:07:40'),(74,9,9,2,0,3,'PP','Painting Procedures',NULL,'2024-01-10 15:20:40','2024-01-11 17:16:56'),(75,9,9,2,4,3,'RMP','Risk Management Plan',NULL,'2024-01-10 15:21:47','2024-01-10 15:21:47'),(76,9,9,2,4,3,'EAC','Equipment Acceptance Certificate',NULL,'2024-01-11 13:10:20','2024-01-11 13:10:20'),(77,9,9,2,4,3,'PP','Painting Procedures',NULL,'2024-01-11 17:18:34','2024-01-11 17:18:34');
/*!40000 ALTER TABLE `pocs` ENABLE KEYS */;
UNLOCK TABLES;

--
-- Table structure for table `project_user`
--

DROP TABLE IF EXISTS `project_user`;
/*!40101 SET @saved_cs_client     = @@character_set_client */;
/*!50503 SET character_set_client = utf8mb4 */;
CREATE TABLE `project_user` (
  `project_id` bigint unsigned NOT NULL,
  `user_id` bigint unsigned NOT NULL,
  `created_at` timestamp NULL DEFAULT NULL,
  `updated_at` timestamp NULL DEFAULT NULL,
  KEY `project_user_project_id_foreign` (`project_id`),
  KEY `project_user_user_id_foreign` (`user_id`),
  CONSTRAINT `project_user_project_id_foreign` FOREIGN KEY (`project_id`) REFERENCES `projects` (`id`) ON DELETE CASCADE,
  CONSTRAINT `project_user_user_id_foreign` FOREIGN KEY (`user_id`) REFERENCES `users` (`id`) ON DELETE CASCADE
) ENGINE=InnoDB DEFAULT CHARSET=utf8mb4 COLLATE=utf8mb4_unicode_ci;
/*!40101 SET character_set_client = @saved_cs_client */;

--
-- Dumping data for table `project_user`
--

LOCK TABLES `project_user` WRITE;
/*!40000 ALTER TABLE `project_user` DISABLE KEYS */;
INSERT INTO `project_user` VALUES (2,8,'2024-01-07 12:47:41','2024-01-07 12:47:41'),(4,8,'2024-01-07 12:47:41','2024-01-07 12:47:41'),(2,9,'2024-01-07 12:47:52','2024-01-07 12:47:52'),(4,9,'2024-01-07 12:47:52','2024-01-07 12:47:52'),(2,3,'2024-01-07 12:48:03','2024-01-07 12:48:03'),(4,3,'2024-01-07 12:48:03','2024-01-07 12:48:03');
/*!40000 ALTER TABLE `project_user` ENABLE KEYS */;
UNLOCK TABLES;

--
-- Table structure for table `projects`
--

DROP TABLE IF EXISTS `projects`;
/*!40101 SET @saved_cs_client     = @@character_set_client */;
/*!50503 SET character_set_client = utf8mb4 */;
CREATE TABLE `projects` (
  `id` bigint unsigned NOT NULL AUTO_INCREMENT,
  `updated_uid` int NOT NULL,
  `user_id` bigint unsigned NOT NULL,
  `company_id` bigint unsigned NOT NULL,
  `code` varchar(255) CHARACTER SET utf8mb4 COLLATE utf8mb4_unicode_ci NOT NULL,
  `title` varchar(255) CHARACTER SET utf8mb4 COLLATE utf8mb4_unicode_ci NOT NULL,
  `created_at` timestamp NULL DEFAULT NULL,
  `updated_at` timestamp NULL DEFAULT NULL,
  PRIMARY KEY (`id`)
) ENGINE=InnoDB AUTO_INCREMENT=6 DEFAULT CHARSET=utf8mb4 COLLATE=utf8mb4_unicode_ci;
/*!40101 SET character_set_client = @saved_cs_client */;

--
-- Dumping data for table `projects`
--

LOCK TABLES `projects` WRITE;
/*!40000 ALTER TABLE `projects` DISABLE KEYS */;
INSERT INTO `projects` VALUES (1,1,1,1,'AppProject','Generic Project for App','2023-10-29 12:06:45','2023-10-29 12:06:45'),(2,1,1,2,'YHRT','Yüksek Hızlı Rüzgar Tüneli Projesi','2023-07-31 19:15:13','2023-07-31 19:15:13'),(3,1,1,3,'MTDP','Mastech Deneme Projesi','2023-10-29 12:06:45','2023-10-29 12:06:45'),(4,1,1,2,'YHRT-2','YHRT, Flexible Nozzle, Flexible Plate and Model Cart System','2024-01-07 12:46:17','2024-01-07 12:46:17');
/*!40000 ALTER TABLE `projects` ENABLE KEYS */;
UNLOCK TABLES;

--
-- Table structure for table `requirement_test`
--

DROP TABLE IF EXISTS `requirement_test`;
/*!40101 SET @saved_cs_client     = @@character_set_client */;
/*!50503 SET character_set_client = utf8mb4 */;
CREATE TABLE `requirement_test` (
  `requirement_id` bigint unsigned NOT NULL,
  `test_id` bigint unsigned NOT NULL,
  `created_at` timestamp NULL DEFAULT NULL,
  `updated_at` timestamp NULL DEFAULT NULL,
  KEY `requirement_test_requirement_id_foreign` (`requirement_id`),
  KEY `requirement_test_test_id_foreign` (`test_id`),
  CONSTRAINT `requirement_test_requirement_id_foreign` FOREIGN KEY (`requirement_id`) REFERENCES `requirements` (`id`) ON DELETE CASCADE,
  CONSTRAINT `requirement_test_test_id_foreign` FOREIGN KEY (`test_id`) REFERENCES `tests` (`id`) ON DELETE CASCADE
) ENGINE=InnoDB DEFAULT CHARSET=utf8mb4 COLLATE=utf8mb4_unicode_ci;
/*!40101 SET character_set_client = @saved_cs_client */;

--
-- Dumping data for table `requirement_test`
--

LOCK TABLES `requirement_test` WRITE;
/*!40000 ALTER TABLE `requirement_test` DISABLE KEYS */;
INSERT INTO `requirement_test` VALUES (422,4,'2023-12-31 21:17:30','2023-12-31 21:17:30'),(446,11,'2024-01-01 11:52:49','2024-01-01 11:52:49');
/*!40000 ALTER TABLE `requirement_test` ENABLE KEYS */;
UNLOCK TABLES;

--
-- Table structure for table `requirements`
--

DROP TABLE IF EXISTS `requirements`;
/*!40101 SET @saved_cs_client     = @@character_set_client */;
/*!50503 SET character_set_client = utf8mb4 */;
CREATE TABLE `requirements` (
  `id` bigint unsigned NOT NULL AUTO_INCREMENT,
  `updated_uid` int NOT NULL,
  `user_id` bigint unsigned NOT NULL,
  `company_id` bigint unsigned NOT NULL,
  `project_id` bigint unsigned NOT NULL,
  `endproduct_id` bigint unsigned DEFAULT NULL,
  `chapter_id` bigint DEFAULT NULL,
  `requirement_no` int NOT NULL,
  `revision` int NOT NULL DEFAULT '1',
  `is_latest` tinyint(1) NOT NULL DEFAULT '1',
  `cross_ref_no` varchar(255) CHARACTER SET utf8mb4 COLLATE utf8mb4_unicode_ci DEFAULT NULL,
  `rtype` varchar(255) CHARACTER SET utf8mb4 COLLATE utf8mb4_unicode_ci NOT NULL,
  `title` varchar(255) COLLATE utf8mb4_unicode_ci DEFAULT NULL,
  `source` varchar(255) CHARACTER SET utf8mb4 COLLATE utf8mb4_unicode_ci DEFAULT NULL,
  `text` text CHARACTER SET utf8mb4 COLLATE utf8mb4_unicode_ci NOT NULL,
  `remarks` text CHARACTER SET utf8mb4 COLLATE utf8mb4_unicode_ci,
  `status` varchar(255) CHARACTER SET utf8mb4 COLLATE utf8mb4_unicode_ci NOT NULL DEFAULT 'Verbatim',
  `created_at` timestamp NULL DEFAULT NULL,
  `updated_at` timestamp NULL DEFAULT NULL,
  PRIMARY KEY (`id`)
) ENGINE=InnoDB AUTO_INCREMENT=461 DEFAULT CHARSET=utf8mb4 COLLATE=utf8mb4_unicode_ci;
/*!40101 SET character_set_client = @saved_cs_client */;

--
-- Dumping data for table `requirements`
--

LOCK TABLES `requirements` WRITE;
/*!40000 ALTER TABLE `requirements` DISABLE KEYS */;
INSERT INTO `requirements` VALUES (1,1,1,2,2,1,NULL,1,1,1,'GR-1','GR',NULL,'RFP','<p>Unless otherwise stated, the security clearance level for the project shall be UNCLASSFIED.</p>',NULL,'Verbatim','2023-07-01 04:33:31','2023-07-02 20:44:12'),(2,1,1,2,2,1,NULL,2,1,1,'GR-2','GR',NULL,'RFP','<p>The CONTRACTOR shall have PED 2014/68/EU certificate issued by an accredited organization.</p>',NULL,'Verbatim','2023-07-01 04:33:31','2023-07-02 20:44:23'),(3,1,1,2,2,1,NULL,3,1,1,'GR-3','GR',NULL,'RFP','<p>The components and systems shall be complete in all details in accordance with requirements matrix and all its references to satisfy the performance requirements, where specified.</p>',NULL,'Verbatim','2023-07-01 04:33:31','2023-07-02 20:44:32'),(4,1,1,2,2,1,NULL,4,1,1,'GR-4','GR',NULL,'RFP','<p>The supplies to be delivered within the scope of this project shall be new, not used or refurbished.</p><ul><li>GR-4.1 The materials, equipment methods of construction and installation shall conform to the applicable standards cited in this document, 199-159202-001 and all the annexes, and applicable ASME and EN standards and specifications.</li><li>GR-4.2 The CONTRACTOR shall prove with EN 10204 3.1 Certificate(s) and other quality recordings (if present) that the raw materials and bought out items are in accordance with the Contract and all its Annexes and all its references.</li><li>GR-4.3 The CONTRACTOR shall only proceed with manufacturing, if the raw material are approved by the ADMINISTRATION.</li><li>GR-4.4 Only raw materials and bought out items designated as authentic (not counterfeit) in accordance with SAE AS 6174 shall be used in the PRV.</li><li>GR-4.5 All materials used in the construction of the PRV components and other equipment shall be examined and tested at the mills in accordance with the requirements established by the material specifications.</li><li>GR-4.6 Reports of all mill tests, including analyses and physical tests, shall be retained by the CONTRACTOR and submitted to the ADMINISTRATION upon request at any time during the course of the Contract.</li><li>GR-4.7 The CONTRACTOR shall maintain an effective means of identification of material from time it is shipped from the mill to the time it is fabricated in the shop or assembled in the field.</li></ul>',NULL,'Verbatim','2023-07-01 04:33:31','2023-07-03 18:31:17'),(5,1,1,2,2,1,NULL,5,1,1,'GR-5','GR',NULL,'RFP','<p>CONTRACTOR shall prepare documents given in 001-159202-001-R01 Statement of Work and deliver them in accordance with the data packages and schedules as defined in 019-159202-001-R02 Project and Deliveries Schedules</p><ul><li>GR-5.1 All project documentation to be delivered to the ADMINISTRATION shall be in digital format and accessible by using Adobe PDF Viewer in addition to the single signed and&nbsp;stamped printed copy, unless otherwise stated by the ADMINISTRATION,</li><li>GR-5.2 All project documentation to be delivered to the ADMINISTRATION shall be in&nbsp;English or Turkish,</li><li>GR-5.3 CAD drawings to be delivered to the ADMINISTRATION, .dwg format and .x_t&nbsp;parts shall be provided, unless other format is declared by ADMINISTRATION during the course&nbsp;of the project.</li></ul>',NULL,'Verbatim','2023-07-01 04:33:31','2023-07-03 18:31:58'),(6,1,1,2,2,1,NULL,6,1,1,'GR-6','GR',NULL,'RFP','<p>Approval by the ADMINISTRATION of the CONTRACTOR\'s drawings and documents shall not relieve the CONTRACTOR from the responsibility for any error or omission therein, or from&nbsp;any obligation or liability under the Contract.</p>',NULL,'Verbatim','2023-07-01 04:33:31','2023-07-02 20:44:59'),(7,1,1,2,2,1,NULL,7,1,1,'GR-7','GR',NULL,'RFP','<p>The CONTRACTOR shall work with a Recognized Third Party for the conformity assessment on the Pressure Regulating Valve manufacture, final inspection and testing.</p><ul><li>GR-7.1 The Recognized Third Party is subject to ADMINISTRATION approval.</li><li>GR-7.2 During the course of the contract, ADMINISTRATION has right to change the Recognized Third Party anytime. In such a case all the associated costs shall be covered by the CONTRACTOR and selection of the new Recognized Third Party is subject to&nbsp;GR-7.1</li></ul>',NULL,'Verbatim','2023-07-01 04:33:31','2023-07-03 18:32:37'),(8,1,1,2,2,1,NULL,8,1,1,'GR-8','GR',NULL,'RFP','<p>For any activity to be held at CONTRACTOR or CONTRACTOR’s subcontractor facility for which ADMINISTRATION representative(s) will be present, CONTRACTOR shall be responsible for arranging transportation to and from the facility for ADMINISTRATION representative(s)&nbsp;(excluding airline tickets and transportation within Turkey).</p>',NULL,'Verbatim','2023-07-01 04:33:31','2023-07-02 20:45:29'),(9,1,1,2,2,1,NULL,9,1,1,'GR-9','GR',NULL,'RFP','<p>For any activity to be held at CONTRACTOR or CONTRACTOR’s subcontractor facility for which ADMINISTRATION representative(s) will be present, CONTRACTOR shall be responsible for arranging decent and internationally recognized accommodation for ADMINISTRATION&nbsp;representative(s).</p>',NULL,'Verbatim','2023-07-01 04:33:31','2023-07-02 20:45:39'),(10,1,1,2,2,1,NULL,10,1,1,'GR-10','GR',NULL,'RFP','<p>CONTRACTOR shall manage the technical requirements defined in 199-159202-001-R02 Specifications and Requirements.</p><ul><li>GR-10.1 If any derived requirement is devised during the course of the project, CONTRACTOR shall update the list of requirements and submit the new requirement for review and approval of the ADMINISTRATION.</li><li>GR-10.2 If for any reason, CONTRACTOR requests an update or cancellation of a requirement, a detailed technical explanation shall be submitted to the ADMINISTRATION for review and approval.</li></ul>',NULL,'Verbatim','2023-07-01 04:33:31','2023-07-03 18:33:14'),(11,1,1,2,2,1,NULL,11,1,1,'GR-11','GR',NULL,'RFP','<p>CONTRACTOR shall submit all data packages in full for Technical Review Meetings in accordance with 019-159202-001-R02 Project and Deliveries Schedules (or DPS when approved by ADMINISTRATION).</p><ul><li>GR-11.1 Data packages shall be delivered in full at least 21 days in advance of the associated review meeting, as shown in 019-159202-001-R02 Project and Deliveries Schedules delivered with missing&nbsp;documentation will be deemed as not delivered.</li></ul>',NULL,'Verbatim','2023-07-01 04:33:31','2023-07-03 18:33:42'),(12,1,1,2,2,1,NULL,12,1,1,'GR-12','GR',NULL,'RFP','<p>CONTRACTOR shall submit technical review meeting presentation with below defined detail (Technical Review Meetings are listed in 019-159202-001-R02 Project and Deliveries Schedules) at least 7 days prior to technical review&nbsp;meeting dates outlined in 019-159202-001-R02 Project and Deliveries Schedules (or DPS when approved by ADMINISTRATION)</p><ul><li>GR-12.1 Documents to be reviewed in the associated technical review</li><li>GR-12.2 Status of Verification and Validation Activities since last technical review</li><li>GR-12.3 Updates to any previously reviewed document</li></ul>',NULL,'Verbatim','2023-07-01 04:33:31','2023-07-03 18:34:12'),(13,1,1,2,2,1,NULL,13,1,1,'GR-13','GR',NULL,'RFP','<p>CONTRACTOR shall revise the deliverable documents in accordance with the outcome of Technical Review Meetings within the dates shown in 019-159202-001-R02 Project and Deliveries Schedules (or DPS when approved&nbsp;by ADMINISTRATION) and re-submit them.</p>',NULL,'Verbatim','2023-07-01 04:33:31','2023-07-02 20:46:24'),(14,1,1,2,2,1,NULL,14,1,1,'GR-14','GR',NULL,'RFP','<p>The CONTRACTOR may update the dates of Detailed Project Schedule (DPS) as long as the following items are respected.</p><ul><li>GR-14.1 The “End Criteria” dates defined in 019-159202-001-R02 Project and Deliveries Schedules shall remain unchanged, unless approved by ADMINISTRATION per Contract clauses.</li><li>GR-14.2 GR-11.1 is respected.</li><li>GR-14.3 CONTRACTOR shall submit their update request for date of any meeting or test&nbsp;requiring participation of ADMINISTRATION, at least eight (8) weeks in advance.</li></ul>',NULL,'Verbatim','2023-07-01 04:33:31','2023-07-03 18:35:14'),(15,1,1,2,2,1,NULL,15,1,1,'GR-15','GR',NULL,'RFP','<p>The CONTRACTOR shall report project progress on DPS and submit to&nbsp;ADMINISTRATION for review during Project Progress Meetings.</p>',NULL,'Verbatim','2023-07-01 04:33:31','2023-07-02 20:49:26'),(16,1,1,2,2,1,NULL,16,1,1,'GR-16','GR',NULL,'RFP','<p>The CONTRACTOR shall have a Quality Management System in accordance with ISO 9001, AS9100 or equivalent.</p><ul><li>GR-16.1 The Contractor shall maintain and when necessary, update the Quality Management Plan throughout the term of the Contract, and provide the updated Quality Plan to&nbsp;the Contracting Entity for approval.</li></ul>',NULL,'Verbatim','2023-07-01 04:33:31','2023-07-02 20:50:26'),(17,1,1,2,2,1,NULL,17,1,1,'GR-17','GR',NULL,'RFP','<p>The CONTRACTOR shall designate an experienced and knowledgeful engineer (demonstrated similar role experience on a similar project) of his as Quality Assurance Representative, latest by Kick – off meeting.</p><ul><li>GR-17.1 Quality Assurance Representative shall have completed standard training as referenced by the quality management system of the CONTRACTOR.</li><li>GR-17.2 Quality Assurance Representative shall be responsible for assuring all the processes and the final product (PRV) is in accordance with Contract and all of its annexes and references.</li><li>GR-17.3 In case the Quality Assurance Representative is replaced by the CONTRACTOR for any reason, the change shall be made known to the ADMINISTRATION at most within two (2) weeks.</li><li>GR-17.4 The ADMINISTRATION has every right to request the replacement of the Quality Assurance Representative at any time. In this case the CONTRACTOR shall designate a new&nbsp;Quality Assurance Representative at most within two (2) weeks.</li></ul>',NULL,'Verbatim','2023-07-01 04:33:31','2023-07-02 20:52:08'),(18,1,1,2,2,1,NULL,18,1,1,'GR-18','GR',NULL,'RFP','<p>The CONTRACTOR shall employ qualified and trained quality control personnel with at&nbsp;least 2 years’ experience for the use of CMM (Coordinate Measuring Machines), optical scanning and other special devices.</p><ul><li>GR-18.1 The CONTRACTOR shall submit proof of training, qualification and experience&nbsp;if and when asked by the ADMINISTRATION.</li></ul>',NULL,'Verbatim','2023-07-01 04:33:31','2023-07-02 20:53:45'),(19,1,1,2,2,1,NULL,19,1,1,'GR-19','GR',NULL,'RFP','<p>All changes shall be configuration controlled and subject to ADMINISTRATION approval&nbsp;after CMR.</p>',NULL,'Verbatim','2023-07-01 04:33:31','2023-07-02 20:54:34'),(20,1,1,2,2,1,NULL,20,1,1,'GR-20','GR',NULL,'RFP','<p>The CONTRACTOR shall record all the critical manufacturing and testing activities with at least HD video cameras and submit recordings to the ADMINISTRATION as a part of the&nbsp;associated data package.</p>',NULL,'Verbatim','2023-07-01 04:33:31','2023-07-02 20:55:10'),(21,1,1,2,2,1,NULL,21,1,1,'GR-21','GR',NULL,'RFP','<p>The CONTRACTOR shall pack the deliverables to keep them free of damage with appropriate shock and temperature sensors, etc. for the transfer of the deliveries to TÜBİTAK-SAGE&nbsp;Facility in Ankara.</p>',NULL,'Verbatim','2023-07-01 04:33:31','2023-07-02 20:56:36'),(22,1,1,2,2,1,NULL,22,1,1,'GR-22','GR',NULL,'RFP','<p>The CONTRACTOR may transport the Pressure Regulating Valve as major components, i.e. Valve Body, hydraulic cylinder, etc. In this case, the CONTRACTOR shall provide all the gaskets, bolts and necessary equipment required for assembling of the Pressure Regulating&nbsp;Valve.</p>',NULL,'Verbatim','2023-07-01 04:33:31','2023-07-02 20:58:48'),(23,1,1,2,2,1,NULL,23,1,1,'GR-23','GR',NULL,'RFP','<p>Marking and traceability labels shall be put on the Pressure Assembly Valve and all the parts of it and on their packages describing, at least, “Item Description”, “Model”, “Part Number”, “Part Number Revision Number”, “Serial Number”, “Manufacturing Date”, “Company Name” and etc.&nbsp;in English.</p>',NULL,'Verbatim','2023-07-01 04:33:31','2023-07-02 21:01:00'),(24,1,1,2,2,1,NULL,24,1,1,'GR-24','GR',NULL,'RFP','<p>The CONTRACTOR shall make the equipment package and preparation suitable for at least 6 months of outdoor storage with no maintenance requirement, starting from packaging date&nbsp;at either ADMINISTRATION or CONTRACTOR facilities.</p>',NULL,'Verbatim','2023-07-01 04:33:31','2023-07-02 21:02:01'),(25,1,1,2,2,1,NULL,25,1,1,'GR-25','GR',NULL,'RFP','<p>CONTRACTOR shall ship the PRV only after written consent (Authorization to Ship) from&nbsp;ADMINISTRATION.</p>',NULL,'Verbatim','2023-07-01 04:33:31','2023-07-02 21:04:42'),(26,1,1,2,2,1,NULL,26,1,1,'GR-26','GR',NULL,'RFP','<p>The CONTRACTOR shall warrant that all supplies with installed accessories, equipment and components shall be free of defects in design, materials, installation and/or workmanship and shall conform to all requirements of the 199-159202-001-R02 Specifications and Requirements for a period of forty-eight (48) calendar months after the date of OSAT sub-phase end 019-159202-001-R02 Project and Deliveries Schedules.</p><ul><li>GR-26.1 Conditions resulting from normal wear and tear, and the need for regular&nbsp;maintenance and overhaul, shall not constitute a defect under this warranty.</li></ul>',NULL,'Verbatim','2023-07-01 04:33:31','2023-07-02 21:07:25'),(27,1,1,2,2,1,NULL,27,1,1,'GR-27','GR',NULL,'RFP','<p>The CONTRACTOR shall provide repair and maintenance services as per the&nbsp;ADMINISTRATION\'s requests during the period of warranty.</p>',NULL,'Verbatim','2023-07-01 04:33:31','2023-07-02 21:08:21'),(28,1,1,2,2,1,NULL,28,1,1,'GR-28','GR',NULL,'RFP','<p>In case the requirement for repair and maintenance is due to misuse of the PRV by the ADMINISTRATION the CONTRACTOR may charge the cost of provided services.</p>',NULL,'Verbatim','2023-07-01 04:33:31','2023-07-02 21:08:51'),(29,1,1,2,2,1,NULL,29,1,1,'GR-29','GR',NULL,'RFP','<p>The CONTRACTOR shall provide supply of spare parts during the warranty period.</p>',NULL,'Verbatim','2023-07-01 04:33:31','2023-07-02 21:09:19'),(30,1,1,2,2,1,NULL,30,1,1,'GR-30','GR',NULL,'RFP','<p>Non-destructive inspection and quality control activities shall be conducted (at least Level 1) and approved (at least Level 2) by trained and certified (in accordance with standards such as EN ISO 9712, AISI/ASNT-CP-189, SNT-TC-1A, NAS 410, etc.) personnel of the CONTRACTOR.</p>',NULL,'Verbatim','2023-07-01 04:33:31','2023-07-02 21:09:50'),(31,1,1,2,2,1,NULL,31,1,1,'GR-31','GR',NULL,'RFP','<p>All quality control equipment used</p><ul><li>GR-31.1 shall be traceable by a unique code/name.</li><li>GR-31.2 shall be calibrated and verified in accordance with ISO/IEC 17025, as to be proved by the CONTRACTOR with the associated records and certificates.</li><li>GR-31.3 Shall have calibration periods at most 1 (one) year</li></ul>',NULL,'Verbatim','2023-07-01 04:33:31','2023-07-02 21:11:11'),(32,1,1,2,2,1,NULL,32,1,1,'GR-32','GR',NULL,'RFP','<p>Any special tools made by the Contractor, such as wrenches, fixtures, shims, etc., required to assemble, adjust, align or maintain the equipment shall become the property of the ADMINISTRATION.</p>',NULL,'Verbatim','2023-07-01 04:33:31','2023-07-02 21:12:08'),(33,1,1,2,2,1,NULL,33,1,1,'GR-33','GR',NULL,'RFP','<p>At least 10% additional part shall be provided for tube fittings, pipe fittings, shims, bolts, screws, nuts, etc.</p>',NULL,'Verbatim','2023-07-01 04:33:31','2023-07-02 21:12:38'),(34,1,1,2,2,1,NULL,34,1,1,'GR-34','GR',NULL,'RFP','<p>All the measurement equipment (sensors, switches, gauges, and others) shall be&nbsp;delivered with valid calibration certificates.</p>',NULL,'Verbatim','2023-07-01 04:33:31','2023-07-02 21:13:00'),(35,1,1,2,2,1,NULL,35,1,1,'REQ-000418','TR',NULL,'RFP','The design pressure of the PRV shall be no less than 21 barg.',NULL,'Verbatim','2023-07-01 04:33:31','2023-07-01 04:33:31'),(36,1,1,2,2,1,NULL,36,1,1,'REQ-000419','TR',NULL,'RFP','The PRV Assembly shall survive in a temperature range equal to or larger than -20 to 40 Degrees C temperature range.',NULL,'Verbatim','2023-07-01 04:33:31','2023-07-01 04:33:31'),(37,1,1,2,2,1,NULL,37,1,1,'REQ-000420','TR',NULL,'RFP','The PRV shall operate in a metal temperature range equal to or larger than 0 to +30 Degrees C temperature range.',NULL,'Verbatim','2023-07-01 04:33:31','2023-07-01 04:33:31'),(38,1,1,2,2,1,NULL,38,1,1,'REQ-000421','TR',NULL,'RFP','The PRV shall operate in a working fluid temperature range equal to or larger than 0 to +60 Degree C temperature range.',NULL,'Verbatim','2023-07-01 04:33:31','2023-07-01 04:33:31'),(39,1,1,2,2,1,NULL,39,1,1,'REQ-000422','TR',NULL,'RFP','The PRV shall operate with a temperature differential of at least 50 degrees Celcius between working fluid temperature and metal temperature.',NULL,'Verbatim','2023-07-01 04:33:31','2023-07-01 04:33:31'),(40,1,1,2,2,1,NULL,40,1,1,'REQ-000423','TR',NULL,'RFP','The PRV Assembly shall operate with a 0% to 100% relative humidity range.',NULL,'Verbatim','2023-07-01 04:33:31','2023-07-01 04:33:31'),(41,1,1,2,2,1,NULL,41,1,1,'REQ-000424','TR',NULL,'RFP','The PRV Assembly shall operate for the following full stroke duty cycles combined for overall lifetime:* 1.5 seconds continuous operation, 120 cycles * 6 seconds continuous operation w/ 1-hour-intervals, 1,000 cycles * 100 seconds continuous operation',NULL,'Verbatim','2023-07-01 04:33:31','2023-07-01 04:33:31'),(42,1,1,2,2,1,NULL,42,1,1,'REQ-000425','TR',NULL,'RFP','All fabricated parts shall be of a continuously welded or machined steel construction unless shown otherwise.',NULL,'Verbatim','2023-07-01 04:33:31','2023-07-01 04:33:31'),(43,1,1,2,2,1,NULL,43,1,1,'REQ-000426','TR',NULL,'RFP','Bolted connections shall be used only where shown on the drawings.',NULL,'Verbatim','2023-07-01 04:33:31','2023-07-01 04:33:31'),(44,1,1,2,2,1,NULL,44,1,1,'REQ-000427','TR',NULL,'RFP','All materials and finished parts shall be sound and free from internal and external defects such as cracks, laminations, blowholes, inclusions, porosity, lack of welding penetration, undercutting and other defects that may affect strength, soundness or surface finish.',NULL,'Verbatim','2023-07-01 04:33:31','2023-07-01 04:33:31'),(45,1,1,2,2,1,NULL,45,1,1,'REQ-000428','TR',NULL,'RFP','All raw materials acquired shall be in accordance with the ASME-BPVC,Section-II unless otherwise specified.',NULL,'Verbatim','2023-07-01 04:33:31','2023-07-01 04:33:31'),(46,1,1,2,2,1,NULL,46,1,1,'REQ-000429','TR',NULL,'RFP','<p>All raw materials acquired for manufacturing of the Perforated Sleeve shall be in accordance with SA-182F316 unless otherwise specified. In case of identical specification, however, ASME material specification could be replaced by ASTM material specification.</p>',NULL,'Verbatim','2023-07-01 04:33:31','2023-07-03 18:38:05'),(47,1,1,2,2,1,NULL,47,1,1,'REQ-000430','TR',NULL,'RFP','All the flanges and forgings acquired shall be in accordance with SA-105N+S5 unless otherwise specified. In case of identical specification, however, ASME material specification could be replaced by ASTM material specification.',NULL,'Verbatim','2023-07-01 04:33:31','2023-07-01 04:33:31'),(48,1,1,2,2,1,NULL,48,1,1,'REQ-000431','TR',NULL,'RFP','All plate materials acquired shall be in accordance with SA-516-70 unless otherwise specified. In case of identical specification, however, ASME material specification could be replaced by ASTM material specification.',NULL,'Verbatim','2023-07-01 04:33:31','2023-07-01 04:33:31'),(49,1,1,2,2,1,NULL,49,1,1,'REQ-000432','TR',NULL,'RFP','All welding materials used shall be certified and tested in accordance with the requirements of the ASME-BPVC,Section-IX.',NULL,'Verbatim','2023-07-01 04:33:31','2023-07-01 04:33:31'),(50,1,1,2,2,1,NULL,50,1,1,'REQ-000433','TR',NULL,'RFP','<p>For all materials acquired inspection documents as per EN-10204-Type3.1 shall be provided.</p>',NULL,'Verbatim','2023-07-01 04:33:31','2023-07-03 18:39:08'),(51,1,1,2,2,1,NULL,51,1,1,'REQ-000434','TR',NULL,'RFP','<p>Welding of pressure parts shall be by the metallic electric arc process and shall conform to the applicable provisions of the ASME-BPVC,Sec-IX(and/or-AWS-D14.4); whichever is tighter.</p>',NULL,'Verbatim','2023-07-01 04:33:31','2023-07-03 18:40:31'),(52,1,1,2,2,1,NULL,52,1,1,'REQ-000435','TR',NULL,'RFP','All electrodes used for welding shall be of the low-hydrogen type.',NULL,'Verbatim','2023-07-01 04:33:31','2023-07-01 04:33:31'),(53,1,1,2,2,1,NULL,53,1,1,'REQ-000436','TR',NULL,'RFP','All butt-welds shall be continuous and of 100% penetration unless otherwise shown on the drawings.',NULL,'Verbatim','2023-07-01 04:33:31','2023-07-01 04:33:31'),(54,1,1,2,2,1,NULL,54,1,1,'REQ-000437','TR',NULL,'RFP','All butt-welds shall be inspected as per ASME procedures valid for assumed welding joint efficiency of 1.',NULL,'Verbatim','2023-07-01 04:33:31','2023-07-01 04:33:31'),(55,1,1,2,2,1,NULL,55,1,1,'REQ-000438','TR',NULL,'RFP','During the fabrication of built-up members, all butt-welds in each component shall be completed before such a component is welded to other parts of the welded assembly.',NULL,'Verbatim','2023-07-01 04:33:31','2023-07-01 04:33:31'),(56,1,1,2,2,1,NULL,56,1,1,'REQ-000439','TR',NULL,'RFP','<p>Weld sizes shall be as specified on the manufacturing drawings and welds shall be free of excessive convexity and undercut. The convexity of fillet welds shall not exceed the value,&nbsp;</p><p>(Convexity) C = 0.21S + 0.75 (mm)&nbsp;</p><p>where S is the weld size.&nbsp;</p><p>The height of reinforcement on butt-welds shall not exceed 1.5 mm on plates up to 15 mm in thickness, and 3 mm on plates over 15 mm in thickness. Weld edges shall indicate thorough fusion.</p>',NULL,'Verbatim','2023-07-01 04:33:31','2023-07-03 18:42:23'),(57,1,1,2,2,1,NULL,57,1,1,'REQ-000440','TR',NULL,'RFP','<p>Welds shall be free of splatter, slag, excessive oxides and arc scars.</p>',NULL,'Verbatim','2023-07-01 04:33:31','2023-07-03 18:42:40'),(58,1,1,2,2,1,NULL,58,1,1,'REQ-000441','TR',NULL,'RFP','Weld beads shall be free of pin holes and surface cracks and shall have uniform surface ripples and little or no indication of the starting location of a new section of filler metal.',NULL,'Verbatim','2023-07-01 04:33:31','2023-07-01 04:33:31'),(59,1,1,2,2,1,NULL,59,1,1,'REQ-000442','TR',NULL,'RFP','Welds that make up the airline surface shall be ground to continue to follow the airline surface with a maximum allowed variation and protrusion of 1 mm out of and into the airflow.',NULL,'Verbatim','2023-07-01 04:33:31','2023-07-01 04:33:31'),(60,1,1,2,2,1,NULL,60,1,1,'REQ-000443','TR',NULL,'RFP','Shop fabricated portions shall be stress-relieved before shipping to the Site.',NULL,'Verbatim','2023-07-01 04:33:31','2023-07-01 04:33:31'),(61,1,1,2,2,1,NULL,61,1,1,'REQ-000444','TR',NULL,'RFP','All stress relieving processes shall comply with the ASME-BPVC,Section-VIII,Division1,UCS-56&UHA-32.',NULL,'Verbatim','2023-07-01 04:33:31','2023-07-01 04:33:31'),(62,1,1,2,2,1,NULL,62,1,1,'REQ-000445','TR',NULL,'RFP','Welding operators employed by the CONTRACTOR shall be certified as per EN-ISO-9606-1 standard or equivalent.',NULL,'Verbatim','2023-07-01 04:33:31','2023-07-01 04:33:31'),(63,1,1,2,2,1,NULL,63,1,1,'REQ-000446','TR',NULL,'RFP','Carburizing heat treatment shall be carried out on Guide-4281-156Z to achieve 53-55 HRC as the surface hardness with minimum 2mm depth of carbon fusion.',NULL,'Verbatim','2023-07-01 04:33:31','2023-07-01 04:33:31'),(64,1,1,2,2,1,NULL,64,1,1,'REQ-000447','TR',NULL,'RFP','All threaded fasteners shall be zinc plated with a minimum coat as specified in ASTM-A153 .',NULL,'Verbatim','2023-07-01 04:33:31','2023-07-01 04:33:31'),(65,1,1,2,2,1,NULL,65,1,1,'REQ-000448','TR',NULL,'RFP','All threaded fasteners exposed to the airflow, those at main structural connections and where specified on the drawings, shall be wire locked or secured by other approved methods.',NULL,'Verbatim','2023-07-01 04:33:31','2023-07-01 04:33:31'),(66,1,1,2,2,1,NULL,66,1,1,'REQ-000449','TR',NULL,'RFP','All threaded fasteners not exposed to the airflow and where not specified on the drawings shall be positively secured using Loctite 243 or equivalent.',NULL,'Verbatim','2023-07-01 04:33:31','2023-07-01 04:33:31'),(67,1,1,2,2,1,NULL,67,1,1,'REQ-000450','TR',NULL,'RFP','Strength categories of the bolts shall be grade 10.9 unless otherwise specified on the drawings (see ASTM-A193-B7/ASTM-A194-2H/ASTM-A325 ).',NULL,'Verbatim','2023-07-01 04:33:31','2023-07-01 04:33:31'),(68,1,1,2,2,1,NULL,68,1,1,'REQ-000451','TR',NULL,'RFP','The tightening torque requirements for structural bolts and pressure bolts shall be as per 199-159202-0001 Appendix 2. Certain critical connections requiring special and/or high strength bolts shall be preloaded as specified on the drawings.',NULL,'Verbatim','2023-07-01 04:33:31','2023-07-01 04:33:31'),(69,1,1,2,2,1,NULL,69,1,1,'REQ-000452','TR',NULL,'RFP','<p>All fasteners shall be metric.</p>',NULL,'Verbatim','2023-07-01 04:33:31','2023-07-04 16:00:40'),(70,1,1,2,2,1,NULL,70,1,1,'REQ-000453','TR',NULL,'RFP','<p>For regular pitch bolting the fasteners shall be pre-stressed at most 70% of their yield strength (see TR-299).</p>',NULL,'Verbatim','2023-07-01 04:33:31','2023-07-03 18:47:34'),(71,1,1,2,2,1,NULL,71,1,1,'REQ-000454','TR',NULL,'RFP','<p>For regular pressure bolting the fasteners shall be pre-stressed at most 60% of their yield strength (see TR-300).</p>',NULL,'Verbatim','2023-07-01 04:33:31','2023-07-03 18:49:02'),(72,1,1,2,2,1,NULL,72,1,1,'REQ-000455','TR',NULL,'RFP','Shims shall be cold rolled or machined material of uniform thickness.',NULL,'Verbatim','2023-07-01 04:33:31','2023-07-01 04:33:31'),(73,1,1,2,2,1,NULL,73,1,1,'REQ-000456','TR',NULL,'RFP','Steps into and out of the airflow direction shall be limited to 1mm.',NULL,'Verbatim','2023-07-01 04:33:31','2023-07-01 04:33:31'),(74,1,1,2,2,1,NULL,74,1,1,'REQ-000457','TR',NULL,'RFP','Alignment shall be in accordance with the specs given in Drawing 4281-103.',NULL,'Verbatim','2023-07-01 04:33:31','2023-07-01 04:33:31'),(75,1,1,2,2,1,NULL,75,1,1,'REQ-000458','TR',NULL,'RFP','<p>The Contractor shall select a complete corrosion protection system to achieve a minimum protection category of \"<i>C4 (High), Warm Temperate per ISO-12944-2</i>\" for both airline surfaces, interior surfaces and exposed exterior surfaces of all components Airline surfaces have been outlined in the reference drawing 4281-101).</p>',NULL,'Verbatim','2023-07-01 04:33:31','2023-07-03 18:51:50'),(76,1,1,2,2,1,NULL,76,1,1,'REQ-000459','TR',NULL,'RFP','The color of the paint to be applied to the airline surfaces shall be TBA.',NULL,'Verbatim','2023-07-01 04:33:31','2023-07-01 04:33:31'),(77,1,1,2,2,1,NULL,77,1,1,'REQ-000460','TR',NULL,'RFP','The color of the paint to be applied to the outside surfaces shall be TBA.',NULL,'Verbatim','2023-07-01 04:33:31','2023-07-01 04:33:31'),(78,1,1,2,2,1,NULL,78,1,1,'REQ-000461','TR',NULL,'RFP','All machined working surfaces subject to rolling, rotating or sliding motions shall be protected against corrosion by methods acceptable to the Administration.',NULL,'Verbatim','2023-07-01 04:33:31','2023-07-01 04:33:31'),(79,1,1,2,2,1,NULL,79,1,1,'REQ-000462','TR',NULL,'RFP','<p>All the welds in the pressure shell components of the PRV assembly (except hydraulic cylinder, refer to TR-229) shall be 100% radiographically examined in accordance with the ASME-BPVC,Section-VIII,Division-1,UW-51 . Any applicable local standards shall also be adhered to. Weld acceptability, repairs and re-examination shall be as defined in paragraph UW-51.</p>',NULL,'Verbatim','2023-07-01 04:33:31','2023-07-04 15:56:07'),(80,1,1,2,2,1,NULL,80,1,1,'REQ-000463','TR',NULL,'RFP','All welds, except the welds in the pressure shell components of the PRV assembly, shall be subjected to spot radiographic examination as defined in paragraph UW-52 of the ASME-BPVC,Section-VIII,Division-1 . Any applicable local standards shall also be adhered to. The location of the spots to be examined shall be selected by the principal.',NULL,'Verbatim','2023-07-01 04:33:31','2023-07-01 04:33:31'),(81,1,1,2,2,1,NULL,81,1,1,'REQ-000464','TR',NULL,'RFP','One spot shall be examined in the first 15 m of welding by each welding operator or welder, in accordance with ASME-BPVC,Section-VIII,UW-51 and/or ASME-BPVC, Section VIII, UW-52.',NULL,'Verbatim','2023-07-01 04:33:31','2023-07-01 04:33:31'),(82,1,1,2,2,1,NULL,82,1,1,'REQ-000466','TR',NULL,'RFP','The radiographic quality level required for these examinations shall be 2% (2-2T), as defined under the ASTM-Specification-E94-62T.',NULL,'Verbatim','2023-07-01 04:33:31','2023-07-01 04:33:31'),(83,1,1,2,2,1,NULL,83,1,1,'REQ-000467','TR',NULL,'RFP','<p>Acceptability of welds examined by spot radiography shall be judged by the standards specified under ASME-BPVC,Section-VIII,UW-52 . Repairs to any welds rejected under examination shall be made, using qualified procedures and after approval of Administration</p>',NULL,'Verbatim','2023-07-01 04:33:31','2023-07-03 17:03:03'),(84,1,1,2,2,1,NULL,84,1,1,'REQ-000468','TR',NULL,'RFP','100% Magnetic Particle Testing shall be applied on all welds and machined surfaces.',NULL,'Verbatim','2023-07-01 04:33:31','2023-07-01 04:33:31'),(85,1,1,2,2,1,NULL,85,1,1,'REQ-000469','TR',NULL,'RFP','The outer shell and flanges of the PRV shall be subjected to a hydrostatic test in accordance with ASME-BPVC-Section-VIII,Division-1,UG-99b with demineralized water of 25 PPM maximum allowable chlorine for at least 1 hour.',NULL,'Verbatim','2023-07-01 04:33:31','2023-07-01 04:33:31'),(86,1,1,2,2,1,NULL,86,1,1,'REQ-000470','TR',NULL,'RFP','The hydrostatic test shall be performed on temporary supports designed and manufactured by the Contractor. The Flexible Supports defined in drawing 4281-158A are NOT capable of withstanding the loads during the hydrostatic testing.',NULL,'Verbatim','2023-07-01 04:33:31','2023-07-01 04:33:31'),(87,1,1,2,2,1,NULL,87,1,1,'REQ-000471','TR',NULL,'RFP','Inner surface of the outer shell and flanges of the PRV shall be cleaned to a level of at least 500 mg/m2 accordance with BS EN ISO 23208:2019',NULL,'Verbatim','2023-07-01 04:33:31','2023-07-01 04:33:31'),(88,1,1,2,2,1,NULL,88,1,1,'REQ-000472','TR',NULL,'RFP','The contractor shall perform a vacuum leak test of the sealed hydraulic cylinder cavity before the installation of the cylinder and piping. A vacuum pump shall be connected to the external venting conduit. All other passages through the stators shall be sealed. The vacuum pump shall be used to draw the cavity down to 0.2 bara simulating external pressure on the sealed cavity and the vacuum pump shall then be shut. The pressure shall be held for a minimum of 30 minutes. During the 30-minute test, the pressure shall not rise by more than 0.05 bar.',NULL,'Verbatim','2023-07-01 04:33:31','2023-07-01 04:33:31'),(89,1,1,2,2,1,NULL,89,1,1,'REQ-000473','TR',NULL,'RFP','<p>The CONTRACTOR shall perform a test for fit and alignment of the PRV. The valve shall be set in a horizontal position and shall be driven through its full stroke a for a minimum of 500 cycles. After each cycle, the perforated cylinder shall be inspected.</p>',NULL,'Verbatim','2023-07-01 04:33:31','2023-07-03 18:53:58'),(90,1,1,2,2,1,NULL,90,1,1,'REQ-000474','TR',NULL,'RFP','PRV shall have a complete power and control cabinet, together with all the necessary equipment, software and hardware to test, operate and maintain the PRV assembly.',NULL,'Verbatim','2023-07-01 04:33:31','2023-07-01 04:33:31'),(91,1,1,2,2,1,NULL,91,1,1,'REQ-000475','TR',NULL,'RFP','<p>PRV Power and Control cabinet shall have at least one HMI to enable local manual control for wind-off test and maintenance.</p>',NULL,'Verbatim','2023-07-01 04:33:31','2023-07-03 18:54:38'),(92,1,1,2,2,1,NULL,92,1,1,'REQ-000476','TR',NULL,'RFP','PRV Power and Control Cabinet HMI shall be designed such that all data regarding the status of the PRV assembly and components shall be displayed.',NULL,'Verbatim','2023-07-01 04:33:31','2023-07-01 04:33:31'),(93,1,1,2,2,1,NULL,93,1,1,'REQ-000477','TR',NULL,'RFP','PRV Power and Control Cabinet shall have signal interface to relay all data regarding the status of the PRV assembly and components to Wind Tunnel Control System via TBA data protocol over TBA hardware type.',NULL,'Verbatim','2023-07-01 04:33:31','2023-07-01 04:33:31'),(94,1,1,2,2,1,NULL,94,1,1,'REQ-000478','TR',NULL,'RFP','PRV Power and Control Cabinet shall have signal interface to accept remote control commands for operation from Wind Tunnel Control System via TBA data protocol over TBA hardware type.',NULL,'Verbatim','2023-07-01 04:33:31','2023-07-01 04:33:31'),(95,1,1,2,2,1,NULL,95,1,1,'REQ-000479','TR',NULL,'RFP','All PRV power shall be distributed from the PRV Power and Control Cabinet.',NULL,'Verbatim','2023-07-01 04:33:31','2023-07-01 04:33:31'),(96,1,1,2,2,1,NULL,96,1,1,'REQ-000480','TR',NULL,'RFP','PRV Hydraulic System Shall drive the Hydraulic Cylinder of the PRV defined by 4281-S-1440',NULL,'Verbatim','2023-07-01 04:33:31','2023-07-01 04:33:31'),(97,1,1,2,2,1,NULL,97,1,1,'REQ-000481','TR',NULL,'RFP','Pump shall be designed to be capable of taking care of dual compensation that is when it is either operated in high pressure relief engaged condition or low-pressure relief (maintenance) engaged condition',NULL,'Verbatim','2023-07-01 04:33:31','2023-07-01 04:33:31'),(98,1,1,2,2,1,NULL,98,1,1,'REQ-000482','TR',NULL,'RFP','The pressure regulating valve hydraulic system shall support a fine tuning of moving sleeve with no more than a tolerence of TBA, without any jerkiness or pressure impulse load trapped inside the cyclinder and by using a hydraulic servo valve.',NULL,'Verbatim','2023-07-01 04:33:31','2023-07-01 04:33:31'),(99,1,1,2,2,1,NULL,99,1,1,'REQ-000483','TR',NULL,'RFP','All of the hydraulic valves/regulators to be incorporated in the hydraulic system shall have manual operation/setting with mechanical override capability.',NULL,'Verbatim','2023-07-01 04:33:31','2023-07-01 04:33:31'),(100,1,1,2,2,1,NULL,100,1,1,'REQ-000486','TR',NULL,'RFP','The selected servo valve shall have a feedback circuit that tracks the live position of cylinder. Refer to drawing 4281-157-1-1.',NULL,'Verbatim','2023-07-01 04:33:31','2023-07-01 04:33:31'),(101,1,1,2,2,1,NULL,101,1,1,'REQ-000487','TR',NULL,'RFP','At least one set of redundant pressure switches per both pressure line and accumulator line to ensure that circuit only works when line pressure is in high pressure relief.',NULL,'Verbatim','2023-07-01 04:33:31','2023-07-01 04:33:31'),(102,1,1,2,2,1,NULL,102,1,1,'REQ-000488','TR',NULL,'RFP','The hydraulic cylinder and system shall be capable of holding the PRV sleeve during a run at any set position while under TBA load condition.',NULL,'Verbatim','2023-07-01 04:33:31','2023-07-01 04:33:31'),(103,1,1,2,2,1,NULL,103,1,1,'REQ-000489','TR',NULL,'RFP','The forward and retract speeds of the moving sleeve shall be equal.',NULL,'Verbatim','2023-07-01 04:33:31','2023-07-01 04:33:31'),(104,1,1,2,2,1,NULL,104,1,1,'REQ-000490','TR',NULL,'RFP','The accumulator sizing shall be done to support at least 4 times the total cylinder stroke under shut-off, emergency loading or power failure conditions, taking all contingency volumes into account.',NULL,'Verbatim','2023-07-01 04:33:31','2023-07-01 04:33:31'),(105,1,1,2,2,1,NULL,105,1,1,'REQ-000491','TR',NULL,'RFP','Each and every accumulator employed within the system shall be equipped with an individual control block and a header line control block with quick drain valves.',NULL,'Verbatim','2023-07-01 04:33:31','2023-07-01 04:33:31'),(106,1,1,2,2,1,NULL,106,1,1,'REQ-000492','TR',NULL,'RFP','Accumulator pre-charge pressure shall be no less than 2800 psi. Mentioned pressure shall be measured at the cylinder port.',NULL,'Verbatim','2023-07-01 04:33:31','2023-07-01 04:33:31'),(107,1,1,2,2,1,NULL,107,1,1,'REQ-000493','TR',NULL,'RFP','All directional and servo valves solenoids shall be supported with an UPS backup mounted on the hydraulic skid. The UPS mentioned shall be capable of providing power to all the system for at least 400 seconds.',NULL,'Verbatim','2023-07-01 04:33:31','2023-07-01 04:33:31'),(108,1,1,2,2,1,NULL,108,1,1,'REQ-000494','TR',NULL,'RFP','Priming or unloading valve shall be included in the system to provide no load run condition to the pump before loading of the pump.',NULL,'Verbatim','2023-07-01 04:33:32','2023-07-01 04:33:32'),(109,1,1,2,2,1,NULL,109,1,1,'REQ-000495','TR',NULL,'RFP','The system shall be capable of providing no load working condition for the pump for a duration of at least TBA minutes.',NULL,'Verbatim','2023-07-01 04:33:32','2023-07-01 04:33:32'),(110,1,1,2,2,1,NULL,110,1,1,'REQ-000496','TR',NULL,'RFP','The hydraulic tank of the system shall be sized for a pump flow capacitiy of at least 6 times of the selected pump.',NULL,'Verbatim','2023-07-01 04:33:32','2023-07-01 04:33:32'),(111,1,1,2,2,1,NULL,111,1,1,'REQ-000498','TR',NULL,'RFP','The system shall be equipped with a power pack PLC capable of built-in testing of the whole system and transmitting of the built-in test result to wind tunnel main control system.',NULL,'Verbatim','2023-07-01 04:33:32','2023-07-01 04:33:32'),(112,1,1,2,2,1,NULL,112,1,1,'REQ-000499','TR',NULL,'RFP','The system shall have a local control panel to be situated near the PRV no further than TBA meters.',NULL,'Verbatim','2023-07-01 04:33:32','2023-07-01 04:33:32'),(113,1,1,2,2,1,NULL,113,1,1,'REQ-000500','TR',NULL,'RFP','The system shall provide remote control capability for the valves included in the system.',NULL,'Verbatim','2023-07-01 04:33:32','2023-07-01 04:33:32'),(114,1,1,2,2,1,NULL,114,1,1,'REQ-000501','TR',NULL,'RFP','The servo valve shall be positioned on a mechanical bracket that is isolated from vibration and noise effects on top of the PRV.',NULL,'Verbatim','2023-07-01 04:33:32','2023-07-01 04:33:32'),(115,1,1,2,2,1,NULL,115,1,1,'REQ-000502','TR',NULL,'RFP','Material selection and internal surface treatment of the hydraulic tank shall be made to prevent corrosion due to contact with the hydraulic fluid, its vapor and any other corrosive sources.',NULL,'Verbatim','2023-07-01 04:33:32','2023-07-01 04:33:32'),(116,1,1,2,2,1,NULL,116,1,1,'REQ-000504','TR',NULL,'RFP','Hydraulic fluid used shall be Mobil DTE 24 or equivalent which has been previously filtered through an absolute 10-micron filter.',NULL,'Verbatim','2023-07-01 04:33:32','2023-07-01 04:33:32'),(117,1,1,2,2,1,NULL,117,1,1,'REQ-000506','TR',NULL,'RFP','All the joints and welds of the hydraulic tank shall be leak proof as per TBA standard.',NULL,'Verbatim','2023-07-01 04:33:32','2023-07-01 04:33:32'),(118,1,1,2,2,1,NULL,118,1,1,'REQ-000508','TR',NULL,'RFP','Hydraulic tank shall have a minimum cleaneliness of 18/16/13 as per ISO4406-1999.',NULL,'Verbatim','2023-07-01 04:33:32','2023-07-01 04:33:32'),(119,1,1,2,2,1,NULL,119,1,1,'REQ-000509','TR',NULL,'RFP','Hydraulic tank shall be capable to hold weight of structure, valves, fluid, impulse, splash loads due to hydraulic system.',NULL,'Verbatim','2023-07-01 04:33:32','2023-07-01 04:33:32'),(120,1,1,2,2,1,NULL,120,1,1,'REQ-000510','TR',NULL,'RFP','Hydraulic skid designed to mount hydraulic tank shall enable the drain of fluid through drain tray/tap/cocks and allow maintenance to fitting /piping /tubing and other items without using any special fixtures and/or tools.',NULL,'Verbatim','2023-07-01 04:33:32','2023-07-01 04:33:32'),(121,1,1,2,2,1,NULL,121,1,1,'REQ-000511','TR',NULL,'RFP','The hydraulic tank shall be equipped with at least one temperature sensor to measure hydraulic fluid temperature in the tank.',NULL,'Verbatim','2023-07-01 04:33:32','2023-07-01 04:33:32'),(122,1,1,2,2,1,NULL,122,1,1,'REQ-000512','TR',NULL,'RFP','The temperature sensor on the hydraulic tank shall be positioned in such a way that the sensor is always immersed in the hydraulic fluid for all states of operation.',NULL,'Verbatim','2023-07-01 04:33:32','2023-07-01 04:33:32'),(123,1,1,2,2,1,NULL,123,1,1,'REQ-000513','TR',NULL,'RFP','The temperature sensor shall operate with an input supply of TBA.',NULL,'Verbatim','2023-07-01 04:33:32','2023-07-01 04:33:32'),(124,1,1,2,2,1,NULL,124,1,1,'REQ-000514','TR',NULL,'RFP','The temperature sensor shall have an TBA output signal of interval TBA.',NULL,'Verbatim','2023-07-01 04:33:32','2023-07-01 04:33:32'),(125,1,1,2,2,1,NULL,125,1,1,'REQ-000516','TR',NULL,'RFP','The hydraulic fluid temperature in the hydraulic tank shall be kept between TBA and 70 degrees C during all states and modes of the hydraulics system.',NULL,'Verbatim','2023-07-01 04:33:32','2023-07-01 04:33:32'),(126,1,1,2,2,1,NULL,126,1,1,'REQ-000517','TR',NULL,'RFP','<p>In case the temperature of the hydraulic fluid exceed the limits defined in TR-125 a safety system shall be activated to prevent over heating of the hydraulic fluid.</p>',NULL,'Verbatim','2023-07-01 04:33:32','2023-07-04 15:56:43'),(127,1,1,2,2,1,NULL,127,1,1,'REQ-000518','TR',NULL,'RFP','The temperature sensor shall have a red light illumination visible to the operator to indicate the temperature is over the limit defined in REQ-000516.',NULL,'Verbatim','2023-07-01 04:33:32','2023-07-01 04:33:32'),(128,1,1,2,2,1,NULL,128,1,1,'REQ-000519','TR',NULL,'RFP','The hydraulic fluid temperature throughout the whole of the Hydraulic System shall be kept between TBA and TBA degrees C during startup and operation states and modes.',NULL,'Verbatim','2023-07-01 04:33:32','2023-07-01 04:33:32'),(129,1,1,2,2,1,NULL,129,1,1,'REQ-000521','TR',NULL,'RFP','The hydraulic tank shall have separate lines of suction and return.',NULL,'Verbatim','2023-07-01 04:33:32','2023-07-01 04:33:32'),(130,1,1,2,2,1,NULL,130,1,1,'REQ-000522','TR',NULL,'RFP','The hydraulic tank shall be designed and lines of suction and return on the hydraulic tank shall be positioned to avoid issues due to hot hydraulic fluid, splashing of fluid, cavitation, frothing, etc.',NULL,'Verbatim','2023-07-01 04:33:32','2023-07-01 04:33:32'),(131,1,1,2,2,1,NULL,131,1,1,'REQ-000523','TR',NULL,'RFP','The suction pipe on the hydraulic tank shall always be immersed in fluid when all systems are running or getting top filled by fluid.',NULL,'Verbatim','2023-07-01 04:33:32','2023-07-01 04:33:32'),(132,1,1,2,2,1,NULL,132,1,1,'REQ-000525','TR',NULL,'RFP','If the CONTRACTOR is going to use any baffles inside the hydraulic tank, then they shall be an integral part of the tank itself.',NULL,'Verbatim','2023-07-01 04:33:32','2023-07-01 04:33:32'),(133,1,1,2,2,1,NULL,133,1,1,'REQ-000526','TR',NULL,'RFP','Stirring of the sediment at the bottom of the tank to the rest of hydraulic fluid by any means shall be prevented.',NULL,'Verbatim','2023-07-01 04:33:32','2023-07-01 04:33:32'),(134,1,1,2,2,1,NULL,134,1,1,'REQ-000527','TR',NULL,'RFP','The hydraulic tank shall have at least one manhole for cleaning, inspection and maintenance purposes.',NULL,'Verbatim','2023-07-01 04:33:32','2023-07-01 04:33:32'),(135,1,1,2,2,1,NULL,135,1,1,'REQ-000528','TR',NULL,'RFP','The hydraulic tank shall have at least one drain port and valve for draining the tank fully.',NULL,'Verbatim','2023-07-01 04:33:32','2023-07-01 04:33:32'),(136,1,1,2,2,1,NULL,136,1,1,'REQ-000529','TR',NULL,'RFP','The hydraulic tank shall have at least one flushing port and valve positioned at the highest possible part of the tank for flushing the hydraulic fluid.',NULL,'Verbatim','2023-07-01 04:33:32','2023-07-01 04:33:32'),(137,1,1,2,2,1,NULL,137,1,1,'REQ-000530','TR',NULL,'RFP','The flushing port and valve shall be separate from all other ports and valves.',NULL,'Verbatim','2023-07-01 04:33:32','2023-07-01 04:33:32'),(138,1,1,2,2,1,NULL,138,1,1,'REQ-000531','TR',NULL,'RFP','The hydraulic tank shall be equipped with at least one fluid level sensor.',NULL,'Verbatim','2023-07-01 04:33:32','2023-07-01 04:33:32'),(139,1,1,2,2,1,NULL,139,1,1,'REQ-000532','TR',NULL,'RFP','The fluid level sensor shall have at least one digital indicator to be viewed by the operator near the hydraulic tank.',NULL,'Verbatim','2023-07-01 04:33:32','2023-07-01 04:33:32'),(140,1,1,2,2,1,NULL,140,1,1,'REQ-000533','TR',NULL,'RFP','The fluid level sensor shall operate with an input supply of TBA.',NULL,'Verbatim','2023-07-01 04:33:32','2023-07-01 04:33:32'),(141,1,1,2,2,1,NULL,141,1,1,'REQ-000534','TR',NULL,'RFP','The fluid level sensor shall have an TBA output signal of interval TBA.',NULL,'Verbatim','2023-07-01 04:33:32','2023-07-01 04:33:32'),(142,1,1,2,2,1,NULL,142,1,1,'REQ-000535','TR',NULL,'RFP','The hydraulic tank shall be pneumatic pressure tested to at least 5 bar(g) .',NULL,'Verbatim','2023-07-01 04:33:32','2023-07-01 04:33:32'),(143,1,1,2,2,1,NULL,143,1,1,'REQ-000536','TR',NULL,'RFP','After cleaning of the hydraulic tank internal surface all openings of the tank shall be sealed to prevent any external debris or contamination from reaching the inside of tank.',NULL,'Verbatim','2023-07-01 04:33:32','2023-07-01 04:33:32'),(144,1,1,2,2,1,NULL,144,1,1,'REQ-000537','TR',NULL,'RFP','The pumps to be employed in the hydraulic system shall be variable delivery type.',NULL,'Verbatim','2023-07-01 04:33:32','2023-07-01 04:33:32'),(145,1,1,2,2,1,NULL,145,1,1,'REQ-000538','TR',NULL,'RFP','The pumps to be employed in the hydraulic system shall be either pressure compensated or dual compensated to automatically adjust pump delivery to maintain volume requirements of the system at the pre-selected operating pressures.',NULL,'Verbatim','2023-07-01 04:33:32','2023-07-01 04:33:32'),(146,1,1,2,2,1,NULL,146,1,1,'REQ-000539','TR',NULL,'RFP','At least one manual priming pump shall be included in the hydraulic system.',NULL,'Verbatim','2023-07-01 04:33:32','2023-07-01 04:33:32'),(147,1,1,2,2,1,NULL,147,1,1,'REQ-000540','TR',NULL,'RFP','All valves required to act during emergeny shut-down of the wind tunnel shall be SIL 3 certified as per IEC 61508/61511 standard.',NULL,'Verbatim','2023-07-01 04:33:32','2023-07-01 04:33:32'),(148,1,1,2,2,1,NULL,148,1,1,'REQ-000541','TR',NULL,'RFP','All valves shall be hydrostatically tested.',NULL,'Verbatim','2023-07-01 04:33:32','2023-07-01 04:33:32'),(149,1,1,2,2,1,NULL,149,1,1,'REQ-000544','TR',NULL,'RFP','<p>All the servo valves shall be sized and selected to fulfill the hydraulic cylinder requirements defined in TR-206 .</p>',NULL,'Verbatim','2023-07-01 04:33:32','2023-07-04 15:57:41'),(150,1,1,2,2,1,NULL,150,1,1,'REQ-000545','TR',NULL,'RFP','<p>All the servo valves shall be sized and selected to fulfill as per the hydraulic cylinder requirements defined in TR-209, TR-210, TR-220</p>',NULL,'Verbatim','2023-07-01 04:33:32','2023-07-03 19:04:48'),(151,1,1,2,2,1,NULL,151,1,1,'REQ-000547','TR',NULL,'RFP','The hydraulic system shall be designed, equipped and instrumented to prevent over-pressure occurance within the hydraulic system and the hydraulic cylinder.',NULL,'Verbatim','2023-07-01 04:33:32','2023-07-01 04:33:32'),(152,1,1,2,2,1,NULL,152,1,1,'REQ-000548','TR',NULL,'RFP','The hydraulic system shall be designed, equipped and instrumented to prevent back flow occurance.',NULL,'Verbatim','2023-07-01 04:33:32','2023-07-01 04:33:32'),(153,1,1,2,2,1,NULL,153,1,1,'REQ-000549','TR',NULL,'RFP','All valves within the hydraulic system shall be sized and selected to prevent creep during a holding load case.',NULL,'Verbatim','2023-07-01 04:33:32','2023-07-01 04:33:32'),(154,1,1,2,2,1,NULL,154,1,1,'REQ-000552','TR',NULL,'RFP','All filters shall have bypass valves which operate when the filter element becomes over-loaded.',NULL,'Verbatim','2023-07-01 04:33:32','2023-07-01 04:33:32'),(155,1,1,2,2,1,NULL,155,1,1,'REQ-000553','TR',NULL,'RFP','All filters shall have an electronic clog indicator which warn when the pressure drop across the element has become excessive and the element needs to be replaced.',NULL,'Verbatim','2023-07-01 04:33:32','2023-07-01 04:33:32'),(156,1,1,2,2,1,NULL,156,1,1,'REQ-000554','TR',NULL,'RFP','Pressure switches shall be provided with a key operated lock to prevent casual interference with the pressure settings.',NULL,'Verbatim','2023-07-01 04:33:32','2023-07-01 04:33:32'),(157,1,1,2,2,1,NULL,157,1,1,'REQ-000556','TR',NULL,'RFP','Anti-vibration mounts shall be provided for all the pressure switches together with flexible connections to the main pipework.',NULL,'Verbatim','2023-07-01 04:33:32','2023-07-01 04:33:32'),(158,1,1,2,2,1,NULL,158,1,1,'REQ-000557','TR',NULL,'RFP','The switches shall be suitable for use with Mobil DTE24 or similar hydraulic fluid.',NULL,'Verbatim','2023-07-01 04:33:32','2023-07-01 04:33:32'),(159,1,1,2,2,1,NULL,159,1,1,'REQ-000558','TR',NULL,'RFP','If leakage connections are required, the leakage lines shall be run separately back to the tank and not use a common return drain.',NULL,'Verbatim','2023-07-01 04:33:32','2023-07-01 04:33:32'),(160,1,1,2,2,1,NULL,160,1,1,'REQ-000559','TR',NULL,'RFP','<p>Pressure switches shall be selected such that the available maximum pressure settings are at least 20% above system relief pressure ( TR-209 ) on both rising and falling pressure.</p>',NULL,'Verbatim','2023-07-01 04:33:32','2023-07-03 19:01:07'),(161,1,1,2,2,1,NULL,161,1,1,'REQ-000560','TR',NULL,'RFP','<p>The available minimum pressure settings of pressure switches shall be adjustable down to at least 50% of minimum system pressure ( TR-208 ) on both rising and falling pressure. Adequate range should be selected to ensure that pressure spikes or relief</p>',NULL,'Verbatim','2023-07-01 04:33:32','2023-07-03 19:07:21'),(162,1,1,2,2,1,NULL,162,1,1,'REQ-000562','TR',NULL,'RFP','At least one pressure gauge shall be provided on each and every hydraulic cylinder and hydraulic line for monitoring the performance of the system.',NULL,'Verbatim','2023-07-01 04:33:32','2023-07-01 04:33:32'),(163,1,1,2,2,1,NULL,163,1,1,'REQ-000563','TR',NULL,'RFP','<p>The pressure gauges shall be scaled in SI units.</p>',NULL,'Verbatim','2023-07-01 04:33:32','2023-07-03 19:07:46'),(164,1,1,2,2,1,NULL,164,1,1,'REQ-000564','TR',NULL,'RFP','The maximum deviation from the exact pressure value shall be half a scale division on either side of the pressure gauge(s).',NULL,'Verbatim','2023-07-01 04:33:32','2023-07-01 04:33:32'),(165,1,1,2,2,1,NULL,165,1,1,'REQ-000565','TR',NULL,'RFP','The pressure gauges shall be provided with snubbers.',NULL,'Verbatim','2023-07-01 04:33:32','2023-07-01 04:33:32'),(166,1,1,2,2,1,NULL,166,1,1,'REQ-000566','TR',NULL,'RFP','All connections on hydraulic lines shall be of leak free type.',NULL,'Verbatim','2023-07-01 04:33:32','2023-07-01 04:33:32'),(167,1,1,2,2,1,NULL,167,1,1,'REQ-000567','TR',NULL,'RFP','All hydraulic tubings, hoses and other fittings\' sizes shall be metric.',NULL,'Verbatim','2023-07-01 04:33:32','2023-07-01 04:33:32'),(168,1,1,2,2,1,NULL,168,1,1,'REQ-000568','TR',NULL,'RFP','All hydraulic tubings, hoses and other fittings shall have a cleanliness value of minimum 18/16/13 as per ISO-4406-1999.',NULL,'Verbatim','2023-07-01 04:33:32','2023-07-01 04:33:32'),(169,1,1,2,2,1,NULL,169,1,1,'REQ-000569','TR',NULL,'RFP','All connections, hoses, tubes and other fittings shall be flushed with oil and securely capped to avoid rusting or damages.',NULL,'Verbatim','2023-07-01 04:33:32','2023-07-01 04:33:32'),(170,1,1,2,2,1,NULL,170,1,1,'REQ-000570','TR',NULL,'RFP','<p>All tubing and connections subject to system pressure shall be pressure tested to at least 2 times the system relief pressure ( TR-209 ).</p>',NULL,'Verbatim','2023-07-01 04:33:32','2023-07-03 19:01:46'),(171,1,1,2,2,1,NULL,171,1,1,'REQ-000571','TR',NULL,'RFP','All tubing shall be made from stainless steel cold drawn tubes.',NULL,'Verbatim','2023-07-01 04:33:32','2023-07-01 04:33:32'),(172,1,1,2,2,1,NULL,172,1,1,'REQ-000573','TR',NULL,'RFP','Any welded joints in the tubing and other connection parts shall be hydrostatically tested at least 1.5 times the relief pressure.',NULL,'Verbatim','2023-07-01 04:33:32','2023-07-01 04:33:32'),(173,1,1,2,2,1,NULL,173,1,1,'REQ-000574','TR',NULL,'RFP','<p>All hoses to be used in the hydraulic system shall have at least 1.5 times the relief pressure size ( TR-209) .</p>',NULL,'Verbatim','2023-07-01 04:33:32','2023-07-03 19:02:12'),(174,1,1,2,2,1,NULL,174,1,1,'REQ-000575','TR',NULL,'RFP','Hoses (with crimping) shall be impulse tested in accordance with TBA',NULL,'Verbatim','2023-07-01 04:33:32','2023-07-01 04:33:32'),(175,1,1,2,2,1,NULL,175,1,1,'REQ-000576','TR',NULL,'RFP','<p>All fittings and other related hydraulic connecting items shall be rated for 1.5 times the relief pressure ( TR-209 ).</p>',NULL,'Verbatim','2023-07-01 04:33:32','2023-07-03 19:02:32'),(176,1,1,2,2,1,NULL,176,1,1,'REQ-000577','TR',NULL,'RFP','The electric motors to be employed in the hydraulic system shall be of the open drip proof type.',NULL,'Verbatim','2023-07-01 04:33:32','2023-07-01 04:33:32'),(177,1,1,2,2,1,NULL,177,1,1,'REQ-000578','TR',NULL,'RFP','The Main Power input to the electric motor unit shall be 410V AC +/- 10% 3 phase 50Hz, current.',NULL,'Verbatim','2023-07-01 04:33:32','2023-07-01 04:33:32'),(178,1,1,2,2,1,NULL,178,1,1,'REQ-000579','TR',NULL,'RFP','The electric motors shall have safe system shutdown mechanism to prevent any damage to the unit itself.',NULL,'Verbatim','2023-07-01 04:33:32','2023-07-01 04:33:32'),(179,1,1,2,2,1,NULL,179,1,1,'REQ-000580','TR',NULL,'RFP','Electric motor drive system shall be designed, tested and accepted as NEMA-MG1-2021.',NULL,'Verbatim','2023-07-01 04:33:32','2023-07-01 04:33:32'),(180,1,1,2,2,1,NULL,180,1,1,'REQ-000581','TR',NULL,'RFP','All threaded fasteners shall be zinc plated with a minimum coat as specified in ASTM-A153 or equivalent.',NULL,'Verbatim','2023-07-01 04:33:32','2023-07-01 04:33:32'),(181,1,1,2,2,1,NULL,181,1,1,'REQ-000582','TR',NULL,'RFP','All clearance holes for threaded fasteners shall be according to DIN-69-classification_medium.',NULL,'Verbatim','2023-07-01 04:33:32','2023-07-01 04:33:32'),(183,1,1,2,2,1,NULL,183,1,1,'REQ-000584','TR',NULL,'RFP','<p>The CONTRACTOR shall secure all threaded fasteners against vibration.</p>',NULL,'Verbatim','2023-07-01 04:33:32','2023-07-03 17:03:34'),(184,1,1,2,2,1,NULL,184,1,1,'REQ-000585','TR',NULL,'RFP','All the accumulators shall be manufactured and tested as per ASME-Sec-VIII-Div 1.',NULL,'Verbatim','2023-07-01 04:33:32','2023-07-01 04:33:32'),(185,1,1,2,2,1,NULL,185,1,1,'REQ-000586','TR',NULL,'RFP','All the accumulators shall be of pre-filled nitrogen gas with bladder type.',NULL,'Verbatim','2023-07-01 04:33:32','2023-07-01 04:33:32'),(186,1,1,2,2,1,NULL,186,1,1,'REQ-000587','TR',NULL,'RFP','All the Accumulators selected shall be fitted with fuse metal plug valve and gas control valve.',NULL,'Verbatim','2023-07-01 04:33:32','2023-07-01 04:33:32'),(187,1,1,2,2,1,NULL,187,1,1,'REQ-000588','TR',NULL,'RFP','All the accumulators shall be fitted with a quick drain block for maintenance.',NULL,'Verbatim','2023-07-01 04:33:32','2023-07-01 04:33:32'),(189,1,1,2,2,1,NULL,189,1,1,'REQ-000591','TR',NULL,'RFP','All accumulators shall have isolation valves to enable operation of tunnel in case of a single or limited accumulator bottles failure or maintenance.',NULL,'Verbatim','2023-07-01 04:33:32','2023-07-01 04:33:32'),(190,1,1,2,2,1,NULL,190,1,1,'REQ-000592','TR',NULL,'RFP','Time to fill all accumulators for a given hydraulic circuit shall be at most 10 minutes.',NULL,'Verbatim','2023-07-01 04:33:32','2023-07-01 04:33:32'),(191,1,1,2,2,1,NULL,191,1,1,'REQ-000598','TR',NULL,'RFP','The hydraulic pipeline shall be cleaned as per TBA standard to a cleanliness level of at most 200 mg/m2.',NULL,'Verbatim','2023-07-01 04:33:32','2023-07-01 04:33:32'),(192,1,1,2,2,1,NULL,192,1,1,'REQ-000600','TR',NULL,'RFP','Electronic clogging indicators shall be provided on all filters.',NULL,'Verbatim','2023-07-01 04:33:32','2023-07-01 04:33:32'),(193,1,1,2,2,1,NULL,193,1,1,'REQ-000601','TR',NULL,'RFP','All pressure gauges shall have isolation valves.',NULL,'Verbatim','2023-07-01 04:33:32','2023-07-01 04:33:32'),(194,1,1,2,2,1,NULL,194,1,1,'REQ-000602','TR',NULL,'RFP','Leakage rate of all valves are TBA.',NULL,'Verbatim','2023-07-01 04:33:32','2023-07-01 04:33:32'),(195,1,1,2,2,1,NULL,195,1,1,'REQ-000603','TR',NULL,'RFP','A safety system shall be activated to prevent damaging hydraulic system, in case the fluid level is low in the tank.',NULL,'Verbatim','2023-07-01 04:33:32','2023-07-01 04:33:32'),(196,1,1,2,2,1,NULL,196,1,1,'REQ-000604','TR',NULL,'RFP','<p>All isolation valves shall be 2/2 latch type DC valves (ON/OFF) without usage of continous power supply.</p>',NULL,'Verbatim','2023-07-01 04:33:32','2023-07-04 15:58:14'),(197,1,1,2,2,1,NULL,197,1,1,'REQ-000607','TR',NULL,'RFP','The hydraulic system shall have air volume to support hydraulic fluid against sweating, splashing or leakages.',NULL,'Verbatim','2023-07-01 04:33:32','2023-07-01 04:33:32'),(198,1,1,2,2,1,NULL,198,1,1,'REQ-000608','TR',NULL,'RFP','All valves employed in the system shall operate without any whistling or squeaking.',NULL,'Verbatim','2023-07-01 04:33:32','2023-07-01 04:33:32'),(199,1,1,2,2,1,NULL,199,1,1,'REQ-000609','TR',NULL,'RFP','<p>All material and components used in the PRV Assembly shall be new and devoid of any damages, cracks, machining errors, defects, burs or weld spatters.</p>',NULL,'Verbatim','2023-07-01 04:33:32','2023-07-03 16:34:53'),(200,1,1,2,2,1,NULL,200,1,1,'REQ-000610','TR',NULL,'RFP','<p>All control digital interface circuits shall be designed for 24VDC maximum</p>',NULL,'Verbatim','2023-07-01 04:33:32','2023-07-03 16:36:31'),(201,1,1,2,2,1,NULL,201,1,1,'REQ-000611','TR',NULL,'RFP','All digital status outputs shall be potential-free contacts suitable for use in external PLC 24VDC circuits',NULL,'Verbatim','2023-07-01 04:33:32','2023-07-01 04:33:32'),(202,1,1,2,2,1,NULL,202,1,1,'REQ-000612','TR',NULL,'RFP','All digital command inputs shall be 24VDC with maximum 2 watts load suitable for use in by external PLC circuit',NULL,'Verbatim','2023-07-01 04:33:32','2023-07-01 04:33:32'),(203,1,1,2,2,1,NULL,203,1,1,'REQ-000614','TR',NULL,'RFP','All control analog circuits shall be designed for 2 wire 4-20ma type.',NULL,'Verbatim','2023-07-01 04:33:32','2023-07-01 04:33:32'),(204,1,1,2,2,1,NULL,204,1,1,'REQ-000616','TR',NULL,'RFP','The Hydraulic cylinder shall be double acting, double rod cylinder type.',NULL,'Verbatim','2023-07-01 04:33:32','2023-07-01 04:33:32'),(205,1,1,2,2,1,NULL,205,1,1,'REQ-000617','TR',NULL,'RFP','The hydraulic cylinder shall be internally cushioned on both ends of the piston.',NULL,'Verbatim','2023-07-01 04:33:32','2023-07-01 04:33:32'),(206,1,1,2,2,1,NULL,206,1,1,'REQ-000618','TR',NULL,'RFP','<p>The Hydraulic cylinder with the full load condition (see TR-221) shall travel full working stroke 1290 mm in at most 1.5 second in either direction.</p>',NULL,'Verbatim','2023-07-01 04:33:32','2023-07-04 15:55:23'),(207,1,1,2,2,1,NULL,207,1,1,'REQ-000620','TR',NULL,'RFP','The hydraulic cylinder shall be capable of holding the sleeve during a run at any set position.',NULL,'Verbatim','2023-07-01 04:33:32','2023-07-01 04:33:32'),(208,1,1,2,2,1,NULL,208,1,1,'REQ-000621','TR',NULL,'RFP','The hydraulic cylinder shall operate a minimum hydraulic supply pressure of 2800 psi.',NULL,'Verbatim','2023-07-01 04:33:32','2023-07-01 04:33:32'),(209,1,1,2,2,1,NULL,209,1,1,'REQ-000622','TR',NULL,'RFP','<p>The Hydraulic Cylinder, with all its accessories and supplied components shall withstand maximum hydraulic system relief pressure to at least 3500 psi and flow rate as defined in TR-220.</p>',NULL,'Verbatim','2023-07-01 04:33:32','2023-07-03 19:05:28'),(210,1,1,2,2,1,NULL,210,1,1,'REQ-000623','TR',NULL,'RFP','The seal at the upstream end of the hydraulic cylinder shall operate with an external working pressure of at least 21.6 bara.',NULL,'Verbatim','2023-07-01 04:33:32','2023-07-01 04:33:32'),(211,1,1,2,2,1,NULL,211,1,1,'REQ-000624','TR',NULL,'RFP','Hydraulic cylinder shall be designed with buffer and redundant sealing arrangements on both ends as specified in drawing 4281-139.',NULL,'Verbatim','2023-07-01 04:33:32','2023-07-01 04:33:32'),(212,1,1,2,2,1,NULL,212,1,1,'REQ-000625','TR',NULL,'RFP','The external wave scale position feedback sensor (see drawing 4281-157) shall be mounted on the hydraulic cylinder at the downstream end.',NULL,'Verbatim','2023-07-01 04:33:32','2023-07-01 04:33:32'),(213,1,1,2,2,1,NULL,213,1,1,'REQ-000626','TR',NULL,'RFP','The Hydraulic Cylinder with all fittings, manifolds, and other associated equipment assambled fully shall fit into the Cover Rear part defined by the drawing 4281-156C.',NULL,'Verbatim','2023-07-01 04:33:32','2023-07-01 04:33:32'),(214,1,1,2,2,1,NULL,214,1,1,'REQ-000628','TR',NULL,'RFP','The servo valve location shall be selected to achieve a response time of at most 33 milliseconds.',NULL,'Verbatim','2023-07-01 04:33:32','2023-07-01 04:33:32'),(215,1,1,2,2,1,NULL,215,1,1,'REQ-000629','TR',NULL,'RFP','The servo valve location shall be selected to enable maintenance from outside without need of PRV disassembly.',NULL,'Verbatim','2023-07-01 04:33:32','2023-07-01 04:33:32'),(216,1,1,2,2,1,NULL,216,1,1,'REQ-000630','TR',NULL,'RFP','All mechanical interfaces of the hydraulic cylinder shall conform to technical drawing 4821-139.',NULL,'Verbatim','2023-07-01 04:33:32','2023-07-01 04:33:32'),(217,1,1,2,2,1,NULL,217,1,1,'REQ-000631','TR',NULL,'RFP','The hydraulic fluid to be used with the Hydraulic Cyliner shall comply with the ISO 11158 standard, Category HM requirements.',NULL,'Verbatim','2023-07-01 04:33:32','2023-07-01 04:33:32'),(218,1,1,2,2,1,NULL,218,1,1,'REQ-000632','TR',NULL,'RFP','<p>The bore diameter of the hydraulic cylinder shall be 4\".</p>',NULL,'Verbatim','2023-07-01 04:33:32','2023-07-03 19:11:00'),(219,1,1,2,2,1,NULL,219,1,1,'REQ-000633','TR',NULL,'RFP','<p>The rod diameter of the hydraulic cylinder shall be 2.5\".</p>',NULL,'Verbatim','2023-07-01 04:33:32','2023-07-03 19:11:23'),(220,1,1,2,2,1,NULL,220,1,1,'REQ-000634','TR',NULL,'RFP','Maximum flow rate of the hydrauilc fluid shall be 528 litres per minute.',NULL,'Verbatim','2023-07-01 04:33:32','2023-07-01 04:33:32'),(221,1,1,2,2,1,NULL,221,1,1,'REQ-000635','TR',NULL,'RFP','The Hydraulic Cylinder shall be capable of moving a load of at least 16600 lbf.',NULL,'Verbatim','2023-07-01 04:33:32','2023-07-01 04:33:32'),(222,1,1,2,2,1,NULL,222,1,1,'REQ-000636','TR',NULL,'RFP','<p>The Hydraulic Cylinder shall not buckle under the operating conditions defined in TR-203.</p>',NULL,'Verbatim','2023-07-01 04:33:32','2023-07-03 19:12:20'),(223,1,1,2,2,1,NULL,223,1,1,'REQ-000637','TR',NULL,'RFP','<p>The Hydraulic Cylinder shall not experience dynamical instability such as limit cycle, resonance, etc. under the operating conditions.</p>',NULL,'Verbatim','2023-07-01 04:33:32','2023-07-03 19:14:53'),(224,1,1,2,2,1,NULL,224,1,1,'REQ-000638','TR',NULL,'RFP','Material selection of the Hydraulic Cylinder components shall be selected to prevent any possibility of galvanic corrosion, galling.',NULL,'Verbatim','2023-07-01 04:33:32','2023-07-01 04:33:32'),(225,1,1,2,2,1,NULL,225,1,1,'REQ-000640','TR',NULL,'RFP','The Hydraulic Cylinder shall be designd to enable a maximum piston acceleration of no less than 6 m/sec2.',NULL,'Verbatim','2023-07-01 04:33:32','2023-07-01 04:33:32'),(226,1,1,2,2,1,NULL,226,1,1,'REQ-000641','TR',NULL,'RFP','The Hydraulic Cylinder shall be designed to enable a maximum piston velocity of no lesss than 1.45 m/sec.',NULL,'Verbatim','2023-07-01 04:33:32','2023-07-01 04:33:32'),(227,1,1,2,2,1,NULL,227,1,1,'REQ-000642','TR',NULL,'RFP','Quality of the main welds shall be preserved in case of spot welding.',NULL,'Verbatim','2023-07-01 04:33:32','2023-07-01 04:33:32'),(228,1,1,2,2,1,NULL,228,1,1,'REQ-000644','TR',NULL,'RFP','All welds shall be visually inspected as per ISO 17637 standard and evaluated as per ISO 5817 standard Level B. Equivalent standards may be employed upon Administration approval.',NULL,'Verbatim','2023-07-01 04:33:32','2023-07-01 04:33:32'),(229,1,1,2,2,1,NULL,229,1,1,'REQ-000645','TR',NULL,'RFP','<p>All welds within hydraulic cyclinder shall be subjected to either radiografic inspection as per ASTM E 1417 or liquid penetrant inspection as per ISO 5817 Level B. Equivalent standards may be employed upon Administration approval.</p>',NULL,'Verbatim','2023-07-01 04:33:32','2023-07-03 19:16:30'),(230,1,1,2,2,1,NULL,230,1,1,'REQ-000646','TR',NULL,'RFP','All the components of the Hydraulic Cylinder shall be cleaned as per TBA Standard prior to assebly of the Hydraulic Cylinder.',NULL,'Verbatim','2023-07-01 04:33:32','2023-07-01 04:33:32'),(231,1,1,2,2,1,NULL,231,1,1,'REQ-000647','TR',NULL,'RFP','The Hydraulic Cylinder shall be tested as per BS ISO 10100 standard.',NULL,'Verbatim','2023-07-01 04:33:32','2023-07-01 04:33:32'),(232,1,1,2,2,1,NULL,232,1,1,'REQ-000707','TR',NULL,'RFP','Hardness test shall be carried out on the specified surfaces with hardness requirements as specified in the 101-159202 drawings.',NULL,'Verbatim','2023-07-01 04:33:32','2023-07-01 04:33:32'),(233,1,1,2,2,1,NULL,233,1,1,'REQ-000708','TR',NULL,'RFP','In case of loss of command signal to hydraulic system, the PRV Assembly shall be fully closed in 4 seconds (+/- 0.5 seconds).',NULL,'Verbatim','2023-07-01 04:33:32','2023-07-01 04:33:32'),(234,1,1,2,2,1,NULL,234,1,1,'REQ-000709','TR',NULL,'RFP','In case of loss of hydraulic pressure in the hydraulic system, the PRV assembly shall be fully closed in 4 seconds (+/- 0.5 seconds).',NULL,'Verbatim','2023-07-01 04:33:32','2023-07-01 04:33:32'),(235,1,1,2,2,1,NULL,235,1,1,'REQ-000710','TR',NULL,'RFP','In case of loss of command signal and/or hydraulic pressure, a signal in TBA format shall be generated to update the status of PRV Assembly.',NULL,'Verbatim','2023-07-01 04:33:32','2023-07-01 04:33:32'),(236,1,1,2,2,1,NULL,236,1,1,'REQ-000712','TR',NULL,'RFP','The name plate of the Pressure Valve Assembly shall be screwed or riveted on the PRV Assembly.',NULL,'Verbatim','2023-07-01 04:33:32','2023-07-01 04:33:32'),(237,1,1,2,2,1,NULL,237,1,1,'REQ-000714','TR',NULL,'RFP','<p>Point to Point Forward Travel Time of the PRV shall be proportional to Forward Time Constant thorughout the full stroke range (TR-206).</p>',NULL,'Verbatim','2023-07-01 04:33:32','2023-07-03 19:18:05'),(238,1,1,2,2,1,NULL,238,1,1,'REQ-000715','TR',NULL,'RFP','The inaccuracy of the valve travel position due to any limitation (Repeatability, Dead Band, Resolution, Hysteresis, etc.) shall be less than TBA of the Stroke of the Valve Assembly.',NULL,'Verbatim','2023-07-01 04:33:32','2023-07-01 04:33:32'),(239,1,1,2,2,1,NULL,239,1,1,'REQ-000716','TR',NULL,'RFP','The dead time of the Valve Assembly shall be less than 0.5% of the Stroke Time of the Valve Assembly.',NULL,'Verbatim','2023-07-01 04:33:32','2023-07-01 04:33:32'),(240,1,1,2,2,1,NULL,240,1,1,'REQ-000717','TR',NULL,'RFP','The Degree of Protection of the Accessories included in the Pressure Regulating Valve Assembly shall be at least IP55 according to ANSI/IEC 60529-2004.',NULL,'Verbatim','2023-07-01 04:33:32','2023-07-01 04:33:32'),(241,1,1,2,2,1,NULL,241,1,1,'REQ-000718','TR',NULL,'RFP','The PRV Assembly shall have a built-in test capability to at least repeat OSAT tests as defined and report the results.',NULL,'Verbatim','2023-07-01 04:33:32','2023-07-01 04:33:32'),(242,1,1,2,2,1,NULL,242,1,1,'-','TR',NULL,'RFP','The CONTRACTOR shall interpret the dimensional tolerances specified on the drawings as the maximum permissible deviations from the basic dimensions, from a theoretical plane or total indicated reading in the case of cylindrical components (The geometrical tolerances specified on the drawings are in accordance with ISO Standards.).',NULL,'Verbatim','2023-07-01 04:33:32','2023-07-01 04:33:32'),(243,1,1,2,2,1,NULL,243,1,1,'-','TR',NULL,'RFP','<p>The CONTRACTOR shall provide adequate supports and bracing during fabrication, assembly, transportation and installation to achieve and maintain the required dimensions and tolerances of the final product as specified by the drawings and specifications.</p>',NULL,'Verbatim','2023-07-01 04:33:32','2023-07-03 19:33:40'),(244,1,1,2,2,1,NULL,244,1,1,'-','GR',NULL,'RFP','<p>The CONTRACTOR shall maintain a high degree of cleanliness and orderliness during fabrication, assembly, transportation and installation at the Site.</p>',NULL,'Verbatim','2023-07-01 04:33:32','2023-07-03 19:33:58'),(245,1,1,2,2,1,NULL,245,1,1,'-','GR',NULL,'RFP','<p>Where parts are to be field mounted or fitted, an additional quantity (the material bills call up exact quantities of finished, machined, materials and parts required to produce the complete pressure regulating valve) shall be supplied to cover losses or erection damage (particularly important for such items as tube fittings, pipe fittings, shims, bolts, screws, nuts, etc.).</p>',NULL,'Verbatim','2023-07-01 04:33:32','2023-07-03 19:35:03'),(246,1,1,2,2,1,NULL,246,1,1,'-','TR',NULL,'RFP','CONTRACTOR shall specify the additional quantity clearly in their manufacturing drawings.',NULL,'Verbatim','2023-07-01 04:33:32','2023-07-01 04:33:32'),(247,1,1,2,2,1,NULL,247,1,1,'-','TR',NULL,'RFP','An additional supply of the paint and varnish materials used shall be shipped to site for touch up and repair of the paint finish.',NULL,'Verbatim','2023-07-01 04:33:32','2023-07-01 04:33:32'),(248,1,1,2,2,1,NULL,248,1,1,'-','TR',NULL,'RFP','Threads and seats for all fasteners shall be clean and shall be lubricated at installation.',NULL,'Verbatim','2023-07-01 04:33:32','2023-07-01 04:33:32'),(249,1,1,2,2,1,NULL,249,1,1,'-','TR',NULL,'RFP','Shims shall only be used in locations specified by technical drawings.',NULL,'Verbatim','2023-07-01 04:33:32','2023-07-01 04:33:32'),(250,1,1,2,2,1,NULL,250,1,1,'-','TR',NULL,'RFP','The CONTRACTOR shall ensure that all joints fit uniformly together over their mating surfaces and that there is no mechanical interference between moving parts over the required full range of motion.',NULL,'Verbatim','2023-07-01 04:33:32','2023-07-01 04:33:32'),(251,1,1,2,2,1,NULL,251,1,1,'-','TR',NULL,'RFP','All components requiring positive location to achieve satisfactory performance shall be located by means of dowel pins or fitted bolts, as indicated on the drawings.',NULL,'Verbatim','2023-07-01 04:33:32','2023-07-01 04:33:32'),(252,1,1,2,2,1,NULL,252,1,1,'-','TR',NULL,'RFP','All dowels shall be hand fitted in reamed holes.',NULL,'Verbatim','2023-07-01 04:33:32','2023-07-01 04:33:32'),(253,1,1,2,2,1,NULL,253,1,1,'-','TR',NULL,'RFP','All un-machined surfaces shall be blast-cleaned or hand-cleaned.',NULL,'Verbatim','2023-07-01 04:33:32','2023-07-01 04:33:32'),(254,1,1,2,2,1,NULL,254,1,1,'-','TR',NULL,'RFP','The compressed air used for cleaning shall be free of oil and moisture.',NULL,'Verbatim','2023-07-01 04:33:32','2023-07-01 04:33:32'),(255,1,1,2,2,1,NULL,255,1,1,'-','TR',NULL,'RFP','All mill scale, weld flux and splatter and sharp corners shall be completely removed.',NULL,'Verbatim','2023-07-01 04:33:32','2023-07-01 04:33:32'),(256,1,1,2,2,1,NULL,256,1,1,'-','TR',NULL,'RFP','The following components shall not require permanent surface protection: mating face of flanges, rubber seals, bearings, parts made from stainless steel, non-corrosive parts and any other components which are otherwise protected from corrosion. However, these components shall be protected during manufacturing, transportation and installation.',NULL,'Verbatim','2023-07-01 04:33:32','2023-07-01 04:33:32'),(257,1,1,2,2,1,NULL,257,1,1,'-','TR',NULL,'RFP','All parts received from other sub-contractors or suppliers shall be checked for lubrication and lubricated, if required, before operation. All sealed bearings shall be pre-packed with a suitable grease.',NULL,'Verbatim','2023-07-01 04:33:32','2023-07-01 04:33:32'),(258,1,1,2,2,1,NULL,258,1,1,'-','GR',NULL,'RFP','<p>As built drawings shall be identified by stamping, or printing in bold letters at least 10mm high, the words \"AS BUILT DRAWINGS\" with the following appended certification, \"This drawing has been revised to show this equipment \'as built\'\". This caption shall appear in the lower right-hand corner directly above the title block.</p>',NULL,'Verbatim','2023-07-01 04:33:32','2023-07-03 19:30:48'),(259,1,1,2,2,1,NULL,259,1,1,'-','GR',NULL,'RFP','<p>As installed drawings shall be identified by stamping, or printing in bold letters at least 10mm high, the words \"AS INSTALLED DRAWINGS\" with the following appended certification, \"This drawing has been revised to show this equipment \'as installed\'\". This caption shall appear in the lower right-hand corner directly above the title block.</p>',NULL,'Verbatim','2023-07-01 04:33:32','2023-07-03 19:42:08'),(260,1,1,2,2,1,NULL,260,1,1,'-','TR',NULL,'RFP','On all heat treatment operations, temperature-time charts, and records of quenching treatment, material test, etc., shall be kept and identified with the parts and submitted to the ADMINISTRATION.',NULL,'Verbatim','2023-07-01 04:33:32','2023-07-01 04:33:32'),(261,1,1,2,2,1,NULL,261,1,1,'-','TR',NULL,'RFP','All tubing and components are to be inspected for cleanliness immediately prior to assembly by wiping with a clean, lint free, cloth over the internal surfaces.',NULL,'Verbatim','2023-07-01 04:33:32','2023-07-01 04:33:32'),(262,1,1,2,2,1,NULL,262,1,1,'-','TR',NULL,'RFP','Indication of dust and/or dirt on the cloth means that the item must be recleaned. Inclusion of foreign matter in the oil may cause stiction and/or damage to the sensitive components and overloading of the fine filter.',NULL,'Verbatim','2023-07-01 04:33:32','2023-07-01 04:33:32'),(263,1,1,2,2,1,NULL,263,1,1,'-','TR',NULL,'RFP','Tubing is to be deburred and degreased and capped until actual assembly.',NULL,'Verbatim','2023-07-01 04:33:32','2023-07-01 04:33:32'),(264,1,1,2,2,1,NULL,264,1,1,'-','TR',NULL,'RFP','Fittings are to be degreased and capped.',NULL,'Verbatim','2023-07-01 04:33:32','2023-07-01 04:33:32'),(265,1,1,2,2,1,NULL,265,1,1,'-','TR',NULL,'RFP','Valves shall arrive capped from the valve manufacturer and shall be inspected prior to assembly.',NULL,'Verbatim','2023-07-01 04:33:32','2023-07-01 04:33:32'),(266,1,1,2,2,1,NULL,266,1,1,'-','TR',NULL,'RFP','If foreign matter is apparent in any component, then they are to be solvent cleaned with a non-shredding material (with the exception of the servo valve). If the servo valve is received in a dirty condition, the manufacturer shall be notified. Note that servo valves are usually ultrasonically cleaned and assembled in special \'dust-free\' rooms.',NULL,'Verbatim','2023-07-01 04:33:32','2023-07-01 04:33:32'),(267,1,1,2,2,1,NULL,267,1,1,'-','GR',NULL,'RFP','<p>All test instrumentation and labor shall be supplied by the CONTRACTOR. ADMINISTRATION has right to attend any test as they will.</p>',NULL,'Verbatim','2023-07-01 04:33:32','2023-07-03 19:46:32'),(268,1,1,2,2,1,NULL,268,1,1,'-','TR',NULL,'RFP','The CONTRACTOR shall submit a lubrication schedule for all parts requiring lubrication (i.e.: lubrication of 4281-155M via grease nipples installed on 4281-155K). If possible, the lubricants shall consist of one general grease, one gear oil and one solid lubricant. The final selection will be subject to approval by the ADMINISTRATION. Lubricating fittings shall be provided where required (i.e.: on 4281-155K) and shall be standardized to one type and size so that only one grease gun will be necessary.',NULL,'Verbatim','2023-07-01 04:33:32','2023-07-01 04:33:32'),(269,1,1,2,2,1,NULL,269,1,1,'-','TR',NULL,'RFP','All electrodes used for welding shall be properly stored, baked or dried before and during the welding as suitable for fusion welding of the specified steels.',NULL,'Verbatim','2023-07-01 04:33:32','2023-07-01 04:33:32'),(270,1,1,2,2,1,NULL,270,1,1,'-','TR',NULL,'RFP','Suitable allowance for contraction during welding shall be made in the lengths of the members before welding so that the finished lengths are correct within the specified limits.',NULL,'Verbatim','2023-07-01 04:33:32','2023-07-01 04:33:32'),(271,1,1,2,2,1,NULL,271,1,1,'-','TR',NULL,'RFP','All stiffeners shall be cut to exact lengths so that, when assembled, they bear against the mating structural parts as shown on the drawings.',NULL,'Verbatim','2023-07-01 04:33:32','2023-07-01 04:33:32'),(272,1,1,2,2,1,NULL,272,1,1,'-','TR',NULL,'RFP','The welding procedures used shall be such as to control and minimize distortion and residual stresses. Tack welds, temporary stiffeners, tie bars, preheating and stress relieving during welding may be used for this purpose.',NULL,'Verbatim','2023-07-01 04:33:32','2023-07-01 04:33:32'),(273,1,1,2,2,1,NULL,273,1,1,'-','TR',NULL,'RFP','Where weldments require machining, or where dimensional stability is required to achieve specified tolerances, they shall be stress relieved after welding and prior to machining, in accordance with the applicable provisions of international codes and standards or approved equivalent.',NULL,'Verbatim','2023-07-01 04:33:32','2023-07-01 04:33:32'),(274,1,1,2,2,1,NULL,274,1,1,'-','TR',NULL,'RFP','During heat treatment gas carburizing is preferred and provides a more uniform treatment.',NULL,'Verbatim','2023-07-01 04:33:32','2023-07-01 04:33:32'),(275,1,1,2,2,1,NULL,275,1,1,'-','TR',NULL,'RFP','The profile of an airline surface shall be free of waviness, gouges, steps, and/or other irregularities that may affect the airflow.',NULL,'Verbatim','2023-07-01 04:33:32','2023-07-01 04:33:32'),(276,1,1,2,2,1,NULL,276,1,1,'-','TR',NULL,'RFP','Defects that occur at regular intervals shall be avoided, to prevent the advent of pulsations in the air.',NULL,'Verbatim','2023-07-01 04:33:32','2023-07-01 04:33:32'),(277,1,1,2,2,1,NULL,277,1,1,'-','TR',NULL,'RFP','All surfaces of all components, except where otherwise indicated, shall be finished by machining, shot blasting, grinding, pickling or other approved means. Where an atmospheric corrosion resistant coating is required, the surface shall also be thoroughly cleaned and degreased.',NULL,'Verbatim','2023-07-01 04:33:32','2023-07-01 04:33:32'),(278,1,1,2,2,1,NULL,278,1,1,'-','TR',NULL,'RFP','The purpose of the functional tests is to check the performance of all components of the PRV under various simulated conditions of operation. The tests are intended to show up any deficiencies in the mechanical equipment such as lost motion or backlash in the operating linkages and actuators and in the instrumentation drive devices. Such deficiencies shall be identified and shall be corrected if, in the judgement of the Employer or his representatives, they are of such a nature that the PRV would not be able to operate at the required level of performance and to provide the required operating characteristics.',NULL,'Verbatim','2023-07-01 04:33:33','2023-07-01 04:33:33'),(279,1,1,2,2,1,NULL,279,1,1,'-','TR',NULL,'RFP','The tests will also check the operation of the servo valve, and the position transducer, and will provide a means of identifying the nature and source of deficiencies, if any, and suggest the means for their correction.',NULL,'Verbatim','2023-07-01 04:33:33','2023-07-01 04:33:33'),(281,1,1,2,2,1,NULL,281,1,1,'-','TR',NULL,'RFP','The CONTRACTOR may propose alternate standards for DT and NDT for review and approval by the ADMINISTRATION.',NULL,'Verbatim','2023-07-01 04:33:33','2023-07-01 04:33:33'),(282,1,1,2,2,1,NULL,282,1,1,'GR-282','TR',NULL,'RFP','<p>A hydrostatic test shall be carried out for all pressure containing parts of PRV assembly. For valve body, hydrostatic test shall be done as per the ASME Boiler and Pressure Vessel Code Sec..VIII, UG-99b for the minimum of 1 hour in test pressure. For all other parts, the test details shall be defined by the CONTRACTOR and approved by the ADMINISTRATION.<br>The hydrostatic test must be performed on temporary supports, as the PRV Flexible Supports defined by 4281-158 are not designed to support the additional load from testing. PRV shall not be hydrostatically tested on the Flexible Supports 4281-158A.</p>',NULL,'Verbatim','2023-07-01 14:13:40','2023-07-02 21:28:17'),(283,1,1,2,2,1,NULL,283,1,1,'GR-283','TR',NULL,'RFP','<p>The functional tests for hydraulic cylinder shall include at least the following:</p><ul><li>Cycling Tests</li><li>Internal Leakage Tests</li><li>External Leakage Tests</li><li>Proof Pressure Tests</li><li>Breakaway Pressure Tests</li><li>Cushion veracity (location, type, etc.) and function</li><li>Gland Drain Check</li><li>Intermediate Position Holding:</li></ul><p>The cylinder will often \"shuttle\" the valve to a specific position and hold that position during tunnel operation; the hydraulic cylinder shall be checked to ensure intermediate positions (away from the ends of the cylinder) can be held.</p>',NULL,'Verbatim','2023-07-01 14:15:39','2023-07-03 20:47:43'),(284,1,1,2,2,1,NULL,284,1,1,'GR-284','TR',NULL,'RFP','<p>Hydraulic System Functional Test</p><p>Hydraulic system shall be tested on subsystem level to demonstrate working and relief pressures, mass flow rates are in accordance with 199-159202-001-R02 Specifications and Requirements</p>',NULL,'Verbatim','2023-07-01 14:19:38','2023-07-02 21:28:58'),(285,1,1,2,2,1,NULL,285,1,1,'GR-285','TR',NULL,'RFP','<p>Pressure Regulating Valve Assembly Functional Test</p><p>After assembly of the complete Pressure Regulating Valve, it shall be tested in the CONTRACTOR’s shop, as detailed herein. The purpose of the tests is to check the performance of all PRV Assembly under various simulated conditions of operation.</p><p><br>The tests shall demonstrate the full operation without any deficiencies (such as lost motion or backlash in the operating linkages and actuators and in the instrumentation drive devices, etc.). The Forward/Backward Time Constant (both 63% and 86% time constants), Repeatability, Hysteresis,Dead Time and Dead Band of the Valve Assembly shall be specified and reported by the CONTRACTOR based on the collected data during the tests.</p><p><br>The following steps are highlighted for assembly level functional tests and the CONTRACTOR shall define detailed procedures (subject to ADMINISTRATION approval):</p><ul><li>Low speed full stroke demonstration of PRV sleeve motion (at least 100 repeats required)<ul><li>PRV shall be checked for any wear, tear after each repeat</li></ul></li><li>Frequency response test of PRV sleeve (at least 10 repeats required)<ul><li>PRV shall be checked for any wear, tear after each repeat</li><li>PRV shall follow oscillatory command at the same frequency</li><li>There shall be no loss of motion between sleeve and rods and piston spider</li><li>There shall be no back-lash and lost motion between the sleeve and the position potentiometer.</li></ul></li><li>Step response test of PRV sleeve (at least 10 repeats required, at least 200 tests in total)<ul><li>PRV shall be tested for valve opening and valve closing separately at full stroke.</li><li>Tests are to be done for:<ul><li>25 cm/s</li><li>50 cm/s</li><li>75 cm/s</li><li>125 cm/s</li><li>Maximum velocity (no less than 145 cm/s)</li></ul></li><li>For each case (opening &amp; closing at each speed), a repeat shall be done while excitation is suddenly removed at mid stroke.</li></ul></li><li>Step response test of PRV sleeve (at least 10 repeats required, at least 100 tests in total)<ul><li>PRV shall be tested for valve opening and valve closing separately at full stroke with 10% initial positioning increments.<br>o Tests are to be done for:<br>▪ 25 cm/s<br>▪ 50 cm/s<br>▪ 75 cm/s<br>▪ 125 cm/s<br>▪ Maximum velocity (no less than 145 cm/s)</li></ul></li><li>Ramp response test for PRV sleeve (at least 10 repeats required, at least 100 tests in total)<ul><li>PRV shall be tested for valve opening and valve closing separately at full stroke.</li><li>Tests are to be done for:<ul><li>25 cm/s</li><li>50 cm/s</li><li>75 cm/s</li><li>125 cm/s</li><li>Maximum velocity (no less than 145 cm/s)</li></ul></li></ul></li></ul>',NULL,'Verbatim','2023-07-01 14:29:24','2023-07-03 20:48:59'),(286,1,1,2,2,1,NULL,286,1,1,'GR-286','TR',NULL,'RFP','<p>Pressure Regulating Valve Assembly Simulated Failure Tests</p><p>After successful completion of tests ,the CONTRACTOR shall perform simulated failure tests to demonstrate the PRV Assembly responses to simulated command signal range violation and hydraulic loss cases. Data collected during the tests shall be processed by the CONTRACTOR to report the characteristics of the valve in failure cases.</p><ul><li>Characteristics of the PRV Assembly in Case of Out-of-Range Command Signal (at least 10 repeats required)<ul><li>PRV shall be tested for valve closing separately at full stroke.</li></ul></li><li>Characteristics of the PRV Assembly in Case of Loss of Hydraulics Supply (at least 10 repeats required)<ul><li>PRV shall be tested for valve closing separately at full stroke.</li></ul></li></ul>',NULL,'Verbatim','2023-07-01 14:33:33','2023-07-02 21:29:31'),(287,1,1,2,2,1,NULL,287,1,1,'SCS.PRV.1','TR',NULL,'RFP','<p>The following are to be checked, approved and reported to the ADMINISTRATION by the Third Party.<br>The Pressure Regulating Valve components shall be tested in its original configuration defined by the with 199-159202-001-R02 Specifications and Requirements</p><ul><li>Major Changes from the original configuration shall be subjected to the approval of the ADMINISTRATION.<br>&nbsp;</li></ul>',NULL,'Verbatim','2023-07-01 14:47:21','2023-07-02 18:52:46'),(288,1,1,2,2,1,NULL,288,1,1,'SCS.PRV.2','TR',NULL,'RFP','<p>The following are to be checked, approved and reported to the ADMINSITRATION by the Third Party.</p><p>The CONTRACTOR shall prepare and test specimens at ADMINISTRATION\'s will in accordance with the referenced material standards for steel pressure vessel construction.</p>',NULL,'Verbatim','2023-07-01 14:48:26','2023-07-01 14:50:33'),(289,1,1,2,2,1,NULL,289,1,1,'SCS.PRV.3','TR',NULL,'RFP','<p>The following are to be checked, approved and reported to the ADMINSITRATION by the Third Party.</p><p>During heat treatment adequate specimens with the same grade shall be heat treated at the same time Guides 4281-156Z are carburizing. Hardness tests and other probable destructive tests shall be done on the specimens; however, NDTs are allowed to be done on the main part.</p>',NULL,'Verbatim','2023-07-01 14:51:26','2023-07-01 14:51:26'),(290,1,1,2,2,1,NULL,290,1,1,'SCS.PRV.4','TR',NULL,'RFP','<p>The following are to be checked, approved and reported to the ADMINSITRATION by the Third Party.</p><p>Representative specimens shall be provided with each batch of parts being heat treated.</p><ol><li>These specimens shall be of a size and shape to give properties representative of the reference parts.</li><li>From these specimens, test specimens shall be prepared and tested to determine if the required properties have been achieved.</li><li>The test results shall be submitted to the ADMINISTRATION.<br>&nbsp;</li></ol>',NULL,'Verbatim','2023-07-01 14:52:37','2023-07-02 19:24:13'),(291,1,1,2,2,1,NULL,291,1,1,'SCS.PRV.5','TR',NULL,'RFP','<p>The following are to be checked, approved and reported to the ADMINISTRATION by the Third Party.</p><p>As a general rule, NDT extent for in the Post Weld Heat Treatment (PWHT) stage for the welds that are subject to heat treatment shall be the same as before PWHT.</p>',NULL,'Verbatim','2023-07-01 14:53:14','2023-07-02 19:35:08'),(292,1,1,2,2,1,NULL,292,1,1,'SCS.PRV.6','TR',NULL,'RFP','<p>The following are to be checked, approved and reported to the ADMINSITRATION by the Third Party.</p><p>For fillet welds, the radiography test would be replaced by Ultrasonic test with the same percentage.</p>',NULL,'Verbatim','2023-07-01 14:53:48','2023-07-01 14:55:28'),(293,1,1,2,2,1,NULL,293,1,1,'SCS.PRV.7','TR',NULL,'RFP','<p>The following are to be checked, approved and reported to the ADMINSITRATION by the Third Party.</p><p>Hardness test shall be carried out on the specified surfaces with hardness requirements as specified in the drawings.<br>&nbsp;</p>',NULL,'Verbatim','2023-07-01 14:54:17','2023-07-01 14:54:36'),(294,1,1,2,2,1,NULL,294,1,1,'SCS.PRV.8','TR',NULL,'RFP','<p>The following are to be checked, approved and reported to the ADMINSITRATION by the Third Party.</p><p><br>All components and sub-assemblies of the PRV Assembly shall be dimensionally inspected 100%.</p>',NULL,'Verbatim','2023-07-01 14:55:08','2023-07-01 14:55:08'),(295,1,1,2,2,1,NULL,295,1,1,'SCS.PRV.9','TR',NULL,'RFP','<p>The following are to be checked, approved and reported to the ADMINSITRATION by the Third Party.</p><p>The Hydrostatic Test shall be conducted after the welding and machining operations have been completed and before the moving and controls parts have been assembled into the valve. The test shall be accomplished by closing both ends of the valve with suitable temporary domed or hemispherical heads, filling the valve with water and applying the test pressure for the minimum holding time of 1 hour at the design pressure. The PRV Shell Weldment will not support<br>the weight of the water without adequate support. These supports are to be defined by the CONTRACTOR.</p>',NULL,'Verbatim','2023-07-01 14:57:48','2023-07-02 19:43:11'),(296,1,1,2,2,1,NULL,296,1,1,'SCS.PRV.10','TR',NULL,'RFP','<p>The following are to be checked, approved and reported to the ADMINSITRATION by the Third Party.</p><p>All of the hydraulic fluid used for the tests shall have been previously filtered through a 10-micron absolute filter.</p>',NULL,'Verbatim','2023-07-01 14:58:22','2023-07-01 14:59:56'),(297,1,1,2,2,1,NULL,297,1,1,'SCS.PRV.11','TR',NULL,'RFP','<p>The following are to be checked, approved and reported to the ADMINSITRATION by the Third Party.</p><p>All of the hydraulic system components shall be flushed prior to Factory Acceptance Tests.</p>',NULL,'Verbatim','2023-07-01 14:58:53','2023-07-01 15:00:15'),(298,1,1,2,2,1,NULL,298,1,1,'SCS.PRV.12','TR',NULL,'RFP','<p>The following are to be checked, approved and reported to the ADMINSITRATION by the Third Party.</p><p>For each cleanliness inspection, at least Direct Visual Inspection (white light), Wipe Test and Ultra-Violet Inspection shall be done.</p>',NULL,'Verbatim','2023-07-01 14:59:17','2023-07-01 15:00:30'),(299,1,1,2,2,1,NULL,299,1,1,'TRQ-1','TR',NULL,'RFP','<p>Torque values given in the following table shall be used for regular pitch bolting the fasteners (see TR-70).</p><figure class=\"table\"><table><thead><tr><th colspan=\"4\">Torque (kg*m)</th></tr><tr><th>Bolt Size (mm)</th><th>Strength Category (5.6)</th><th>Strength Category (8.8)</th><th>Strength Category (10.9)</th></tr></thead><tbody><tr><td>4</td><td>0.12</td><td>0.29</td><td>0.4</td></tr><tr><td>5</td><td>0.24</td><td>0.57</td><td>0.8</td></tr><tr><td>6</td><td>0.40</td><td>1.0</td><td>1.4</td></tr><tr><td>7</td><td>0.67</td><td>1.6</td><td>2.3</td></tr><tr><td>8</td><td>0.97</td><td>2.5</td><td>3.5</td></tr><tr><td>10</td><td>2.0</td><td>5.0</td><td>6.0</td></tr><tr><td>12</td><td>3.5</td><td>8.0</td><td>12.0</td></tr><tr><td>14</td><td>5.25</td><td>13.0</td><td>18.0</td></tr><tr><td>16</td><td>8.25</td><td>20.0</td><td>27.0</td></tr><tr><td>18</td><td>12.0</td><td>26.0</td><td>37.0</td></tr><tr><td>20</td><td>16.5</td><td>36.0</td><td>51.0</td></tr><tr><td>22</td><td>21.0</td><td>51.0</td><td>72.0</td></tr><tr><td>24</td><td>25.5</td><td>65.0</td><td>92.0</td></tr><tr><td>27</td><td>27.5</td><td>98.0</td><td>138.0</td></tr><tr><td>30</td><td>52.5</td><td>134.0</td><td>188.0</td></tr></tbody></table></figure><p><strong>Note</strong>: Fasteners are not to be pre-stressed beyond 70% of their yield strength</p>',NULL,'Verbatim','2023-07-02 08:23:20','2023-07-03 18:47:01'),(300,1,1,2,2,1,NULL,300,1,1,'TRQ-2','TR',NULL,'RFP','<p>Torque values given in the following table shall be used for regular pressure bolting fasteners (see TR-71)</p><figure class=\"table\"><table><thead><tr><th>Bolt Size</th><th>Bolt/Stud Material Specification</th><th>K Factor (Note 1)</th><th>Maximum Torque (N.m)</th><th>Maximum Torque (kg.m)</th></tr></thead><tbody><tr><td>M8</td><td>SA 193 B7</td><td>0.2</td><td>15</td><td>2</td></tr><tr><td>M10</td><td>SA 193 B7</td><td>0.2</td><td>31</td><td>3</td></tr><tr><td>M12</td><td>SA 193 B7</td><td>0.2</td><td>54</td><td>5</td></tr><tr><td>M14</td><td>SA 193 B7</td><td>0.2</td><td>86</td><td>9</td></tr><tr><td>M16</td><td>SA 193 B7</td><td>0.2</td><td>137</td><td>14</td></tr><tr><td>M16</td><td>SA 193 B7</td><td>0.2</td><td>186</td><td>19</td></tr><tr><td>M20</td><td>SA 193 B7</td><td>0.2</td><td>267</td><td>27</td></tr><tr><td>M22</td><td>SA 193 B7</td><td>0.2</td><td>368</td><td>38</td></tr><tr><td>M24</td><td>SA 193 B7</td><td>0.2</td><td>407</td><td>41</td></tr><tr><td>M27</td><td>SA 193 B7</td><td>0.2</td><td>686</td><td>70</td></tr><tr><td>M30</td><td>SA 193 B7</td><td>0.2</td><td>927</td><td>95</td></tr><tr><td>M33</td><td>SA 193 B7</td><td>0.2</td><td>1275</td><td>130</td></tr><tr><td>M36</td><td>SA 193 B7</td><td>0.2</td><td>1628</td><td>166</td></tr><tr><td>M39</td><td>SA 193 B7</td><td>0.2</td><td>2126</td><td>217</td></tr><tr><td>M42</td><td>SA 193 B7</td><td>0.2</td><td>2614</td><td>267</td></tr><tr><td>M45</td><td>SA 193 B7</td><td>0.2</td><td>3268</td><td>333</td></tr><tr><td>M48</td><td>SA 193 B7</td><td>0.2</td><td>3930</td><td>401</td></tr><tr><td>M52</td><td>SA 193 B7</td><td>0.2</td><td>5149</td><td>525</td></tr><tr><td>M56</td><td>SA 193 B7</td><td>0.2</td><td>6378</td><td>650</td></tr></tbody></table></figure><p>Note: Fasteners are not to be pre-stressed beyond 60% of their yield strength.</p>',NULL,'Verbatim','2023-07-02 08:39:19','2023-07-03 18:50:21'),(301,1,1,2,2,1,NULL,301,1,1,'REQ-000589','TR',NULL,'RFP','<p>The accumulator lines shall have a pressure switch to operate within required safe pressures, failure to do so should generate a signal.</p>',NULL,'Verbatim','2023-07-03 17:05:03','2023-07-03 18:06:09'),(302,8,8,2,4,3,1,3766,1,1,NULL,'GR',NULL,'Technical Spec 4281-S-1444','<p>The language used in all technical correspondence shall be English.&nbsp;</p>',NULL,'Verbatim','2023-12-09 10:28:06','2023-12-17 11:07:42'),(303,8,8,2,4,3,1,3767,1,1,NULL,'GR',NULL,'Technical Spec 4281-S-1444','<p>The language used in all technical documentation and manuals shall be English.</p>',NULL,'Verbatim','2023-12-09 10:28:53','2023-12-09 10:28:53'),(304,8,8,2,4,3,1,3768,1,1,NULL,'GR',NULL,'Technical Spec 4281-S-1444','<p>All safety related documentation shall be in English.</p>',NULL,'Verbatim','2023-12-09 10:29:39','2023-12-09 10:29:39'),(305,8,8,2,4,3,1,3769,1,1,NULL,'GR',NULL,'Technical Spec 4281-S-1444','<p>All measurements and dimensions of equipment shall be in SI (<span style=\"background-color:rgb(255,255,255);color:rgb(32,33,36);\">Système international)</span> units.</p>',NULL,'Verbatim','2023-12-09 10:30:52','2023-12-09 10:30:52'),(306,8,8,2,4,3,2,3770,1,1,NULL,'TR',NULL,'Technical Spec 4281-S-1444','<p>All materials and finished parts shall be free from internal and external defects such as cracks, laminations, blowholes, inclusions, porosity, lack of welding penetration, undercutting and other defects that may affect strength, soundness, or surface finish.</p>',NULL,'Verbatim','2023-12-09 10:33:25','2023-12-09 10:33:25'),(307,8,8,2,4,3,2,3771,1,1,NULL,'GR',NULL,'Technical Spec 4281-S-1444','<p>The physical properties of the steel to be used in construction of the mechanical/structural equipment shall meet local, international, or ASTM Standards whichever is more stringent.</p>',NULL,'Verbatim','2023-12-09 10:34:22','2023-12-09 10:34:22'),(308,8,8,2,4,3,2,3772,1,1,NULL,'GR',NULL,'Technical Spec 4281-S-1444','<p><span style=\"background-color:rgb(255,255,255);color:rgb(54,54,54);\">Only new materials and equipment shall be used in the supply of the steel shell components system.</span></p>',NULL,'Verbatim','2023-12-09 10:36:19','2023-12-09 10:42:22'),(309,8,8,2,4,3,2,3773,1,1,NULL,'GR',NULL,'Technical Spec 4281-S-1444','<p>Permanent traceability to specific mill test certificates shall be provided for all materials.</p>',NULL,'Verbatim','2023-12-09 10:37:01','2023-12-09 10:42:47'),(310,8,8,2,4,3,2,3774,1,1,NULL,'TR',NULL,'Technical Spec 4281-S-1444','<p>Unless otherwise noted, structural components such as:&nbsp;</p><ul><li>Side walls stiffeners, jack beam reinforcements shall be constructed from steel class:<ul><li>ASTM A572 Gr. 50 or equivalent, subject to the Administration’s approval</li></ul></li><li>Support structure and side bracing shall be constructed from steel class:<ul><li>ASTM A36 or equivalent, subject to the Administration’s approval</li></ul></li></ul>',NULL,'Verbatim','2023-12-09 10:43:41','2024-01-07 13:45:22'),(311,8,8,2,4,3,2,3775,1,1,NULL,'GR',NULL,'Technical Spec 4281-S-1444','<p>All pressure retaining materials shall be in accordance with the ASME Code, Section II and shall be as follows unless otherwise specified:&nbsp;</p><ul><li>Side walls shell plate shall be constructed from steel class:&nbsp;<ul><li>ASME SA516 Gr. 70 or equivalent subject to the Administration’s approval</li></ul></li></ul><p>with</p><figure class=\"table\" style=\"width:80%;\"><table><tbody><tr><td style=\"text-align:justify;\">Charpy V-notch Impact Energy (KV):&nbsp;</td><td style=\"text-align:justify;\"><p>27 Joules @ -20⁰ C&nbsp;</p><p>34 Joules @ 0⁰ C</p></td></tr></tbody></table></figure><p>&nbsp;</p><p>&nbsp;</p>',NULL,'Verbatim','2023-12-09 10:45:14','2024-01-07 13:48:16'),(312,8,8,2,4,3,2,3776,1,1,NULL,'GR',NULL,'Technical Spec 4281-S-1444','<p>All welding materials used for fabrication of the pressure boundary surfaces of the side wall (“the shell”) shall be certified and tested in accordance with the requirements of the \"<i>ASME </i><span style=\"background-color:rgb(245,245,245);color:rgb(27,25,25);\"><i>Boiler and Pressure Vessel Code (BPVC)</i></span><i>, Section IX-Welding, Brazing, and Fusing Qualifications</i>\"</p>','<p><a href=\"https://www.asme.org/codes-standards/find-codes-standards/bpvc-ix-bpvc-section-ix-welding-brazing-fusing-qualifications/2023/print-book\"><span style=\"background-color:rgb(245,245,245);color:rgb(27,25,25);\">Boiler and Pressure Vessel Code (BPVC) </span>Section IX-Welding, Brazing, and Fusing Qualifications BPVC.IX - 2023</a></p>','Verbatim','2023-12-09 10:45:33','2024-01-07 13:52:04'),(313,8,8,2,4,3,3,3777,1,1,NULL,'TR',NULL,'Technical Spec 4281-S-1444','<p>Welding procedure specifications and welding operators shall be qualified in accordance with AWS (American Welding Society) or Turkish qualification requirements.</p>',NULL,'Verbatim','2023-12-09 10:48:45','2023-12-09 10:48:45'),(314,8,8,2,4,3,3,3778,1,1,NULL,'GR',NULL,'Technical Spec 4281-S-1444','<p>Welding of the steel shell shall be done by qualified welders in accordance with ASME Boiler and Pressure Vessel Code (BPVC) Section IX.</p>',NULL,'Verbatim','2023-12-09 10:49:20','2023-12-09 10:49:20'),(315,8,8,2,4,3,3,3779,1,1,NULL,'GR',NULL,'Technical Spec 4281-S-1444','<p>The Contractor shall provide certification that welders to be employed in work have satisfactorily passed qualification tests.</p>',NULL,'Verbatim','2023-12-09 10:49:55','2023-12-09 10:49:55'),(316,8,8,2,4,3,3,3780,1,1,NULL,'GR',NULL,'Technical Spec 4281-S-1444','<p>If recertification of welders is required, retesting will be Contractor\'s responsibility.</p>',NULL,'Verbatim','2023-12-09 10:50:17','2023-12-09 10:50:17'),(317,8,8,2,4,3,3,3781,1,1,NULL,'GR',NULL,'Technical Spec 4281-S-1444','<p>All weld sizes and types shall be specified on the Contractor\'s shop detail and assembly drawings. In general, the weld symbols are as per ISO standards.</p>',NULL,'Verbatim','2023-12-09 11:03:01','2023-12-09 11:03:01'),(318,8,8,2,4,3,3,3782,1,1,NULL,'TR',NULL,'Technical Spec 4281-S-1444','<p>Welding of steel parts other than the shell shall be by the metallic electric arc process and shall conform to the applicable provisions of the AWS Standards or equivalent Turkish Standards.</p>',NULL,'Verbatim','2023-12-09 11:03:33','2023-12-09 11:03:33'),(319,8,8,2,4,3,3,3783,1,1,NULL,'TR',NULL,'Technical Spec 4281-S-1444','<p>Welding of the steel shell shall be by the metallic electric arc process and shall conform to the applicable provisions of the ASME BPVC.</p>','<p>ASME Boiler and Pressure Vessel Code (BPVC)</p>','Verbatim','2023-12-09 11:05:01','2023-12-09 11:05:10'),(320,8,8,2,4,3,3,3784,1,1,NULL,'GR',NULL,'Technical Spec 4281-S-1444','<p>All structural members shall be accurately cut and fitted, securely fixed, jigged or braced before welding to finally achieve the specified dimensions and tolerances.</p>',NULL,'Verbatim','2023-12-09 11:05:32','2023-12-09 11:05:32'),(321,8,8,2,4,3,3,3785,1,1,NULL,'GR',NULL,'Technical Spec 4281-S-1444','<p>Surfaces to be welded shall be clean, dry and free from loose scale, paint or grease. All butt welds shall be continuous, complete full penetration unless otherwise shown on the drawings.</p>',NULL,'Verbatim','2023-12-09 11:05:52','2023-12-09 11:05:52'),(322,8,8,2,4,3,3,3786,1,1,NULL,'GR',NULL,'Technical Spec 4281-S-1444','<p>In the fabrication of built up members, all butt welds in each component shall be completed before such components are welded to other parts of the welded assembly. Suitable allowance for contraction during welding shall be made in the lengths of the steel parts so that the finished lengths are correct within the specified limits.</p>',NULL,'Verbatim','2023-12-09 11:06:26','2023-12-09 11:06:26'),(323,8,8,2,4,3,3,3787,1,1,NULL,'GR',NULL,'Technical Spec 4281-S-1444','<p>All stiffeners shall be cut to exact lengths so that when assembled they bear against the mating structural parts as shown on the drawings.</p>',NULL,'Verbatim','2023-12-09 11:06:47','2023-12-09 11:06:47'),(324,8,8,2,4,3,3,3788,1,1,NULL,'GR',NULL,'Technical Spec 4281-S-1444','<p>Welds shall be free of splatter, slag, excessive oxides and arc scars. Weld beads shall be free of pin holes and surface cracks and shall have uniform surface ripples and little or no indication of the starting location of a new section of filler metal.</p>',NULL,'Verbatim','2023-12-09 11:07:16','2023-12-09 11:07:16'),(325,8,8,2,4,3,3,3789,1,1,NULL,'GR',NULL,'Technical Spec 4281-S-1444','<p>To clear corner (fillet welds) and butt welds, cut-outs shall be provided in all gusset plates and stiffener web corners and in stiffener webs where they cross the shell butt weld joints. The radius of the cut-outs shall be equal to or greater than the thickness of the plate plus 15 mm. Note that the welds shall be continuous at the cut-out interface with the adjoining plate or member. For an illustration see the figure below.</p><figure class=\"image\"><img style=\"aspect-ratio:1152/474;\" src=\"https://requirements.kapkara.one/media/4/image.png\" width=\"1152\" height=\"474\"></figure>',NULL,'Verbatim','2023-12-09 11:07:41','2023-12-10 19:45:03'),(326,8,8,2,4,3,3,3790,1,1,NULL,'GR',NULL,'Technical Spec 4281-S-1444','<p>The welding procedures used shall be such as to control and minimize distortion and residual stresses. Tack welds, temporary stiffeners, tie bars, peening, preheating and stress relieving during welding may be used for this purpose. Welds that show a note for complete penetration require the Contractor to confirm the chosen methodology with the Administration.</p>',NULL,'Verbatim','2023-12-09 11:08:30','2024-01-07 13:59:38'),(327,8,8,2,4,3,3,3791,1,1,NULL,'GR',NULL,'Technical Spec 4281-S-1444','<p>Weldments which require machining or where dimensional stability is required to achieve specified tolerances shall be stress relieved after welding and prior to machining, in accordance with the provisions of the applicable provisions of the Turkish Standards or equivalent. Stress relieving of the side wall assembly shall comply with the ASME BPVC Section VIII, Div. 1 for pressure retaining material.</p>',NULL,'Verbatim','2023-12-09 11:08:49','2023-12-09 11:08:49'),(328,8,8,2,4,3,3,3792,1,1,NULL,'TR',NULL,'Technical Spec 4281-S-1444','<p>The welding and stress relieving procedures shall be the Contractor\'s responsibility and shall be subject to review by the Administration.</p>',NULL,'Verbatim','2023-12-09 11:09:25','2024-01-07 14:00:26'),(329,8,8,2,4,3,3,3793,1,1,NULL,'GR',NULL,'Technical Spec 4281-S-1444','<p>The Administration may require the Contractor to prepare and test specimens from time to time in accordance with Turkish Standards or equivalent.</p>',NULL,'Verbatim','2023-12-09 11:09:44','2024-01-07 14:00:55'),(330,8,8,2,4,3,4,3794,1,1,NULL,'GR',NULL,'Technical Spec 4281-S-1444','<p>The Contractor shall submit complete heat treatment specifications for all parts requiring heat treatment to meet the properties specified on the drawings. For all heat treatment operations, temperature-time charts and records of quenching treatment, material tests, etc., shall be available to the Administration. All records shall be identified with the parts.</p>',NULL,'Verbatim','2023-12-10 19:47:08','2024-01-07 14:01:35'),(331,8,8,2,4,3,4,3795,1,1,NULL,'GR',NULL,'Technical Spec 4281-S-1444','<p>For side wall assembly ASME BPVC Section VIII and Section IX guidelines shall be taken into consideration for proposing preheating, PWHT (Post Weld Heat Treatment) and stress releasing procedures by the Contractor.</p>',NULL,'Verbatim','2023-12-10 19:48:01','2024-01-07 14:05:21'),(332,8,8,2,4,3,4,3796,1,1,NULL,'GR',NULL,'Technical Spec 4281-S-1444','<p>Representative specimens shall be provided with each batch of parts being heat treated. These specimens shall be of size and shape to give properties representative of the reference parts. From these specimens, test specimens shall be prepared and shall be tested to determine if the required properties have been achieved.</p>',NULL,'Verbatim','2023-12-10 19:48:24','2023-12-10 19:48:24'),(333,8,8,2,4,3,5,3797,1,1,NULL,'GR',NULL,'Technical Spec 4281-S-1444','<p>All threaded fasteners shall be per EN ISO 898 Standards. Strength categories used shall be as specified on the drawings. If no grade is specified, Grade 10.9 shall be supplied.</p>',NULL,'Verbatim','2023-12-10 19:49:53','2023-12-10 19:49:53'),(334,8,8,2,4,3,5,3798,1,1,NULL,'GR',NULL,'Technical Spec 4281-S-1444','<p>All high strength fasteners (class 10.9 or higher) shall be zinc-aluminum flake coated as specified in EN ISO 10683. All fasteners class 8.8 and below strength shall be corrosion protected by zinc-nickel plating as specified in EN ISO 4042.</p>',NULL,'Verbatim','2023-12-10 19:50:20','2023-12-10 19:50:20'),(335,8,8,2,4,3,5,3799,1,1,NULL,'GR',NULL,'Technical Spec 4281-S-1444','<p>All dowel pins shall be through hardened and ground alloy steel as per EN ISO 8734 or ANSI B18.8.5M.</p>',NULL,'Verbatim','2023-12-10 19:50:45','2023-12-10 19:50:45'),(336,8,8,2,4,3,5,3800,1,1,NULL,'GR',NULL,'Technical Spec 4281-S-1444','<p>All threaded fasteners subjected to test conditions or where specified on the drawings, shall be positively secured, locked, or prevented from loosening by mechanical means and thread locking compound (Loctite 243), mechanical means such as wire locking or other methods as approved by the Engineer. Where mechanical locking is impracticable Loctite 243 only is acceptable.&nbsp;</p><p>Friction is not considered a positive locking method. Threads and seats for all fasteners shall be clean and shall be suitably lubricated at installation.</p>',NULL,'Verbatim','2023-12-10 19:51:53','2023-12-10 19:51:53'),(337,8,8,2,4,3,5,3801,1,1,NULL,'GR',NULL,'Technical Spec 4281-S-1444','<p>The tightening torque requirements for threaded fasteners shall be as specified in following Table and a tolerance of ±5% shall be allowed on the specified torque values.&nbsp;</p><figure class=\"table\" style=\"width:60%;\"><table style=\"background-color:hsl(0, 0%, 90%);border-style:solid;\"><thead><tr><th style=\"text-align:center;\">Bolt Size (mm)</th><th style=\"text-align:center;\"><p>Strength Category 10.9</p><p>Tightening Torque [Nm]</p></th><th style=\"text-align:center;\"><p>Strength Category 12.9</p><p>Tightening Torque [Nm]</p></th></tr></thead><tbody><tr><td style=\"text-align:right;\">3</td><td style=\"text-align:right;\">1.40</td><td style=\"text-align:right;\">1.67</td></tr><tr><td style=\"text-align:right;\">4</td><td style=\"text-align:right;\">3.24</td><td style=\"text-align:right;\">3.79</td></tr><tr><td style=\"text-align:right;\">5</td><td style=\"text-align:right;\">6.29</td><td style=\"text-align:right;\">7.36</td></tr><tr><td style=\"text-align:right;\">6</td><td style=\"text-align:right;\">10.86</td><td style=\"text-align:right;\">12.71</td></tr><tr><td style=\"text-align:right;\">8</td><td style=\"text-align:right;\">26.08</td><td style=\"text-align:right;\">30.52</td></tr><tr><td style=\"text-align:right;\">10</td><td style=\"text-align:right;\">50.98</td><td style=\"text-align:right;\">59.65</td></tr><tr><td style=\"text-align:right;\">12</td><td style=\"text-align:right;\">87.45</td><td style=\"text-align:right;\">102.34</td></tr><tr><td style=\"text-align:right;\">14</td><td style=\"text-align:right;\">138.42</td><td style=\"text-align:right;\">161.98</td></tr><tr><td style=\"text-align:right;\">16</td><td style=\"text-align:right;\">212.44</td><td style=\"text-align:right;\">248.60</td></tr><tr><td style=\"text-align:right;\">18</td><td style=\"text-align:right;\">297.96</td><td style=\"text-align:right;\">373.33</td></tr><tr><td style=\"text-align:right;\">20</td><td style=\"text-align:right;\">414.87</td><td style=\"text-align:right;\">485.49</td></tr><tr><td style=\"text-align:right;\">24</td><td style=\"text-align:right;\">715.11</td><td style=\"text-align:right;\">836.83</td></tr><tr><td style=\"text-align:right;\">27</td><td style=\"text-align:right;\">1036.35</td><td style=\"text-align:right;\">1212.75</td></tr><tr><td style=\"text-align:right;\">30</td><td style=\"text-align:right;\">1398.18</td><td style=\"text-align:right;\">1637.10</td></tr></tbody></table></figure><p style=\"text-align:center;\">Maximum Permissible Tightening Torque – Coarse Pitch Thread&nbsp;</p><p style=\"text-align:center;\"><i>(Calculated for: µK = µG = 0.11, non-electrolytic zinc flake coating with a topcoat applied to provide controlled friction coefficient of threaded parts 60% utilization of yield strength Rp0.2, medium clearance holes / fit class normal EN ISO 20273)</i></p><p>All clearance holes for threaded fasteners shall be according to EN ISO 20273, classification medium.</p>',NULL,'Verbatim','2023-12-10 19:56:17','2024-01-07 14:12:43'),(338,8,8,2,4,3,6,3802,1,1,NULL,'TR',NULL,'Technical Spec 4281-S-1444','<p>Locations of shims for fitting purposes have been specified on the drawings.&nbsp;</p><p>The Contractor shall not use shims in locations other than those specified without the approval of Administration</p>',NULL,'Verbatim','2023-12-17 10:06:40','2023-12-17 10:06:40'),(339,8,8,2,4,3,6,3803,1,1,NULL,'GR',NULL,'Technical Spec 4281-S-1444','<p>The Contractor shall ensure that all joints fit uniformly together over their mating surfaces and that there is no mechanical interference between moving parts over the required full range of motion.&nbsp;</p>',NULL,'Verbatim','2023-12-17 10:07:49','2023-12-17 10:07:49'),(340,8,8,2,4,3,6,3804,1,1,NULL,'GR',NULL,'Technical Spec 4281-S-1444','<p>Shims shall be cold rolled or machined material of uniform thickness.</p>',NULL,'Verbatim','2023-12-17 10:08:04','2023-12-17 10:08:04'),(341,8,8,2,4,3,6,3805,1,1,NULL,'GR',NULL,'Technical Spec 4281-S-1444','<p>All components requiring positive location (fixed and locked) to achieve satisfactory performance shall be located by means of dowel pins or fitted bolts, as indicated on the drawings. All dowels shall be hand fitted to reamed holes.</p>',NULL,'Verbatim','2023-12-17 10:10:21','2023-12-17 10:10:21'),(342,8,8,2,4,3,6,3806,1,1,NULL,'GR',NULL,'Technical Spec 4281-S-1444','<p>The dimensional tolerances specified on the drawings shall be interpreted as the maximum permissible deviations from the basic dimensions or total indicated reading in the case of cylindrical components.&nbsp;</p><p>All dimensions given are to finished surfaces and the Contractor shall provide allowance for machining, shrinkage due to welding and/or fitting of components.</p>',NULL,'Verbatim','2023-12-17 10:14:17','2023-12-17 10:14:17'),(343,8,8,2,4,3,6,3807,1,1,NULL,'GR',NULL,'Technical Spec 4281-S-1444','<p>Whenever a fit or tolerance has not been specified on a dimension or by the tolerance table on the engineering drawings the Contractor shall use fits and tolerances normally acceptable for similar types of equipment, and generally consistent with the overall assembly. The tolerance table shall be used generally for components of secondary importance where their accuracy will have a minor effect on the overall performance of the equipment.</p>',NULL,'Verbatim','2023-12-17 10:16:54','2023-12-17 10:16:54'),(344,8,8,2,4,3,6,3808,1,1,NULL,'TR',NULL,'Technical Spec 4281-S-1444','<p>Since inner surfaces of shell structure serve as an aerodynamic component of the wind tunnel, all inside airflow surfaces shall be smooth and free from discontinuities as given on drawings 4281-241 (Flexible Nozzle Flexible Plate), related referred drawings.</p><p>Forward facing and rearward facing steps into and out of the flow must be minimized. Similarly, the flatness and dimensional accuracy for each component must be controlled.&nbsp;</p><p>To meet this requirement the following sub-requirements shall be met unless otherwise specified on the drawings:</p><ul><li><span style=\"background-color:rgb(255,255,255);color:rgb(74,74,74);\">Final components assembly tolerances as per </span><a href=\"https://requirements.kapkara.one/requirements/view/345\"><span style=\"background-color:rgb(255,255,255);color:rgb(74,74,74);\">TR 3809</span></a><span style=\"background-color:rgb(255,255,255);color:rgb(74,74,74);\">.</span></li><li><span style=\"background-color:rgb(255,255,255);color:rgb(74,74,74);\">Components assembly centerline requirement as per </span><a href=\"https://requirements.kapkara.one/requirements/view/346\"><span style=\"background-color:rgb(255,255,255);color:rgb(74,74,74);\">TR 3810</span></a><span style=\"background-color:rgb(255,255,255);color:rgb(74,74,74);\">.</span></li><li><span style=\"background-color:rgb(255,255,255);color:rgb(74,74,74);\">Established wind tunnel centerline relation to component features as per </span><a href=\"https://requirements.kapkara.one/requirements/view/347\"><span style=\"background-color:rgb(255,255,255);color:rgb(74,74,74);\">TR 3811</span></a><span style=\"background-color:rgb(255,255,255);color:rgb(74,74,74);\">.</span></li><li><span style=\"background-color:rgb(255,255,255);color:rgb(74,74,74);\">Settling chamber positioning requirement as per </span><a href=\"https://requirements.kapkara.one/requirements/view/348\"><span style=\"background-color:rgb(255,255,255);color:rgb(74,74,74);\">TR 3812.</span></a></li><li><span style=\"background-color:rgb(255,255,255);color:rgb(74,74,74);\">Component level completeness requirement as per </span><a href=\"https://requirements.kapkara.one/requirements/view/349\"><span style=\"background-color:rgb(255,255,255);color:rgb(74,74,74);\">TR 3813</span></a><span style=\"background-color:rgb(255,255,255);color:rgb(74,74,74);\">.</span></li></ul>',NULL,'Verbatim','2023-12-17 10:29:59','2024-01-07 14:21:43'),(345,8,8,2,4,3,6,3809,1,1,NULL,'TR',NULL,'Technical Spec 4281-S-1444','<p><span style=\"background-color:rgb(255,255,255);color:rgb(54,54,54);\">Scope of this requirement is defined in parent requirement &nbsp;</span><a href=\"https://requirements.kapkara.one/requirements/view344\">TR-3803</a><span style=\"background-color:rgb(255,255,255);color:rgb(54,54,54);\">.</span></p><p>Final high-level components assembly tolerances shall be in line with the requirements outlined in the reference drawing 4281-103.</p>',NULL,'Verbatim','2023-12-17 10:43:17','2023-12-17 11:02:55'),(346,8,8,2,4,3,6,3810,1,1,NULL,'TR',NULL,'Technical Spec 4281-S-1444','<p><span style=\"background-color:rgb(255,255,255);color:rgb(54,54,54);\">Scope of this requirement is defined in parent requirement &nbsp;</span><a href=\"https://requirements.kapkara.one/requirements/view344\">TR-3803</a><span style=\"background-color:rgb(255,255,255);color:rgb(54,54,54);\">.</span></p><p>A working line must be established coincident with the true wind tunnel centerline, and the optical axis of the aligning instrument must be coincident with this centerline.</p>',NULL,'Verbatim','2023-12-17 10:46:08','2024-01-07 14:22:23'),(347,8,8,2,4,3,6,3811,1,1,NULL,'TR',NULL,'Technical Spec 4281-S-1444','<p><span style=\"background-color:rgb(255,255,255);color:rgb(54,54,54);\">Scope of this requirement is defined in parent requirement &nbsp;</span><a href=\"https://requirements.kapkara.one/requirements/view344\">TR-3803</a><span style=\"background-color:rgb(255,255,255);color:rgb(54,54,54);\">.</span></p><p><span style=\"background-color:rgb(255,255,255);color:rgb(54,54,54);\">In order that the wind tunnel components can be erected and aligned in accordance with the drawings and specified tolerances, the established wind tunnel centerline must be in a certain relation to all anchor bolts and coincide with the corrected centerline of the air storage outlet flange. (corrections must be made for deflection and anticipated movements due to pressure variation in the air storage tanks and temperature changes.)</span></p>',NULL,'Verbatim','2023-12-17 10:50:38','2023-12-17 11:02:26'),(348,8,8,2,4,3,6,3812,1,1,NULL,'TR',NULL,'Technical Spec 4281-S-1444','<p style=\"margin-left:0px;\"><span style=\"background-color:rgb(255,255,255);color:rgb(54,54,54);\">Scope of this requirement is defined in parent requirement &nbsp;</span><a href=\"https://requirements.kapkara.one/requirements/view344\">TR-3803</a><span style=\"background-color:rgb(255,255,255);color:rgb(54,54,54);\">.</span></p><p style=\"margin-left:0px;\">When the settling chamber is finally erected and aligned, it will become the reference point for location and alignment of subsequent wind tunnel components. It is essential that positioning and alignment of the settling chamber be done very accurately in accordance with this its technical specification and drawings.</p>',NULL,'Verbatim','2023-12-17 10:56:17','2023-12-17 11:02:13'),(349,8,8,2,4,3,6,3813,1,1,NULL,'TR',NULL,'Technical Spec 4281-S-1444','<p style=\"margin-left:0px;\"><span style=\"background-color:rgb(255,255,255);color:rgb(54,54,54);\">Scope of this requirement is defined in parent requirement &nbsp;</span><a href=\"https://requirements.kapkara.one/requirements/view344\">TR-3803</a><span style=\"background-color:rgb(255,255,255);color:rgb(54,54,54);\">.</span></p><p>To ensure that final location and alignment is within the specified tolerances, dimensional checks shall be performed after each step-in assembly and major welding operation. In addition, a complete inspection shall be performed at each stage of erection to satisfy all the tolerance requirements. These inspection records shall be identified and kept for reference for the erection and alignment of the other wind tunnel components.</p>',NULL,'Verbatim','2023-12-17 10:57:22','2023-12-17 11:02:00'),(350,8,8,2,4,3,7,3814,1,1,NULL,'TR',NULL,'Technical Spec 4281-S-1444','<p>The Jack Station sub-assemblies (Drawing 4281-245) shall be installed so that trunnion beam axis X-X (Drawing 4281-245) are:</p><ul><li>horizontal&nbsp;</li><li>and perpendicular to flexible longitudinal centerline within 0.5 mm in 1200 mm&nbsp;</li><li>and all the other requirements specified on drawing 4281-245 are satisfied.</li></ul>',NULL,'Verbatim','2023-12-17 16:45:22','2023-12-17 16:45:22'),(351,8,8,2,4,3,7,3815,1,1,NULL,'TR',NULL,'Technical Spec 4281-S-1444','<p>Before the flexible plates are installed, the stroke of the hydraulic cylinders shall be adjusted so that maximum error for inner limit locations does not exceed tolerances provided in notes 1) and 2) below:</p><ol><li>Y-Dimension tolerances shall be as follows:&nbsp;<ul><li>The tolerance for innermost contour Y-dimensions shall be +0.25/-0 mm for jack stations 1, 11, 12, 13, 14, 15, 16, 19 and +0.50/-0 mm for all other jack stations.&nbsp;</li><li>The tolerance for outermost contour Y-dimensions shall be +0/-0.25 mm for jack stations 1 and 19. The tolerance for outermost contour Y-dimensions on all other jack stations shall be +0/-0.75 mm.</li></ul></li><li>X-Dimension tolerance shall be +/- 0.5 mm for both innermost and outermost contours at all jack stations.</li></ol><p>Also, the stroke of all jack stations shall be checked to assure that the full range between innermost and outermost contours is available.</p>',NULL,'Verbatim','2023-12-17 16:49:43','2023-12-17 16:49:43'),(352,8,8,2,4,3,7,3816,1,1,NULL,'GR',NULL,'Technical Spec 4281-S-1444','<p>When the Flexible Plates are installed, the jack stations and their drives shall be adjusted to meet the following requirements:&nbsp;</p><ul><li>When hydraulic cylinders are fully extended and 1900 psi pressure applied, the inside surfaces of the flexible plates shall form a contour defined as the innermost contour within dimensions specified in drawing 4281-240. Note that this plate position lies beyond the envelope of all Mach number contours.</li><li>When screw jacks are set to zero counter reading and the flexible plates are retracted with applied hydraulic pressure of 2800 psi, the inside surfaces of the flexible plates shall form a contour defined as outermost contour within dimensions specified in drawing 4281-240.</li><li>The maximum twist in flexible plates from jack station to sack station or upstream and downstream hinges shall not exceed 0.05 mm in 1200 mm width.</li><li>At any cross-section normal to tunnel centerline along the full length of the flexible nozzle, the inside surface of the flexible plates shall be horizontal within 0.4 mm.</li></ul>',NULL,'Verbatim','2023-12-17 16:51:50','2023-12-17 16:51:50'),(353,8,8,2,4,3,8,3817,1,1,NULL,'TR',NULL,'Technical Spec 4281-S-1444','<p>Alignment of jack beams shall be done by shimming at upstream end. Flange bolts shall not be tightened, and shimming shall not be completed until all jack station subassemblies, upstream hinges, downstream hinges and flexible plates are supported from jack beams. Only when all of the following alignment requirements are satisfied and the above equipment assembled and supported from jack beams shall the flange bolts be tightened, and dowels be installed. Alignment tolerances apply after bolts are tightened.</p>',NULL,'Verbatim','2023-12-17 16:55:30','2023-12-17 16:56:01'),(354,8,8,2,4,3,8,3818,1,1,NULL,'TR',NULL,'Technical Spec 4281-S-1444','<p>The jack beams and support structure shall be installed and aligned to the following requirements:&nbsp;</p><ul><li>The vertical surface ‘A’ on drawing 4281-221 of upper and lower jack beams shall be contained in a vertical plane within 0.25 mm and shall be equidistant from tunnel centerline within 1.5 mm and parallel to the tunnel centerline within 1.5 mm over the full length of the jack beams.&nbsp;</li><li>The mounting surfaces of downstream hinges on jack beams shall be equidistant from the tunnel centerline within 1.5 mm.</li><li>The downstream surface ‘C’ on drawing 4281-221 of upper and lower jack beams shall not deviate from a vertical plane perpendicular to the tunnel centerline by more than +/- 0.4 mm over its full area.</li></ul>',NULL,'Verbatim','2023-12-17 16:57:44','2023-12-17 16:57:44'),(355,8,8,2,4,3,8,3819,1,1,NULL,'TR',NULL,'Technical Spec 4281-S-1444','<p>The downstream end surfaces ‘D’ of both side walls on drawing 4281-231 shall be aligned with downstream surfaces ‘A’ on drawing 4281-220 so that that all these surfaces are in the same plane perpendicular to tunnel centerline within +/- 0.4 mm.&nbsp;</p><p>At the same time, gap and step requirements as specified under Section E-E on drawing 4281-215 are met.</p>',NULL,'Verbatim','2023-12-17 17:00:11','2023-12-17 17:00:11'),(356,8,8,2,4,3,8,3820,1,1,NULL,'GR',NULL,'Technical Spec 4281-S-1444','<p>Both side walls shall be adjusted on trolleys to obtain the best alignment of shear pin holes (jack beams fully loaded) when the sidewalls are in contact with jack beams.</p><p><span style=\"color:hsl(0, 75%, 60%);\">Hedefin ne olduğu yazılmalı</span></p>',NULL,'Verbatim','2023-12-17 17:01:22','2023-12-17 17:01:22'),(357,8,8,2,4,3,8,3821,1,1,NULL,'TR',NULL,'Technical Spec 4281-S-1444','<p>At final assembly on jack beams the center lines of the hinge shafts of upper and lower hinges shall be parallel with an <span style=\"color:hsl(0, 0%, 0%);\">horizontal plan</span><span style=\"color:hsl(0,75%,60%);\"> </span>and to one another in vertical and horizontal planes within 0.25 mm <span style=\"color:hsl(0, 0%, 0%);\">full length.</span></p>',NULL,'Verbatim','2023-12-17 17:02:15','2024-01-07 14:29:53'),(358,8,8,2,4,3,6,3822,1,1,NULL,'TR',NULL,'Technical Spec 4281-S-1444','<p>Unless otherwise indicated on the drawing, the steps at the airline<span style=\"color:hsl(0, 0%, 0%);\"> (aerodynamic surfaces) b</span>etween each component interface shall be limited to 2.0 mm into the air stream, and 0.0 mm out of the air stream transverse to the airflow direction.&nbsp;</p><p>All gaps between components shall be less than 0.5 mm in width.</p>',NULL,'Verbatim','2023-12-17 17:07:18','2024-01-07 14:30:31'),(359,8,8,2,4,3,9,3823,1,1,NULL,'GR',NULL,'Technical Spec 4281-S-1444','<p>The Contractor shall comply with the following for the delivery, storage and handling of the equipment:&nbsp;</p><ol><li>Deliver materials to site at such intervals to ensure uninterrupted progress of work.</li><li>Deliver anchor bolts and anchorage devices, which are to be embedded in cast in place concrete or masonry, in ample time to not to delay work.</li><li>Store materials to permit easy access for inspection and identification. Keep steel members off ground by using pallets, platforms, or other supports. Protect steel members and packaged materials from erosion and deterioration. If bolts and nuts become dry or rusty, clean and relubricate before use.&nbsp;</li><li>Do not store materials on structure in a manner that might cause distortion or damage to members or supporting structures. Repair or replace damaged materials or structures as directed (by Administration).</li><li>The Contractor shall arrange for temporary storage and protection of the equipment at site, in the event the installation activities do not commence upon immediate delivery of the equipment and all related components. The method of storage shall guarantee the safeguarding from damage of all equipment (and/or related installation tools) within the Contractor’s scope of work.</li></ol>',NULL,'Verbatim','2023-12-23 09:17:39','2023-12-23 09:17:39'),(360,8,8,2,4,3,9,3824,1,1,NULL,'GR',NULL,'Technical Spec 4281-S-1444','<p>The Contractor shall provide all necessary temporary supports and bracings to prevent overloading of the floors, walls, etc. while the equipment is being installed. The weights of all pieces of equipment shall be calculated by the Contractor and shall be moved into position in a manner and at a time approved by the Administration.</p>',NULL,'Verbatim','2023-12-23 09:20:26','2023-12-23 09:20:26'),(361,8,8,2,4,3,9,3825,1,1,NULL,'GR',NULL,'Technical Spec 4281-S-1444','<p>Since Wind Tunnel floor will be finished before the site fabrication and assembly of the wind tunnel components, the floor shall be protected against any damage to the surface and against overloading by the Contractor.</p>',NULL,'Verbatim','2023-12-23 09:22:36','2023-12-23 09:22:36'),(362,8,8,2,4,3,9,3826,1,1,NULL,'GR',NULL,'Technical Spec 4281-S-1444','<p>The floor area necessary for assembly and erection, to be determined by the Contractor, shall be completely protected by the Contractor. Point loads shall not be applied directly to the concrete floor but through a resilient layer of protective material. The maximum point load shall not exceed the maximum allowable for the concrete floor.</p>',NULL,'Verbatim','2023-12-23 09:24:14','2023-12-23 09:24:14'),(363,8,8,2,4,3,9,3827,1,1,NULL,'GR',NULL,'Technical Spec 4281-S-1444','<p>The Contractor shall maintain a clean and orderly job site during the whole of the installation work. The Contractor shall be responsible for the daily removal of all debris resulting from his own installation work, including the removal of all empty shipping crates, welding rods, grinding wheels, and equipment packaging and boxes associated with equipment provided by the Contractor. After completion of fabrication and erection, the Contractor shall also perform a final clean up at the conclusion of the installation to remove from site all of the floor protection Contractor has installed and any remaining debris.</p>',NULL,'Verbatim','2023-12-23 09:25:24','2023-12-23 09:25:24'),(364,8,8,2,4,3,9,3828,1,1,NULL,'GR',NULL,'Technical Spec 4281-S-1444','<p>The Contractor shall be responsible for any damage to the floor during his (contractor) site fabrication and erection over the area that has been allocated for contractor use.</p>',NULL,'Verbatim','2023-12-23 09:26:39','2023-12-23 09:26:39'),(365,8,8,2,4,3,10,3829,1,1,NULL,'GR',NULL,'Technical Spec 4281-S-1444','<p>For fabrication of work that will be exposed to view, use only materials that are smooth and free of surface blemishes including pitting, rust and scale seam marks, roller marks, rolled trade names, and roughness. Remove such blemishes by grinding, or by welding and grinding, prior to cleaning, treating, and applying surface finishes.</p>',NULL,'Verbatim','2023-12-23 09:29:28','2023-12-23 09:29:28'),(366,8,8,2,4,3,10,3830,1,1,NULL,'TR',NULL,'Technical Spec 4281-S-1444','<p>All surfaces of all components, except where indicated otherwise, shall be finished by either machining, shot blasting, grinding, pickling or other approved means.</p>',NULL,'Verbatim','2023-12-23 09:30:35','2023-12-23 09:30:58'),(367,8,8,2,4,3,10,3831,1,1,NULL,'TR',NULL,'Technical Spec 4281-S-1444','<p>Where an atmospheric corrosion resistant coating is required the surface shall also be thoroughly cleaned and degreased.</p>',NULL,'Verbatim','2023-12-23 09:31:21','2023-12-23 09:31:21'),(368,8,8,2,4,3,10,3832,1,1,NULL,'TR',NULL,'Technical Spec 4281-S-1444','<p>All machined working surfaces subject to rolling, rotating or sliding motions shall be protected against corrosion by methods acceptable to the Administration.</p>',NULL,'Verbatim','2023-12-23 09:32:31','2023-12-23 09:32:50'),(369,8,8,2,4,3,10,3833,1,1,NULL,'TR',NULL,'Technical Spec 4281-S-1444','<p>All un-machined surfaces shall be blast-cleaned or hand-cleaned as defined under the following clauses:&nbsp;</p><ul><li>the compressed air used for cleaning shall be free of oil and moisture</li><li>all mill scale, weld flux and splatter and sharp corners shall be completely removed</li></ul>',NULL,'Verbatim','2023-12-23 09:34:08','2023-12-23 09:34:08'),(370,8,8,2,4,3,10,3834,1,1,NULL,'TR',NULL,'Technical Spec 4281-S-1444','<p>After fabrication and stress relieving is complete, all components shall be shot or sand-blasted and preferably be degreased and primed before machining. Where it is not practicable to do this, it is permissible to sand blast after machining provided machined surfaces, threaded holes or other machined openings are adequately protected from the effects of the sand blasting.</p>',NULL,'Verbatim','2023-12-23 09:35:21','2023-12-23 09:35:21'),(371,8,8,2,4,3,10,3835,1,1,NULL,'TR',NULL,'Technical Spec 4281-S-1444','<p>The following components shall not require permanent surface protection:&nbsp;</p><ul><li>rubber seals,&nbsp;</li><li>bearings,&nbsp;</li><li>parts made from stainless steel,&nbsp;</li><li>non-corrosive parts, and any other components which are otherwise protected from corrosion.&nbsp;</li></ul><p>However, these components shall be protected during manufacturing, transportation and installation.</p>',NULL,'Verbatim','2023-12-23 09:36:58','2023-12-23 09:36:58'),(372,8,8,2,4,3,10,3836,1,1,NULL,'GR',NULL,'Technical Spec 4281-S-1444','<p>All procedures for surface preparation, finishing and materials are subject to the Administration\'s approval.</p>',NULL,'Verbatim','2023-12-23 09:38:29','2023-12-23 09:38:29'),(373,8,8,2,4,3,10,3837,1,1,NULL,'GR',NULL,'Technical Spec 4281-S-1444','<p>Blast cleaning is <strong>not</strong> allowed under any circumstances <strong>in</strong> or <strong>on</strong> the immediate vicinity of the wind tunnel. Where blast cleaning is necessary, the Contractor will be provided with a suitable area by the Administration.</p>',NULL,'Verbatim','2023-12-23 09:40:01','2023-12-23 09:40:01'),(374,8,8,2,4,3,10,3838,1,1,NULL,'TR',NULL,'Technical Spec 4281-S-1444','<p>All surfaces of all components, unless specified otherwise, shall be corrosion protected by painting, plating or other approved means.</p>',NULL,'Verbatim','2023-12-23 09:40:57','2023-12-23 09:40:57'),(375,8,8,2,4,3,0,3839,1,1,NULL,'DEF','Surfaces','Technical Spec 4281-S-1444','<p>Surfaces to be painted are classed either as <strong>airflow surfaces</strong> or as <strong>external surfaces</strong>. Airflow surfaces are those surfaces in contact with the moving air emanating from the air storage system. All other surfaces are external surfaces.</p>',NULL,'Verbatim','2023-12-23 09:43:45','2023-12-23 14:04:08'),(376,8,8,2,4,3,10,3840,1,1,NULL,'TR',NULL,'Technical Spec 4281-S-1444','<p>The types of corrosion protection required for the major surfaces, unless specified otherwise, shall be as defined below.&nbsp;</p><ul><li>The airflow surfaces shall be cleaned, degreased, primed and painted.&nbsp;</li><li>The external surfaces shall be cleaned, degreased, primed and painted.&nbsp;</li><li>The airflow surfaces and external surfaces of all steel components shall be protected with a three (3) coat painting system.&nbsp;</li><li>All surfaces and edges which are to be field welded shall not be primed but shall be taped or otherwise protected from corrosion prior to welding.&nbsp;</li><li>Any primed or primed &amp; coated surfaces damaged by welding or handling during site erection as well as those surfaces that were not originally shop primed or primed &amp; coated shall be primed/repaired before the next coat of protection is applied.</li><li>Use painting methods that result in full coverage of joints, corners, edges, and exposed surfaces.&nbsp;</li><li>Any stitch welds associated with the shell or stiffeners shall be suitably corrosion protected against outside ambient conditions.&nbsp;</li><li>All machined mating or working surfaces that are exposed during shipment or installation shall be cleaned and given a heavy uniform coating of an approved soluble rust preventive compound.</li><li>The temporary corrosion protective coatings shall be removed before assembly of the component in the field using a petroleum solvent.&nbsp;</li><li>Equipment received by the Contractor in a corrosion protected condition shall be shipped and installed in this condition.&nbsp;</li><li>Surfaces to be in permanent contact with concrete shall be primed and cleaned immediately prior to concreting. Paint embedded steel that is partially exposed on exposed portions and initial 50 mm of embedded areas only.&nbsp;</li><li>All aluminum components are to be clear anodized. All aluminum access covers shall be painted to match the surrounding steel shell components.</li></ul>',NULL,'Verbatim','2023-12-23 10:47:39','2023-12-23 10:47:39'),(377,8,8,2,4,3,10,3841,1,1,NULL,'GR',NULL,'Technical Spec 4281-S-1444','<p>Priming and finishing at the Contractor’s facilities shall be in closed indoor spaces. All finish procedures shall be completed at the Contractor’s facilities to the maximum extent possible.</p>',NULL,'Verbatim','2023-12-23 10:48:53','2023-12-23 10:48:53'),(378,8,8,2,4,3,10,3842,1,1,NULL,'TR',NULL,'Technical Spec 4281-S-1444','<p>All paint materials are to be delivered in the manufacturer\'s original, new, unopened packages and containers bearing manufacturer\'s name and label and the following information:&nbsp;</p><ul><li>Name or title of material.&nbsp;</li><li>Manufacturer\'s name, stock number and date of manufacture.</li><li>Contents by volume, for major pigment and vehicle constituents.&nbsp;</li><li>Thinning instructions.&nbsp;</li><li>Application instructions.&nbsp;</li><li>Color name and number.&nbsp;</li><li>Handling instructions and precautions.</li></ul>',NULL,'Verbatim','2023-12-23 10:50:58','2024-01-07 14:38:47'),(379,8,8,2,4,3,10,3843,1,1,NULL,'GR',NULL,'Technical Spec 4281-S-1444','<p>Primer and finish materials not in actual use shall be stored in tightly covered containers at a minimum ambient temperature of 7°C in a well-ventilated area.</p>',NULL,'Verbatim','2023-12-23 10:51:39','2023-12-23 10:52:57'),(380,8,8,2,4,3,10,3844,1,1,NULL,'GR',NULL,'Technical Spec 4281-S-1444','<p>Containers used in storage of coatings shall be maintained in a clean condition, free of foreign materials and residue.&nbsp;</p><p>Storage area shall be kept neat and orderly. Oily rags and waste shall be removed daily.</p>',NULL,'Verbatim','2023-12-23 10:54:32','2023-12-23 10:54:32'),(381,8,8,2,4,3,10,3845,1,1,NULL,'GR',NULL,'Technical Spec 4281-S-1444','<p>Contractor shall take necessary precautionary measures to ensure that workmen and work areas are adequately protected from fire hazards and health hazards resulting from handling, mixing and application of coatings.</p>',NULL,'Verbatim','2023-12-23 10:58:16','2023-12-23 10:58:16'),(382,8,8,2,4,3,10,3846,1,1,NULL,'GR',NULL,'Technical Spec 4281-S-1444','<p>Contractor shall apply coatings and sealers only when the temperature of surfaces to be coated or sealed and surrounding air temperatures are between 10°C and 35°C., unless otherwise permitted by manufacturer\'s printed instructions.</p>',NULL,'Verbatim','2023-12-23 10:59:13','2023-12-23 10:59:13'),(383,8,8,2,4,3,10,3847,1,1,NULL,'GR',NULL,'Technical Spec 4281-S-1444','<p>Priming shall be done in strict accordance with the paint manufacturer\'s instructions and according to the following guidelines.&nbsp;</p><ul><li>Unless otherwise specified, all components shall be painted with zinc-rich epoxy primer, the dry film thickness of the primer coat shall be as per the manufacturer’s specifications.&nbsp;</li></ul><p>or&nbsp;</p><ul><li>Administrations’s specification. Specification will comply with the airline surface requirements and address application, coating thickness, adhesion test.</li></ul>',NULL,'Verbatim','2023-12-23 14:06:44','2023-12-23 14:08:13'),(384,8,8,2,4,3,0,3848,1,1,NULL,'TR',NULL,'Technical Spec 4281-S-1444','<p>Surface preparation shall comply with the airline (airflow) surface &nbsp;requirements.&nbsp;</p><p>All surfaces to be primed, unless otherwise specified, shall be prepared in the following manner and sequence:&nbsp;</p><ol><li>Degrease in accordance with \"<a href=\"https://store.ampp.org/solvent-cleaning\"><i>Association for Materials Protection and Performance Specs, SSPC-SP 1-2016, Solvent Cleaning</i></a><i>\"</i> or equivalent.&nbsp;</li><li>All welds, seams and weld splatter shall be ground to remove sharp edges as per \"<a href=\"https://store.ampp.org/hand-tool-cleaning\"><i>SSPC-SP 2-2018, Hand Tool Cleaning</i></a><i>\"</i>or \"<a href=\"https://store.ampp.org/power-tool-cleaning\"><i>SSPC-SP 3-2018, Power Tool Cleaning</i></a>\" as required or equivalent.&nbsp;</li><li>Blast clean to \"<a href=\"https://store.ampp.org/nace-no-2-sspc-sp-10-white-metal-blast-cleaning-r\"><i>Association for Materials Protection and Performance Specs, SSPC-SP 10 /NACE No. 2-2006, Near-White Metal Blast Cleaning</i></a><i>\"</i> or equivalent \"<a href=\"https://www.iso.org/obp/ui/#iso:std:iso:8501:-1:ed-2:v1:en\"><i>Preparation of steel substrates before application of paints and related products ISO&nbsp;8501-1:2007 Sa 2½</i></a>\".&nbsp;</li></ol><p>The above procedures also apply to all damaged surfaces.</p>',NULL,'Verbatim','2023-12-23 14:24:24','2024-01-07 14:41:17'),(385,8,8,2,4,3,10,3849,1,1,NULL,'TR',NULL,'Technical Spec 4281-S-1444','<p>The prime coat shall be applied to the clean, dry surface as soon as possible after surface preparation and before visible deterioration of the surface has occurred. If, on comparison with a freshly prepared surface or material of similar quality, visible deterioration has occurred, the surface preparation shall be <strong>repeated</strong>.</p><p>In no case shall the delay between surface preparation and coating application exceed four hours or the manufacturer\'s recommended time unless special precautions are taken to ensure a suitable controlled atmosphere.</p>',NULL,'Verbatim','2023-12-23 15:26:55','2023-12-23 15:26:55'),(386,8,8,2,4,3,10,3850,1,1,NULL,'TR',NULL,'Technical Spec 4281-S-1444','<p>The prime coating shall be applied only when the surfaces are thoroughly dry and clean and only when the ambient temperature is 10°C or higher.</p>',NULL,'Verbatim','2023-12-23 15:27:38','2023-12-23 15:27:38'),(387,8,8,2,4,3,10,3851,1,1,NULL,'GR',NULL,'Technical Spec 4281-S-1444','<p>The intermediate coating shall be applied in strict accordance with the paint manufacturer’s instructions as well as the following guidelines:</p><ul><li>Unless otherwise specified, all surfaces shall be painted with epoxy intermediate coat, the dry film thickness of the intermediate coat shall be as per the manufacturer’s specifications.&nbsp;</li></ul><p>or&nbsp;</p><ul><li>Administration’s specification. Specification will comply with the airline surface requirements and address application, coating thickness, adhesion test.</li></ul>',NULL,'Verbatim','2023-12-23 15:59:48','2023-12-23 15:59:48'),(388,8,8,2,4,3,10,3852,1,1,NULL,'TR',NULL,'Technical Spec 4281-S-1444','<p>Before applying the <strong>intermediate</strong> coat, the surfaces shall be examined to ensure that the primer coat is firmly adhering and in good condition. If the condition of the surfaces or the primer is unsatisfactory, the surfaces shall be thoroughly scraped, wire-brushed or sand blasted and cleaned to remove all defective primer, corrosion and loose scale until the surface is in accordance with <span style=\"color:hsl(0, 75%, 60%);\">Section 5.4.1 (Burada ilgili requirements)</span>. The exposed surfaces shall then be re-primed. Prior to application of the intermediate coat, the surface shall be cleaned with a high-pressure water jet to remove any oxide or build-up from the primer.</p>',NULL,'Verbatim','2023-12-23 16:02:01','2023-12-23 16:02:01'),(389,8,8,2,4,3,10,3853,1,1,NULL,'GR',NULL,'Technical Spec 4281-S-1444','<p>The <strong>intermediate</strong> coating shall be applied only when the surfaces are thoroughly dry and clean and only when the ambient temperature is 10°C or higher.</p>',NULL,'Verbatim','2023-12-23 16:02:37','2023-12-23 16:02:37'),(390,8,8,2,4,3,10,3854,1,1,NULL,'TR',NULL,'Technical Spec 4281-S-1444','<p>The <strong>finish</strong> coating shall be done in strict accordance with the paint manufacturer\'s instructions. It is the Contractor\'s responsibility to ensure the compatibility of the finish coat with the intermediate coating.</p>',NULL,'Verbatim','2023-12-24 10:47:21','2023-12-24 10:47:21'),(391,8,8,2,4,3,10,3855,1,1,NULL,'TR',NULL,'Technical Spec 4281-S-1444','<p>Unless otherwise specified, all surfaces shall be painted with polyurethane topcoat, the dry film thickness of the finish coat shall be as per the manufacturer’s specifications.&nbsp;</p><p>or&nbsp;</p><p>Administration’s specification. Specification will comply with the airline surface requirements and address application, coating thickness, adhesion test and final color.</p>',NULL,'Verbatim','2023-12-24 10:49:54','2023-12-24 10:49:54'),(392,8,8,2,4,3,10,3856,1,1,NULL,'GR',NULL,'Technical Spec 4281-S-1444','<p>The surface finish of the <strong>side walls</strong> of the flexible nozzle shall be 0.8 μm (32 micro inches) or better after painting. If required, the surfaces shall be hand rubbed between coats to obtain the required surface finish. The surface finish of <strong>all other components</strong> shall be 1.6 μm (63 micro inches) or better after painting.</p><p><span style=\"color:hsl(0, 75%, 60%);\">All other : airflow components olmalı ??</span></p>',NULL,'Verbatim','2023-12-24 10:51:52','2023-12-24 10:52:48'),(393,8,8,2,4,3,10,3857,1,1,NULL,'GR',NULL,'Technical Spec 4281-S-1444','<p>It is the Contractor’s responsibility to ensure the compatibility of the finish coat with the intermediate coat. Note that the surfaces shall be cleaned (and degreased, if deemed necessary by Administration) prior to the application of the finish coating</p>',NULL,'Verbatim','2023-12-24 10:53:42','2023-12-24 10:53:42'),(394,8,8,2,4,3,10,3858,1,1,NULL,'TR',NULL,'Technical Spec 4281-S-1444','<p>Before <strong>final</strong> painting, the surface shall be examined to ensure that the intermediate coating is firmly adhering to the prime coat and is in good condition. If the condition of the surfaces or the intermediate coating is unsatisfactory, the surfaces shall be thoroughly scraped or wire-brushed to remove all defective coatings, corrosion and loose scale until clean metal is exposed. The exposed surfaces shall then be re-primed and an intermediate coating applied. Prior to application of the final coat, the surface shall be cleaned with a high-pressure water jet to remove any oxide from the intermediate coat.</p>',NULL,'Verbatim','2023-12-24 11:04:30','2023-12-24 11:05:22'),(395,8,8,2,4,3,10,3859,1,1,NULL,'TR',NULL,'Technical Spec 4281-S-1444','<p>All <strong>finish</strong> coating shall be applied when surfaces are thoroughly dry and clean and only when the ambient temperature is 10°C or higher.</p>',NULL,'Verbatim','2023-12-24 11:05:58','2023-12-24 11:05:58'),(396,8,8,2,4,3,10,3860,1,1,NULL,'TR',NULL,'Technical Spec 4281-S-1444','<p>The final color of all the steel components shall be determined later in conjunction with the Administration.</p>',NULL,'Verbatim','2023-12-24 11:26:06','2023-12-24 11:28:21'),(397,8,8,2,4,3,10,3861,1,1,NULL,'TR',NULL,'Technical Spec 4281-S-1444','<p>Any open or blind bolt holes or pits in the airflow surfaces of the flexible nozzle shall be filled and dressed smooth before painting. The filling material to be used shall be <i>Wood’s metal </i>a low-melting point, fusible, eutectic alloy of bismuth, lead, tin and cadmium.&nbsp;</p><p>Any openings in the airflow surfaces other than above which, after erection, cannot be properly cleaned before painting, shall be filled with an elastomeric polysulfide polymer joint sealant.</p>',NULL,'Verbatim','2023-12-24 11:30:30','2023-12-24 11:30:37'),(398,8,8,2,4,3,10,3862,1,1,NULL,'TR',NULL,'Technical Spec 4281-S-1444','<p>Purchased materials (galvanized steel sheet) and components with <strong>galvanized coating</strong> shall be obtained of a quality suitable for heavy industrial service. The minimum weight of zinc shall not be less than 375 grams per square meter.</p>',NULL,'Verbatim','2023-12-24 11:31:55','2023-12-24 11:31:55'),(399,8,8,2,4,3,10,3863,1,1,NULL,'TR',NULL,'Technical Spec 4281-S-1444','<p>All aluminum components shall have a surface preparation of <span style=\"color:hsl(0, 75%, 60%);\">light sanding or light abrasive blasting</span> and shall be <span style=\"color:hsl(0, 75%, 60%);\">anodized</span>.</p>',NULL,'Verbatim','2023-12-24 11:37:52','2023-12-24 11:39:47'),(400,8,8,2,4,3,10,3864,1,1,NULL,'TR',NULL,'Technical Spec 4281-S-1444','<p>The Contractor shall submit a lubrication schedule for all parts requiring lubrication. If possible, the lubricants shall consist of one general purpose grease, one gear oil and one solid lubricant. The final selection will be subject to the Administration’s approval.</p>',NULL,'Verbatim','2023-12-24 11:40:13','2023-12-24 11:40:50'),(401,8,8,2,4,3,10,3865,1,1,NULL,'GR',NULL,'Technical Spec 4281-S-1444','<p>Lubricating fittings shall be provided where required and shall be standardized to one type and size so that only one grease gun will be necessary.</p>',NULL,'Verbatim','2023-12-24 11:41:08','2023-12-24 11:41:08'),(402,8,8,2,4,3,10,3866,1,1,NULL,'TR',NULL,'Technical Spec 4281-S-1444','<p>All parts received from other contractors or suppliers shall be checked for lubrication and lubricated, if required, before operation. All sealed bearings shall be pre-packed with a suitable grease.</p>',NULL,'Verbatim','2023-12-24 11:43:02','2023-12-24 11:43:02'),(403,8,8,2,4,3,11,3867,1,1,NULL,'GR',NULL,'Technical Spec 4281-S-1444','<p>At the end of each workday, following actions shall be performed:</p><ul><li>Remove rubbish,&nbsp;</li><li>Empty cans, rags and other discarded materials from the site</li><li>Clean glass and spattered surfaces.&nbsp;</li><li>Remove spattered coatings by washing, scraping or other proper methods, using care not to scratch or damage adjacent finished surfaces.</li><li>Clean all tools and equipment with soap and water immediately after use.</li><li>Clean any splatters or spills with water before material dries.</li><li>Protect work of other trades, whether to be coated or not, against damage from coating.&nbsp;</li><li>Correct damage by cleaning, repairing, replacing, and re-coating as acceptable to the <span style=\"color:hsl(0, 75%, 60%);\">Project Director</span>.&nbsp;</li><li>Leave in an undamaged condition.</li><li>Provide \"Wet Paint\" signs to protect newly-coated finishes.</li><li>Remove temporary protective wrappings provided by others for protection of their work, after completion of coating operations.&nbsp;</li><li>Touch-up and restore damaged or defaced coated surfaces after completion of construction activities of other trades</li></ul>',NULL,'Verbatim','2023-12-24 11:45:20','2023-12-24 11:52:51'),(404,8,8,2,4,3,12,3868,1,1,NULL,'GR',NULL,'Technical Spec 4281-S-1444','<p>The Contractor shall provide all of the inspection, testing services and facilities and the inspection work shall be under the control of a competent chief inspector. Proper records of all inspections and tests shall be maintained and be available for retention by the Administration. Final acceptance of the material and work under this Contract will be dependent on visual and dimensional inspection and satisfactory completion of all the tests required by the specification.</p>',NULL,'Verbatim','2023-12-24 12:04:58','2023-12-24 12:04:58'),(405,8,8,2,4,3,12,3869,1,1,NULL,'GR',NULL,'Technical Spec 4281-S-1444','<p>For any work or material which has to be tested in accordance with the requirements of this Specification, the Contractor shall give the Administration a minimum of four (4) weeks notice of its readiness for inspection and, if special inspections are to be conducted by an outside authority, the date of such an inspection shall also be provided with sufficient notice to the Administration.</p>',NULL,'Verbatim','2023-12-24 12:06:43','2023-12-24 12:06:43'),(406,8,8,2,4,3,12,3870,1,1,NULL,'GR',NULL,'Technical Spec 4281-S-1444','<p>The Contractor shall provide all tools, equipment, labor and materials that may be necessary to perform all required inspections and tests. All tests and inspection will be carried out at the expense of the Contractor except where indicated otherwise.</p>',NULL,'Verbatim','2023-12-24 12:07:25','2023-12-24 12:07:25'),(407,8,8,2,4,3,12,3871,1,1,NULL,'GR',NULL,'Technical Spec 4281-S-1444','<p>Inspection by the Administration shall not relieve the Contractor of the responsibility for satisfactory execution of the whole or any part of the Contract to the requirements of the Specification. Approval, where called for by the Specification, shall be obtained in writing from the Administration. Material or workmanship not conforming to the provisions of this specification may be rejected at any time if any defects are found during the progress of the work.</p>',NULL,'Verbatim','2023-12-24 12:08:29','2023-12-24 12:08:29'),(408,8,8,2,4,3,12,3872,1,1,NULL,'GR',NULL,'Technical Spec 4281-S-1444','<p>The Contractor shall correct any deficiencies in the works that inspections and test reports have indicated to not be in compliance with the specified requirements. The Contractor shall then perform additional tests, at Contractor\'s expense, as necessary to demonstrate compliance of corrected work.</p>',NULL,'Verbatim','2023-12-24 12:09:07','2023-12-24 12:09:07'),(409,8,8,2,4,3,12,3873,1,1,NULL,'GR',NULL,'Technical Spec 4281-S-1444','<p>The Contractor’s inspector shall conduct and interpret the tests, state in each report whether test complies with requirements, specifically state any deviations, and indicate the corrective actions taken and results of re-tests.</p>',NULL,'Verbatim','2023-12-24 12:09:50','2023-12-24 12:09:50'),(410,8,8,2,4,3,12,3874,1,1,NULL,'GR',NULL,'Technical Spec 4281-S-1444','<p>All material used in the construction of the equipment supplied under this specification shall be examined and tested at the mills in accordance with the requirements established by the material specifications.</p>',NULL,'Verbatim','2023-12-24 12:11:30','2023-12-24 12:11:30'),(411,8,8,2,4,3,12,3875,1,1,NULL,'GR',NULL,'Technical Spec 4281-S-1444','<p>Reports of all mill tests including analyses and physical tests, shall be submitted to the Administration at the start of fabrication for approval, and shall be retained by the Contractor and submitted to the Administration at any time during the course of the Contract.</p>',NULL,'Verbatim','2023-12-24 12:12:16','2023-12-24 12:12:16'),(412,8,8,2,4,3,12,3876,1,1,NULL,'GR',NULL,'Technical Spec 4281-S-1444','<p>The Contractor shall maintain an effective means of identification of material from the time it is shipped from the manufacturer to the time it is fabricated in the shop or assembled in the field.</p>',NULL,'Verbatim','2023-12-24 12:13:21','2023-12-24 12:13:21'),(413,8,8,2,4,3,12,3877,1,1,NULL,'TR',NULL,'Technical Spec 4281-S-1444','<p>For pressure shell components 100% lamination ultrasonic testing (*) shall be applied on plates 40 mm and thicker.</p><p>(*) <strong>ISO 17577:2016(en) </strong>Steel — Ultrasonic testing of steel flat products of thickness equal to or greater than 6 mm or equivalent can be used for reference</p>',NULL,'Verbatim','2023-12-24 12:22:39','2023-12-24 12:22:39'),(414,8,8,2,4,3,12,3878,1,1,NULL,'TR',NULL,'Technical Spec 4281-S-1444','<p><strong>All</strong> welds and welded equipment supplied by the Contractor shall be <strong>visually</strong> and <strong>non-destructively</strong> tested according to \"<a href=\"https://pubs.aws.org/p/2104/d11d11m2020-2nd-printing-structural-welding-code-steel\"><i>ANSI/AWS D1.1 Structural Welding Code - Steel</i></a><i>\"</i> or equivalent Turkish Welding Standard. Acceptance criteria shall be as specified in \"<a href=\"https://pubs.aws.org/p/2104/d11d11m2020-2nd-printing-structural-welding-code-steel\"><i>ANSI/AWS D1.1 Structural Welding Code - Steel</i></a>\" or equivalent Turkish Welding Standard.</p><p>Valid for both shop and site welding.</p>',NULL,'Verbatim','2023-12-24 12:31:59','2023-12-24 17:51:17'),(415,8,8,2,4,3,12,3879,1,1,NULL,'TR',NULL,'Technical Spec 4281-S-1444','<p>Visual inspection shall be required for all welds in the steel shell and welded equipment supplied by the Contractor. This inspection of all welds is required to examine them for adherence to weld size and profile as specified on the drawings, and to ensure that the welds are free of splatter, slag, excessive oxides and undercut and the weld beads are free of pin holes and surface cracks.</p><p>Valid for both shop and site welding.</p>',NULL,'Verbatim','2023-12-24 17:18:42','2023-12-24 17:51:38'),(416,8,8,2,4,3,12,3880,1,1,NULL,'TR',NULL,'Technical Spec 4281-S-1444','<p>All unacceptable welds shall be repaired and re-tested according to \"<a href=\"https://pubs.aws.org/p/2104/d11d11m2020-2nd-printing-structural-welding-code-steel\"><i>ANSI/AWS D1.1 Structural Welding Code - Steel</i></a><i>\"</i> or equivalent Turkish Welding Standard.</p><p><span style=\"background-color:rgb(255,255,255);color:rgb(54,54,54);\">Valid for both shop and site welding.</span></p>',NULL,'Verbatim','2023-12-24 17:20:55','2023-12-24 17:56:38'),(417,8,8,2,4,3,12,3881,1,1,NULL,'TR',NULL,'Technical Spec 4281-S-1444','<p>Full penetration butt welds shall be inspected by radiographic testing for 10% of the first 10 m of weld length, at least 10% of the weld length produced by each welding operator or welder. If no unacceptable defects are found in the first 10 m of weld length, the inspection may be reduced to 5%. However, if unacceptable defects are found, the required inspection length shall be double that of the previous one.</p><p><span style=\"background-color:rgb(255,255,255);color:rgb(54,54,54);\">Valid for both shop and site welding.</span></p>',NULL,'Verbatim','2023-12-24 17:24:08','2023-12-24 17:56:07'),(418,8,8,2,4,3,12,3882,1,1,NULL,'TR',NULL,'Technical Spec 4281-S-1444','<p>For radiographic testing the Contractor may remove the weld ripples or weld surface irregularities on the both the inside (where accessible) and outside by any suitable process to such a degree that the resulting image due to any surface irregularities cannot mask or be confused with the image of any discontinuity. The finished surface of all butt-welded joints may be flush with the base material or may have reasonably uniform crowns, with reinforcement not to exceed that specified in the referencing code section.</p><p><span style=\"background-color:rgb(255,255,255);color:rgb(54,54,54);\">Valid for both shop and site welding.</span></p>',NULL,'Verbatim','2023-12-24 17:25:22','2023-12-24 17:57:06'),(419,8,8,2,4,3,12,3883,1,1,NULL,'TR',NULL,'Technical Spec 4281-S-1444','<p>All <span style=\"color:hsl(0, 75%, 60%);\">other</span> <span style=\"color:hsl(0, 75%, 60%);\">(nasıl ayıracağız?) </span>welds shall be inspected by magnetic particle testing for 20% of the first 10 m of weld length, at least 10% of each weld length. If no unacceptable defects are found in the first 10 m of weld length, the inspection may be reduced to 10%. However, if unacceptable defects are found, the required inspection length shall be increased to double that of the previous one.&nbsp;</p><p>An acceptable substitute for the magnetic particle testing is dye penetrant inspection.</p>',NULL,'Verbatim','2023-12-24 17:44:29','2023-12-24 17:44:29'),(420,8,8,2,4,3,12,3884,1,1,NULL,'TR',NULL,'Technical Spec 4281-S-1444','<p>Where a plate interrupts the flange of a beam or steel components stiffener, the plate shall be checked for delamination by ultrasonic testing.</p><p><span style=\"background-color:rgb(255,255,255);color:rgb(54,54,54);\">Valid for both shop and site welding.</span></p><p><span style=\"color:hsl(0,75%,60%);\">(Buraya örnek resim koymak iyi olabilir)</span></p>',NULL,'Verbatim','2023-12-24 17:48:01','2023-12-24 17:57:56'),(421,8,8,2,4,3,12,3885,1,1,NULL,'GR',NULL,'Technical Spec 4281-S-1444','<p>If the Contractor is unable to comply with requirements <span style=\"color:hsl(0,75%,60%);\">3878,3879,3880,3881,3882,3883 and 3884</span>, the Contractor may propose an alternative welding inspection procedure, for review by the Administration.</p>',NULL,'Verbatim','2023-12-24 18:02:13','2023-12-24 18:03:30'),(422,8,8,2,4,3,12,3886,1,1,NULL,'TR',NULL,'Technical Spec 4281-S-1444','<p>All complete joint penetration welds in the pressure shell components of the flexible nozzle assembly shall be 100% radiographically examined in accordance with \"<i>ASME Boiler and Pressure Vessel Code, Section VIII, Rules for Construction of Pressure Vessels, Division 1\".</i> Any applicable EN standards shall also be adhered to.</p><p>Test requirements are defined in <a href=\"https://requirements.kapkara.one/projects-tests/view/4\">T1083 Pressure Shell Welding Testing</a></p>',NULL,'Verbatim','2023-12-25 17:47:59','2023-12-31 21:17:30'),(423,8,8,2,4,3,12,3887,1,1,NULL,'TR',NULL,'Technical Spec 4281-S-1444','<p>During shop and site fabrication, assembly, erection and final adjustments, all sub-assemblies and manufactured or fabricated components shall be <strong>completely inspected </strong>(dimensional) in the shop before they are shipped to site or assembled.</p><p><span style=\"color:hsl(0, 75%, 60%);\">During shop and site fabrication, assembly, erection and final adjustments, the Contractor shall maintain close control of all critical dimensions. All sub-assemblies and manufactured or fabricated components shall be <strong>completely inspected</strong> in the shop before they are shipped to site or assembled.</span></p>',NULL,'Verbatim','2023-12-25 18:18:39','2023-12-25 18:29:05'),(424,8,8,2,4,3,12,3888,1,1,NULL,'TR',NULL,'Technical Spec 4281-S-1444','<p>Written inspection records of 3887 shall be maintained &nbsp;and submitted to the Administration.</p>',NULL,'Verbatim','2023-12-25 18:19:38','2023-12-25 18:33:11'),(425,8,8,2,4,3,12,3889,1,1,NULL,'TR',NULL,'Technical Spec 4281-S-1444','<p>The inspection results of all measured dimensions (as defined in 3887) and alignment accuracy achieved during assembly and installation at the site shall be recorded and compiled in an inspection report.</p>',NULL,'Verbatim','2023-12-25 18:38:43','2023-12-25 18:54:20'),(426,8,8,2,4,3,12,3890,1,1,NULL,'GR',NULL,'Technical Spec 4281-S-1444','<p>Records of inspection <strong>specifically</strong> requested by the Administration shall be recorded and a copy provided to the Administration.</p>',NULL,'Verbatim','2023-12-25 18:55:01','2023-12-25 18:55:01'),(427,8,8,2,4,3,12,3891,1,1,NULL,'TR',NULL,'Technical Spec 4281-S-1444','<p>For all tests performed within the scope of the contact, all test results shall be compiled and maintained in a well-organized report and, after completion of the tests, shall be submitted to the Administration.</p><p>As a minimum the content of each test report shall be:</p><ul><li>Material certificates</li><li>Weld Inspection Reports</li><li>Paint Application and Finish Reports</li><li>Dimensional Inspection Reports</li><li>Shop Operational Tests&nbsp;</li></ul>',NULL,'Verbatim','2023-12-25 19:02:45','2023-12-25 19:02:45'),(428,8,8,2,4,3,12,3892,1,1,NULL,'GR',NULL,'Technical Spec 4281-S-1444','<p><span style=\"color:hsl(0, 75%, 60%);\">For reports like machine calibration report, maintenance up keep report may be asked by the client and the contractor shall be in a position to provide them.&nbsp;</span></p><p>Test raporlarının dışında kalan diğer raporlar diye alanı daraltıp Contractor ,n istendiği zamanda gösterebilecek şekilde saklanmalıdır</p>',NULL,'Verbatim','2023-12-25 19:05:33','2023-12-25 19:05:33'),(429,8,8,2,4,3,13,3893,1,1,NULL,'GR',NULL,'Technical Spec 4281-S-1444','<p>The drawings listed in Section 2.1 serve to describe both the manufacture and the assembly or erection of the various parts making up the Flexible Nozzle.</p><p>It is not considered necessary to completely shop assemble the whole nozzle. Some components must, however, be shop assembled and checked or tested and these components are defined below. Other components must not be shop assembled since their installation depends on final<br>alignment in the field. These components are also defined below.</p><p>Apart from the requirements specified herein for shop assembly, the Contractor may, at his own discretion, elect to carry out additional trial assembly of parts in order to satisfy his responsibility for overall quality control of the whole equipment.</p><ul><li>The following shall not be shop assembled:<ol><li>The final boring of the side walls for the bushings and the installation of the bushings shown on Drawings 4281-230 and 4281-224</li><li>The attachment of the plate guides (Drawing 4281-220) to the jack beams (Drawing 4281-220).&nbsp;</li></ol></li><li>The following shall be shop assembled:</li></ul><ol><li style=\"margin-left:40px;\">i) The jack station sub-assemblies shown on Drawing 42581-245, shall be completely<br>assembled and shipped as units, excluding the trunnion bearing blocks, the whiffle trees<br>and the upstream hinge. The jack station assemblies shall be shop tested as described<br>in Section 8.1.</li><li style=\"margin-left:40px;\">ii) The whiffle trees shown on Drawings 4281-248/257/258 and the upstream hinge plate<br>shown on Drawing 4281-232, shall be attached to the flexible plates and the plates shall<br>be attached by suitable \"C\" clamps to suitable steady back frames which are to be used<br>for shipping the plate assemblies and later for the installation of the plates in the nozzle<br>at the site.</li><li style=\"margin-left:40px;\">iii) The screw stop-drive power unit sub-assemblies shown on Drawing 4281-250 are to be<br>completely assembled and tested as described in Section 8.2. They are to be shipped<br>as assembled. The wiring of the components will be carried out by others.</li><li style=\"margin-left:40px;\">iv) The downstream face seals shown on Drawings 4281-230/262/264 shall be shop<br>assembled as far as possible. The parts may be shipped in place if they can be properly protected or may be removed and boxed for shipment.</li><li style=\"margin-left:40px;\">v) The locking pins (Drawing D4281-225), pipes, hoses, hydraulic cylinders (D4281-<br>255/256) and other hydraulic items shown on Drawing 4281-215 shall be assembled,<br>flushed and cycled to check for ease of operation. Hydraulic items including cylinders<br>should be filled with non-pressurized clean oil Mobil DTE 24 or equivalent, sealed and<br>capped properly for transportation, ensuring there is no leakage of oil during shipment.</li><li style=\"margin-left:40px;\">vi) The upstream hinge assemblies shown on Drawing 4281-232 shall be mounted on the<br>jack beams to check for proper functioning and clearances. The final dowelling and<br>shimming of the hinges shall be done during site erection.</li><li style=\"margin-left:40px;\">vii) The trolley sub-assemblies shown on Drawing 4281-227/228 shall be completely<br>assembled and shipped as assembled. Loose parts shall be suitably attached for<br>shipping.</li></ol>',NULL,'Verbatim','2023-12-26 18:43:03','2023-12-26 18:43:03'),(430,8,8,2,4,3,14,3894,1,1,NULL,'GR',NULL,'Technical Spec 4281-S-1444','<p>Jack Station Sub Assemblies shall be subjected to tests as per \"<i>Test Description T1084</i>\" <strong>in the shop.</strong></p><p><span style=\"color:hsl(0, 75%, 60%);\">Hangi assemby ler ?</span></p>',NULL,'Verbatim','2023-12-26 18:48:18','2023-12-26 19:13:10'),(431,8,8,2,4,3,14,3895,1,1,NULL,'GR',NULL,'Technical Spec 4281-S-1444','<p style=\"margin-left:0px;\">Screw Stop Drive Power Unit Sub-Assemblies shall be subjected to tests as per \"<i>Test Description T1085</i>\" <strong>in the shop.</strong>&nbsp;</p>',NULL,'Verbatim','2023-12-26 18:48:47','2023-12-26 19:13:33'),(432,8,8,2,4,3,14,3896,1,1,NULL,'GR',NULL,'Technical Spec 4281-S-1444','<p><span style=\"background-color:rgb(255,255,255);color:rgb(74,74,74);\">Jack Stations </span><span style=\"background-color:rgb(255,255,255);color:rgb(54,54,54);\">shall be subjected to tests as per \"</span><i>Test Description T1086</i><span style=\"background-color:rgb(255,255,255);color:rgb(54,54,54);\">\" &nbsp;<strong>at site</strong> </span><span style=\"background-color:rgb(255,255,255);color:rgb(74,74,74);\">to ensure that smooth operation of all moving components.</span></p>',NULL,'Verbatim','2023-12-26 19:02:24','2023-12-26 19:13:42'),(433,8,8,2,4,3,14,3897,1,1,NULL,'TR',NULL,'Technical Spec 4281-S-1444','<p style=\"margin-left:0px;\"><span style=\"background-color:rgb(255,255,255);color:rgb(74,74,74);\">Flexible Plates </span><span style=\"background-color:rgb(255,255,255);color:rgb(54,54,54);\">shall be subjected to tests as per \"</span><i>Test Description T1087</i><span style=\"background-color:rgb(255,255,255);color:rgb(54,54,54);\">\" &nbsp;<strong>at site</strong> </span><span style=\"background-color:rgb(255,255,255);color:rgb(74,74,74);\">to ensure that smooth operation of all moving components.</span></p>',NULL,'Verbatim','2023-12-26 19:07:35','2023-12-26 19:13:51'),(434,8,8,2,4,3,14,3898,1,1,NULL,'GR',NULL,'Technical Spec 4281-S-1444','<p style=\"margin-left:0px;\"><span style=\"background-color:rgb(255,255,255);color:rgb(74,74,74);\">Locking Pins </span><span style=\"background-color:rgb(255,255,255);color:rgb(54,54,54);\">shall be subjected to tests as per \"</span><i>Test Description T1088</i><span style=\"background-color:rgb(255,255,255);color:rgb(54,54,54);\">\" &nbsp;<strong>at site</strong> </span><span style=\"background-color:rgb(255,255,255);color:rgb(74,74,74);\">to ensure that smooth operation of all moving components.</span></p>',NULL,'Verbatim','2023-12-26 19:09:13','2023-12-26 19:14:02'),(435,8,8,2,4,3,14,3899,1,1,NULL,'TR',NULL,'Technical Spec 4281-S-1444','<p>Upon successful successful completion of all installation and start-up, acceptance tests shall be performed by the site contractor to show compliance to final tolerance matching as given in \"<i>Test Definition </i><span style=\"background-color:rgb(255,255,255);color:rgb(54,54,54);\"><i>T1089</i>\".</span></p><p>Additional tests may be proposed by Administration to the site contractor for final acceptance.&nbsp;</p><p>The final acceptance tests shall be witnessed by the Administration.&nbsp;</p><p>Final acceptance by the Administration shall be contingent upon meeting all the requirements of this specification and drawings. Detailed acceptance test procedures (ATP) shall be provided at least one (1) month before the tests are scheduled and shall be subject to approval by the Administration.</p><p>Acceptance of the work will be upon satisfactory completion of all the work and supply as defined in this specification and drawings, including the completion of deficiencies and documentation.&nbsp;</p><p>After the installation of the steel shell and components have been completed and the operating tests defined in this Specification have been performed, the Contractor shall, in conjunction with the Owner, conduct a set of acceptance tests under actual operating conditions, demonstrating that all components function and that the system operates as defined in this Specification. These acceptance tests shall be witnessed by the Owner.</p><p>If at any time during the tests or after satisfactory completion of the tests, any system indicates a malfunction, the Contractor shall make the necessary corrections and the tests repeated for that system.</p><p>The Owner or the Engineer will notify the Contractor well in advance of the dates for the wind-on final acceptance tests. The Contractor shall advise the Owner or the Engineer when the equipment is completed and ready for tests.&nbsp;</p><p>Upon satisfactory completion of the acceptance tests for the steel shell and components, and completion of all outstanding deficiencies, the equipment, in part or in full, will be accepted by the Owner. The Owner will issue an Equipment Acceptance Certificate (EAC).</p>',NULL,'Verbatim','2023-12-26 19:15:09','2023-12-30 16:22:33'),(436,8,8,2,4,3,13,3900,1,1,NULL,'GR',NULL,'Technical Spec 4281-S-1444','<p>The Contractor shall provide copies of all shop drawings (As Built Drawings), including complete details and schedules for fabrication and assembly of structural steel members, procedures, and diagrams.</p>',NULL,'Verbatim','2023-12-30 16:32:39','2023-12-30 16:45:49'),(437,8,8,2,4,3,13,3901,1,1,NULL,'GR',NULL,'Technical Spec 4281-S-1444','<p>As Built Drawings (ABD) / Shop Drawings (SD) shall&nbsp;</p><ul><li>include details of cuts, connections, camber, holes, and other pertinent data.</li><li>indicate welds by standard ISO symbols and show size, length, and type of each weld.</li><li>provide setting drawings, templates, and directions for installation of anchor bolts and other anchorages to be installed as work of other sections.</li></ul>',NULL,'Verbatim','2023-12-30 16:33:30','2023-12-30 16:46:21'),(438,8,8,2,4,3,13,3902,1,1,NULL,'GR',NULL,'Technical Spec 4281-S-1444','<p>During manufacturing, assembly and erection, the Contractor shall keep detailed records of all modifications and changes that have been made, either in the shop or at site.</p>',NULL,'Verbatim','2023-12-30 16:47:02','2023-12-30 16:47:02'),(439,8,8,2,4,3,13,3903,1,1,NULL,'GR',NULL,'Technical Spec 4281-S-1444','<p>After completion and final acceptance of the Work, the Contractor shall revise and bring up to date all of his detail and assembly drawings, to show all the equipment “AS BUILT”.</p>',NULL,'Verbatim','2023-12-30 16:47:43','2023-12-30 16:47:43'),(440,8,8,2,4,3,13,3904,1,1,NULL,'GR',NULL,'Technical Spec 4281-S-1444','<p>After approval by the Administration, one full and complete set of reproducible and one CAD (preferably AutoCAD) format CD-ROM set of these drawings shall be provided to the Administration.</p>',NULL,'Verbatim','2023-12-30 16:49:12','2023-12-30 16:49:12'),(441,8,8,2,4,3,13,3905,1,1,NULL,'GR',NULL,'Technical Spec 4281-S-1444','<p>All As Built Drawings / Shop Drawings shall be identified by stamping or printing, in bold letters at least 12 mm high, the words “AS BUILT DRAWINGS” with the following appended certification:&nbsp;</p><p>\'<i>This drawing has been revised to show this equipment “as-built” </i>\'</p><p>This caption shall appear in the lower right-hand corner, directly above the title block.</p>',NULL,'Verbatim','2023-12-30 16:51:26','2023-12-30 16:51:26'),(442,8,8,2,4,3,13,3906,1,1,NULL,'GR',NULL,'Technical Spec 4281-S-1444','<p>The Contractor shall prepare instruction manuals (operation and maintenance) describing in detail, lubrication charts, manufacturers\' instructions, etc.&nbsp;</p>',NULL,'Verbatim','2023-12-30 16:57:11','2023-12-30 16:57:11'),(443,8,8,2,4,3,13,3907,1,1,NULL,'GR',NULL,'Technical Spec 4281-S-1444','<p>Operation Manuals (OM) and Maintenance Manuals (MM) shall include:</p><ul><li>Operating Instructions</li><li>Maintenance and overall instructions showing how to disassemble and assemble equipment. This information shall include all safety instructions, rigging, and set-up information.</li><li>Purchased equipment data sheets.</li><li>Spare parts lists</li><li>Special tools for maintenance and measuring where required</li><li>Product data or manufacturer\'s specifications and installation instructions for following products.<ul><li>Structural steel (each type), including certified copies of mill reports covering chemical and physical properties.</li><li>High strength bolts (each type), including nuts and washers. Include direct tension indicators if used.</li><li>Specifications, data sheets and application instructions for the corrosion protection system used&nbsp;</li><li>Specifications and data sheets for the shrinkage resistant grout used in the installation.</li><li>Inspection Test Reports (ITR) : Submit copies of inspections, and reports of tests conducted on shop and field-bolted and welded connections. Include data on type(s) of tests conducted and test results.</li></ul></li></ul>',NULL,'Verbatim','2023-12-30 17:05:14','2023-12-30 17:05:14'),(444,8,8,2,4,3,16,3908,1,1,NULL,'GR',NULL,'Technical Spec 4281-S-1472','<p>The contractor shall purchase three (3) plates with the following characteristics.</p><p style=\"text-align:center;\">MATERIAL INGOT PROPERTIES</p><figure class=\"table\" style=\"width:80%;\"><table style=\"border-style:solid;border-width:1px;\"><tbody><tr><td style=\"text-align:right;\"><p style=\"text-align:justify;\">Steel Type</p></td><td><p style=\"text-align:justify;\">T-1 Constructional Alloy Quenched and Tempered Steel</p></td></tr><tr><td><p style=\"text-align:justify;\">Plate Characteristics</p></td><td><ul><li style=\"text-align:justify;\">Single steel plate free of any joints</li><li style=\"text-align:justify;\">free of cracks, defects, de-laminations, and non-metal inclusions</li><li style=\"text-align:justify;\">supplied from middle cut of the steel ingot</li></ul></td></tr><tr><td><p style=\"text-align:justify;\">Minimum Yield Strength</p></td><td><p style=\"text-align:justify;\">690 MPa</p></td></tr><tr><td><p style=\"text-align:justify;\">Minimum Tensile Strength</p></td><td><p style=\"text-align:justify;\">760 MPa</p></td></tr><tr><td><p style=\"text-align:justify;\">Width</p></td><td><p style=\"text-align:justify;\">Minimum 1.5 m</p></td></tr><tr><td><p style=\"text-align:justify;\">Length</p></td><td><p style=\"text-align:justify;\">Minimum 16.0 m</p></td></tr><tr><td><p style=\"text-align:justify;\">Thickness</p></td><td><p style=\"text-align:justify;\">Minimum 46 mm</p></td></tr></tbody></table></figure>',NULL,'Verbatim','2023-12-30 17:38:41','2023-12-30 17:41:07'),(445,8,8,2,4,3,16,3909,1,1,NULL,'GR',NULL,NULL,'<p>Alternative ASTM equivalent for Flexible Nozzle Plate (given in <span style=\"color:hsl(0,75%,60%);\">T3908</span>) may be proposed by the contractor and is subject to approval by the Administration.</p><p>Detailed chemical and mechanical properties should be provided along with sample test reports for any proposed alternative</p>',NULL,'Verbatim','2023-12-30 17:47:37','2023-12-30 17:47:56'),(446,8,8,2,4,3,16,3910,1,1,NULL,'GR',NULL,NULL,'<p>Each Flexible Nozzle plate shall be ultrasonically inspected as per \"<i>ASTM&nbsp;A578/A578M-17 Standard Specification for Straight-Beam Ultrasonic Examination of Rolled Steel Plates for Special Applications\"</i> with supplementary requirements given below:</p><ul><li>The scanning shall be continuous over 100% of the surface.</li><li>The acceptance standard shall be Level C over the plate length. In addition to the Level C acceptance criteria, a maximum of 5 recordable defects causing 50% loss of back reflection.</li><li>All recordable defects on the entire plate shall be mapped, and a copy of the mapping shall be sent to the Purchaser. The map and the plate shall be stamp marked so the map may be related to the plate in its finally “<i>heat-treated condition</i>”.</li><li>The plates shall be supplied from the middle cut of the ingot.</li></ul><p>Additional Inspection procedures to ensure quality of final <span style=\"color:hsl(0,75%,60%);\">product may be requested Niye??</span></p>','','Verbatim','2023-12-30 17:50:49','2024-01-01 11:52:49'),(447,8,8,2,4,3,16,3911,1,1,NULL,'TR',NULL,NULL,'<p>The contractor shall machine two (2) of the three plates (<i>described in 3908</i>) to the requirements defined in this specification and on the drawings listed in table below. The third plate shall be stored as a spare in the event that a non-conformance occurs during the machining of the plates</p><figure class=\"table\" style=\"width:90%;\"><table><thead><tr><th style=\"text-align:justify;\">Drawing</th><th style=\"text-align:justify;\">Description</th></tr></thead><tbody><tr><td style=\"text-align:justify;\">4281-241-1-1</td><td style=\"text-align:justify;\">Flexible Plate Drawing</td></tr><tr><td style=\"text-align:justify;\"><span style=\"color:hsl(0, 75%, 60%);\">4281-S-1444</span></td><td style=\"text-align:justify;\"><span style=\"color:hsl(0, 75%, 60%);\">Tech Spec for Flexible Nozzle SIL</span></td></tr><tr><td style=\"text-align:justify;\"><span style=\"color:hsl(0, 75%, 60%);\">4281-S-1471</span></td><td style=\"text-align:justify;\"><span style=\"color:hsl(0, 75%, 60%);\">Flex Nozzle plate material SIL</span></td></tr></tbody></table></figure>',NULL,'Verbatim','2024-01-01 11:18:59','2024-01-01 12:15:48'),(448,8,8,2,4,3,16,3912,1,1,NULL,'GR',NULL,NULL,'<p>Prior to machining of Flexible Nozzle Plates (2), the contractor shall submit a detailed procedure outlining the successive steps to be taken to ensure that the final plate meets the acceptance criteria.&nbsp;</p><p>This procedure shall be reviewed and approved by the Administration before the commencement of machining activities.</p><p>The procedure will include quality approval plan, plate fixture plan and process manufacturing plan in detailed steps, covering full scope of <span style=\"color:hsl(0, 75%, 60%);\">Section 2.1 and 2.2.</span></p><p><span style=\"color:hsl(0, 75%, 60%);\">Ne zaman ? Hangi POC ?</span></p>',NULL,'Verbatim','2024-01-01 11:25:24','2024-01-01 11:25:24'),(449,8,8,2,4,3,16,3913,1,1,NULL,'GR',NULL,NULL,'<p>For (3) three Flexible Nozzle plates complete dimensional inspection shall be provided by the contractor such that it is ensured that the final machined plate meets the tolerances as specified on the <span style=\"color:hsl(0, 75%, 60%);\">drawing</span>.</p><p>The contractor shall supply detailed inspection reports for verification by the Administration.</p>',NULL,'Verbatim','2024-01-01 12:02:16','2024-01-01 12:02:16'),(450,8,8,2,4,3,16,3914,1,1,NULL,'GR',NULL,NULL,'<p>For Flexible Nozzle plates, the contractor shall select a suitable three (3) coat paint system with a suitable primer to suit a highly corrosive environment.</p><p>The paint system shall be designed and supplied by a single supplier.</p>',NULL,'Verbatim','2024-01-01 12:19:50','2024-01-01 12:22:50'),(451,8,8,2,4,3,16,3915,1,1,NULL,'GR',NULL,NULL,'<p>For Flexible Nozzle plates, the Administration will determine the finish coat color during the paint system selection process.</p>',NULL,'Verbatim','2024-01-01 12:24:05','2024-01-01 12:24:05'),(452,8,8,2,4,3,16,3916,1,1,NULL,'GR',NULL,NULL,'<p>Painting requirements (or masking the patch area) for the sensors on Flexible Nozzle plates shall be described in accordance with Over Curvature Sensing System equipment requirements.</p>',NULL,'Verbatim','2024-01-01 12:31:53','2024-01-01 12:31:53'),(453,8,8,2,4,4,16,3917,1,1,NULL,'TR',NULL,NULL,'<p>For machining of Flexible Nozzle plates, following points shall be taken into account and :</p><ul><li>The contractor shall prepare a detailed written procedure for machining the plates, to be submitted to the purchaser for review and approval prior to the commencement of work.</li><li>In order to meet the final tolerances specified, a progressive alternating machining technique shall be applied.</li><li>Material shall be progressively removed from each side of the plate in order to prevent warping due to imbalances in internal stress. The basic procedure shall be:<ol><li>The Plate shall be laid on machine bed, horizontally laying down and shimmed at high areas to ensure that there is no bending imposed before machining. This shimming procedure is critical and shall be performed during setup for each machine pass</li><li>The plate shall be clamped at locations where it is shimmed. This is to ensure that no bending is imposed by clamps</li><li>Provisions should be made to ensure that thermal stresses due to machining are limited and do not change the basic nature or requirement as specified of the plates.</li><li>The plate shall be repeatedly incrementally machined on each side, then flipped over, reset on the machine bed as described in step 1</li><li>As a <strong>baseline</strong>, the machining sequence shall be:<ul><li>3 mm removal side A</li><li>3 mm removal side B</li><li>3 mm removal side A</li><li>3 mm removal side B</li><li>2 mm removal side A</li><li>2 mm removal side B</li><li>2 mm removal side A</li><li>2 mm removal side B</li><li>1 mm removal side A</li><li>1 mm removal side B</li><li>1 mm removal side A</li><li>1 mm removal side B</li><li>Final machining side A</li><li>Final machining side B</li></ul></li></ol></li></ul>',NULL,'Verbatim','2024-01-01 13:15:10','2024-01-07 17:54:46'),(454,8,8,2,4,3,16,3918,1,1,NULL,'GR',NULL,NULL,'<p>The third plate [ of the (3) three Flexible Nozzle plates] shall be stored as a spare to be used in the case that one of the two primary plates sustains damage or is found to have a non conformance during the process of fabrication.</p><p>At the completion of the work, the contractor shall supply the spare plate to the Administration.</p>',NULL,'Verbatim','2024-01-01 13:25:22','2024-01-01 13:25:22'),(455,8,8,2,4,4,16,3919,1,1,NULL,'TR',NULL,NULL,'<p>The contractor shall fabricate and supply a shipping fixture to which the Flexible Nozzle plates can be clamped (to &nbsp;safely transport the plate and prevent bending).</p><p>As a <strong>reference</strong> :</p><ul><li>This fixture shall be of welded type construction, with two strongback I-beams braced diagonally.&nbsp;</li><li>This fixture shall include a basic level of corrosion protection so as to prevent corrosion during shipping.</li><li>Additional protection shall be supplied during the packing and crating procedure between the plate<br>and the fixture, and around the plate itself to prevent scratching or degradation of the painted<br>surfaces. The intent of the fixture is to provide structural support during shipping and handling<br>procedures.</li><li>The same fixture can be also used to mount installation fixtures in enabling assembly of this flexible<br>plate to the main assembly.</li></ul><figure class=\"table\" style=\"width:100%;\"><table><tbody><tr><td><figure class=\"image\"><img style=\"aspect-ratio:589/347;\" src=\"https://requirements.kapkara.one/media/9/Screenshot-from-2024-01-02-20-13-53.png\" width=\"589\" height=\"347\"></figure></td><td><figure class=\"image\"><img style=\"aspect-ratio:783/559;\" src=\"https://requirements.kapkara.one/media/10/Screenshot-from-2024-01-02-20-15-20.png\" width=\"783\" height=\"559\"></figure></td></tr><tr><td>&nbsp;</td><td><figure class=\"image\"><img style=\"aspect-ratio:511/369;\" src=\"https://requirements.kapkara.one/media/12/Screenshot-from-2024-01-02-20-14-28.png\" width=\"511\" height=\"369\"></figure></td></tr><tr><td colspan=\"2\"><figure class=\"image\"><img style=\"aspect-ratio:791/509;\" src=\"https://requirements.kapkara.one/media/13/Screenshot-from-2024-01-02-20-21-08.png\" width=\"791\" height=\"509\"></figure></td></tr><tr><td colspan=\"2\">Fixture having bolt on provision for mounting wheel that will help during installation</td></tr></tbody></table></figure><p>&nbsp;</p>',NULL,'Verbatim','2024-01-01 13:31:20','2024-01-07 17:52:14'),(456,9,9,2,4,5,0,3921,1,1,'[REQ - 3]','TR',NULL,'Technical Specification 4281/S/1268 Rev. 0','<p>Minimum width of the test section shall be 1.5m.</p>',NULL,'Verbatim','2024-01-11 18:00:07','2024-01-11 18:00:07'),(457,9,9,2,4,5,0,3922,1,1,'[REQ - 4]','TR',NULL,'Technical Specification 4281/S/1268 Rev. 0','<p>Minimum height of the test section shall be 1.5m.</p>',NULL,'Verbatim','2024-01-11 18:02:01','2024-01-11 18:02:01'),(458,9,9,2,4,5,0,3923,1,1,'[REQ - 5]','TR',NULL,'Technical Specification 4281/S/1268 Rev. 0','<p>Section shape shall be square.</p>',NULL,'Verbatim','2024-01-11 18:03:31','2024-01-11 18:03:31'),(459,9,9,2,4,5,0,3924,1,1,'[REQ - 11] and [REQ - 11.1]','TR',NULL,'Technical Specification 4281/S/1268 Rev. 0','<p>Model shall be connected to the test section:</p><p>with a sting type connection with pitch and roll capability (MPS ‐ Model Positioning and Support System)</p>',NULL,'Verbatim','2024-01-11 18:08:02','2024-01-11 18:08:02'),(460,9,9,2,4,5,0,3925,1,1,'[REQ - 12]','TR',NULL,'Technical Specification 4281/S/1268 Rev. 0','<p>MPS shall be designed and components shall be selected in order to provide a sweep capability in pitch and yaw directions and high positioning accuracy. The MPS requirements will be further defined to include:</p>','<p>See Technical Specification 4281/S/1268 Rev. 0, [REQ - 12.1], [REQ - 12.2] and [REQ - 12.3]</p>','Verbatim','2024-01-11 18:18:06','2024-01-11 18:18:06');
/*!40000 ALTER TABLE `requirements` ENABLE KEYS */;
UNLOCK TABLES;

--
-- Table structure for table `role_has_permissions`
--

DROP TABLE IF EXISTS `role_has_permissions`;
/*!40101 SET @saved_cs_client     = @@character_set_client */;
/*!50503 SET character_set_client = utf8mb4 */;
CREATE TABLE `role_has_permissions` (
  `permission_id` bigint unsigned NOT NULL,
  `role_id` bigint unsigned NOT NULL,
  PRIMARY KEY (`permission_id`,`role_id`),
  KEY `role_has_permissions_role_id_foreign` (`role_id`),
  CONSTRAINT `role_has_permissions_permission_id_foreign` FOREIGN KEY (`permission_id`) REFERENCES `permissions` (`id`) ON DELETE CASCADE,
  CONSTRAINT `role_has_permissions_role_id_foreign` FOREIGN KEY (`role_id`) REFERENCES `roles` (`id`) ON DELETE CASCADE
) ENGINE=InnoDB DEFAULT CHARSET=utf8mb4 COLLATE=utf8mb4_unicode_ci;
/*!40101 SET character_set_client = @saved_cs_client */;

--
-- Dumping data for table `role_has_permissions`
--

LOCK TABLES `role_has_permissions` WRITE;
/*!40000 ALTER TABLE `role_has_permissions` DISABLE KEYS */;
/*!40000 ALTER TABLE `role_has_permissions` ENABLE KEYS */;
UNLOCK TABLES;

--
-- Table structure for table `roles`
--

DROP TABLE IF EXISTS `roles`;
/*!40101 SET @saved_cs_client     = @@character_set_client */;
/*!50503 SET character_set_client = utf8mb4 */;
CREATE TABLE `roles` (
  `id` bigint unsigned NOT NULL AUTO_INCREMENT,
  `name` varchar(255) CHARACTER SET utf8mb4 COLLATE utf8mb4_unicode_ci NOT NULL,
  `guard_name` varchar(255) CHARACTER SET utf8mb4 COLLATE utf8mb4_unicode_ci NOT NULL,
  `created_at` timestamp NULL DEFAULT NULL,
  `updated_at` timestamp NULL DEFAULT NULL,
  PRIMARY KEY (`id`),
  UNIQUE KEY `roles_name_guard_name_unique` (`name`,`guard_name`)
) ENGINE=InnoDB AUTO_INCREMENT=4 DEFAULT CHARSET=utf8mb4 COLLATE=utf8mb4_unicode_ci;
/*!40101 SET character_set_client = @saved_cs_client */;

--
-- Dumping data for table `roles`
--

LOCK TABLES `roles` WRITE;
/*!40000 ALTER TABLE `roles` DISABLE KEYS */;
INSERT INTO `roles` VALUES (1,'admin','web','2023-10-29 12:06:45','2023-10-29 12:06:45'),(2,'company_admin','web','2023-10-29 12:06:45','2023-10-29 12:06:45'),(3,'requirement_engineer','web','2023-10-29 12:06:45','2023-10-29 12:06:45');
/*!40000 ALTER TABLE `roles` ENABLE KEYS */;
UNLOCK TABLES;

--
-- Table structure for table `tests`
--

DROP TABLE IF EXISTS `tests`;
/*!40101 SET @saved_cs_client     = @@character_set_client */;
/*!50503 SET character_set_client = utf8mb4 */;
CREATE TABLE `tests` (
  `id` bigint unsigned NOT NULL AUTO_INCREMENT,
  `updated_uid` int NOT NULL,
  `user_id` bigint unsigned NOT NULL,
  `company_id` bigint unsigned NOT NULL,
  `project_id` bigint unsigned NOT NULL,
  `endproduct_id` bigint unsigned DEFAULT NULL,
  `test_no` int NOT NULL,
  `title` text COLLATE utf8mb4_unicode_ci NOT NULL,
  `revision` int NOT NULL DEFAULT '1',
  `is_latest` tinyint(1) NOT NULL DEFAULT '1',
  `test_type` varchar(255) COLLATE utf8mb4_unicode_ci DEFAULT NULL,
  `remarks` text COLLATE utf8mb4_unicode_ci,
  `status` varchar(255) COLLATE utf8mb4_unicode_ci NOT NULL DEFAULT 'Verbatim',
  `created_at` timestamp NULL DEFAULT NULL,
  `updated_at` timestamp NULL DEFAULT NULL,
  PRIMARY KEY (`id`)
) ENGINE=InnoDB AUTO_INCREMENT=12 DEFAULT CHARSET=utf8mb4 COLLATE=utf8mb4_unicode_ci;
/*!40101 SET character_set_client = @saved_cs_client */;

--
-- Dumping data for table `tests`
--

LOCK TABLES `tests` WRITE;
/*!40000 ALTER TABLE `tests` DISABLE KEYS */;
INSERT INTO `tests` VALUES (1,8,8,2,4,3,1075,'Primer Adherence Test',1,1,'QUAL','<p>The adherence of the <strong>primer</strong> to the steel surface shall be checked by a grid type scratch test, or pull type test, in accordance with ASTM standards or EN ISO equivalent.&nbsp;</p><p>The exact location, as well as the number of tests, shall be determined by the Administration.</p>','Verbatim','2023-12-23 15:30:12','2023-12-23 15:56:20'),(2,8,8,2,4,3,1076,'Intermediate Coat Adhesion Test',1,1,'QUAL','<p>The adherence of the intermediate coat to the prime coat shall be checked by a grid type scratch test, or pull type test, in accordance with ASTM standards or EN ISO equivalent. The exact location, as well as the number of tests, shall be determined by the Administration.</p>','Verbatim','2023-12-23 16:03:50','2023-12-23 16:03:50'),(3,8,8,2,4,3,1078,'Finish Coat Adhesion Test',1,1,'DEV','<p>The adherence of the finish coat to the prime coat shall be checked by a grid type scratch test or pull type test, in accordance with <a href=\"https://www.astm.org/\">ASTM Standards</a> or <a href=\"https://www.iso.org/home.html\">EN ISO</a> equivalent. The exact location, as well as the number of tests, shall be determined by the Administration.</p>','Verbatim','2023-12-24 11:06:43','2023-12-24 11:08:26'),(4,8,8,2,4,3,1083,'Pressure Shell Welding Testing',1,1,'QUAL','<p>All complete joint penetration welds in the <strong>pressure shell components </strong>of the flexible nozzle assembly shall be 100% radiographically examined in accordance with ASME Boiler and Pressure Vessel Code, Section VIII, Division 1. Any applicable EN standards shall also be adhered to.</p><p>This test shall cover:</p><ul><li>All welds shall pass 100% \"<i>Dye Penetrant Test\"</i> (DPT) on final weldment prior to radiography, it is also recommended to apply DPT on the root pass of weld seams to prevent weld defects.</li><li>Weld acceptability, repairs and re-examination shall be as defined in ASME BPVC, Section VIII. Repairs to any welds rejected under examination shall be made, using qualified procedures and in a manner acceptable to the Engineer. Repaired welds shall be subjected to re-examination by spot radiography at a location designated by the Engineer</li><li>The Contractor shall submit a weld map indicating where 100% radiography will be conducted, for review by the Administration. Records of all such tests are to be submitted to the Administration for approval.</li></ul>','Verbatim','2023-12-25 17:47:12','2023-12-25 18:30:06'),(5,8,8,2,4,3,1084,'Shop Assembly Test for Jack Stations Sub-Assemblies',1,1,'QUAL','<p>The whole assembly shall be supported in an approximately horizontal plane on fixed<br>supports at the trunnion bearings and on roller supports at the inner cross beam. In this<br>position, the sub-assembly shall be extended and retracted by means of the hydraulic<br>cylinder with the screw stop nuts set at a minimum of three different positions spanning<br>the full range of their adjustments. flush hydraulic lines before the start of the test. A<br>temporary means for energizing and controlling the hydraulic system shall be provided.<br>The operation of the hydraulic system shall be tested at low pressure (17 barg). The jack<br>station sub-assemblies shall be secured on a bench fixture (Drawing 4281-245) and be<br>subjected to at least 20 complete cycles. 17 barg pressure shall be applied and be<br>measured over one cycle of maximum stroke during stopping and starting, every 50 mm<br>of stroke, see Drawing 4281-245. Also, for satisfactory operation, there shall be no<br>evidence of mechanical interferences, or any tendency for axes Y-Y and X-X, as defined<br>by Drawings 4281-245, not to remain parallel within the limits specified on the drawing.<br>The test shall be repeated with the assembly flipped over.</p><p>&nbsp;</p><p>With the assembly supported in the same position and extended to full length by the<br>hydraulic cylinder, the screw stop nuts shall be driven over their full range of adjustment,<br>by means of the input shaft on Drawings 4281-245, by hand with a means of measuring<br>the torque. The maximum torque shall not exceed 10 Nm. The test shall be repeated<br>with the assembly flipped over.</p>','Verbatim','2023-12-26 18:33:17','2023-12-26 18:50:54'),(6,8,8,2,4,3,1085,'Shop Assembly Test for Screw Stop Drive Power Unit Sub-Assemblies ',1,1,'DEV','<p>The 38 screw stop drive power unit sub-assemblies shown on Drawing 4281-250 shall be<br>completely assembled on their base plates and tested as follows.<br>An operational test of both drive motors shall be conducted, using temporary electrical hookups,<br>to demonstrate the proper functioning of the equipment, including the gearboxes, the brake, the<br>clutch, the counter and the limit switches. Motor currents shall be logged for each drive.</p>','Verbatim','2023-12-26 18:50:09','2023-12-26 18:58:23'),(7,8,8,2,4,3,1086,'Site Operating Tests for Jack Stations',1,1,'DEV','<p>After the structure has been erected and after the jack station sub-assemblies, the control<br>equipment and the complete hydraulic system have been installed but before the flexible plates<br>have been installed, the operation of each jack station sub-assembly shall be tested mechanically,<br>hydraulically, and electrically over its full range of operation, as follows:</p><ul><li>a) A temporary means for holding the jack station sub-assemblies in approximately correct<br>relative positions without the flexible plates installed shall be provided. In these positions,<br>each sub-assembly shall be extended and retracted by means of the hydraulic cylinder<br>with the screw stop nuts set at a minimum of three different positions spanning the full<br>range of their adjustments. The operation of the hydraulic system shall be tested at low<br>pressure (17 barg). The jack station sub-assemblies shall be secured on a bench fixture<br>(Drawing 4281-245) and be subjected to at least 20 complete cycles. 17 barg pressure<br>shall be applied and be measured over one cycle of maximum stroke during stopping and<br>starting, every 50 mm of stroke, see Drawing 4281-245. Also, for satisfactory operation,<br>there shall be no evidence of mechanical interferences, or any tendency for axes Y-Y and<br>X-X, as defined by Drawing 4281-245, not to remain parallel within the limits specified on<br>the drawing.</li><li>b) With the sub-assemblies still supported in the correct relative positions, the hydraulic<br>cylinders shall be fully extended, to the innermost contour position, and held there. The<br>Contractor shall then check for proper operation of the screw stops, at every jack station,<br>over the complete range of travel.</li></ul>','Verbatim','2023-12-26 19:01:39','2023-12-26 19:01:39'),(8,8,8,2,4,3,1087,'Site Operating Tests for Flexible Plates',1,1,'DEV','<p>The jack stations shall be cycled hydraulically at low pressure (under 17 barg) and at low speed,<br>to ascertain that the flexible plates are not subject to excessive curvature (i.e., overstressed) at<br>any time after the plates have been installed. For testing purposes, strain gauges or other<br>indicating devices may be used.</p>','Verbatim','2023-12-26 19:06:13','2023-12-26 19:06:13'),(9,8,8,2,4,3,1088,'Site Operating Tests for Locking Pins',1,1,'DEV','<p>The locking pins (Drawing D4281-225), pipes, hoses, hydraulic cylinders (D4281-255/256) and<br>other hydraulic items shown on Drawing 4281-215 shall be cycled at least 20 times to ensure<br>ease of operation.</p>','Verbatim','2023-12-26 19:08:25','2023-12-26 19:08:25'),(10,8,8,2,4,3,1089,'Acceptance Tests for Tolerance Matching',1,1,'QUAL','<p>These acceptance tests should be performed to show compliance product\'s the matching to final tolerance (drawing 103) in the flex nozzle, relative moving parts working properly like jack station, flex plate, Hydraulic system, pneumatic seals.&nbsp;</p><p>The assembly should be able to interface with SC (fixed connection) on the upstream side within 103 drawing tolerance (in situ condition) and downstream TTS and Model cart arrangement (easy of assembly / disassembly and 103 drawing tolerances).&nbsp;</p><p>Additional tests may be proposed by client to the site contractor for final acceptance. The final acceptance tests shall be witnessed by the Owner and<br>the Engineer. Final acceptance by the Owner shall be contingent upon meeting all the equirements of this specification and drawings.<br>Detailed acceptance test procedures shall be provided at least one (1) month before the tests are scheduled and shall be subject to approval by the Owner.</p><p>Acceptance of the work will be upon satisfactory completion of all the work and supply as defined in this specification and drawings, including the completion of deficiencies and documentation. After the installation of the steel shell and components have been completed and the operating tests defined in this Specification have been performed, the Contractor shall, in conjunction with the Owner, conduct a set of acceptance tests under actual operating conditions, demonstrating that all components function and that the system operates as defined in this Specification. These acceptance tests shall be witnessed by the Owner.</p><p>If at any time during the tests or after satisfactory completion of the tests, any system indicates a malfunction, the Contractor shall make the necessary corrections and the tests repeated for that system.</p><p>The Owner or the Engineer will notify the Contractor well in advance of the dates for the wind-on final acceptance tests. The Contractor shall advise the Owner or the Engineer when the equipment is completed and ready for tests.<br>Upon satisfactory completion of the acceptance tests for the steel shell and components, and completion of all outstanding deficiencies, the equipment, in part or in full, will be accepted by the owner. The Owner will issue an Equipment Acceptance Certificate (EAC).</p>','Verbatim','2023-12-30 16:01:16','2023-12-30 16:07:11'),(11,8,8,2,4,3,1090,'Flexible Nozzle Plate Material Inspection Test',1,1,'QUAL','<p>This test is for material inspection of Flexible Nozzle plates (3).</p>','Verbatim','2024-01-01 11:45:45','2024-01-01 11:56:10');
/*!40000 ALTER TABLE `tests` ENABLE KEYS */;
UNLOCK TABLES;

--
-- Table structure for table `users`
--

DROP TABLE IF EXISTS `users`;
/*!40101 SET @saved_cs_client     = @@character_set_client */;
/*!50503 SET character_set_client = utf8mb4 */;
CREATE TABLE `users` (
  `id` bigint unsigned NOT NULL AUTO_INCREMENT,
  `name` varchar(255) CHARACTER SET utf8mb4 COLLATE utf8mb4_unicode_ci NOT NULL,
  `lastname` varchar(255) CHARACTER SET utf8mb4 COLLATE utf8mb4_unicode_ci NOT NULL,
  `company_id` bigint unsigned DEFAULT NULL,
  `email` varchar(255) CHARACTER SET utf8mb4 COLLATE utf8mb4_unicode_ci NOT NULL,
  `email_verified_at` timestamp NULL DEFAULT NULL,
  `password` varchar(255) CHARACTER SET utf8mb4 COLLATE utf8mb4_unicode_ci NOT NULL,
  `remember_token` varchar(100) CHARACTER SET utf8mb4 COLLATE utf8mb4_unicode_ci DEFAULT NULL,
  `created_at` timestamp NULL DEFAULT NULL,
  `updated_at` timestamp NULL DEFAULT NULL,
  PRIMARY KEY (`id`),
  UNIQUE KEY `users_email_unique` (`email`)
) ENGINE=InnoDB AUTO_INCREMENT=11 DEFAULT CHARSET=utf8mb4 COLLATE=utf8mb4_unicode_ci;
/*!40101 SET character_set_client = @saved_cs_client */;

--
-- Dumping data for table `users`
--

LOCK TABLES `users` WRITE;
/*!40000 ALTER TABLE `users` DISABLE KEYS */;
INSERT INTO `users` VALUES (1,'Kılıç Ali','Temiz',1,'katemiz@gmail.com',NULL,'$2y$10$1I9SVyGbnwcxp7YC0EljxOJX0.zO9PVwS1uXjPmAZQv9p5jbCYPza',NULL,'2023-10-29 12:06:45','2023-11-15 10:49:59'),(2,'Kılıç Ali','Temiz',3,'katemiz@masttech.com',NULL,'$2y$10$lYMs403Jt/yxYfoTPCAWB.SaBRovlc7aD0EIohAm0HFH9RPXgYpEe',NULL,'2023-10-29 12:06:45','2023-11-12 11:09:39'),(3,'Ümit','Kutluay',2,'umit.kutluay@tubitak.gov.tr',NULL,'$2y$10$YcRX9u089cPGufAU0diCpeaYmNyfOEWwG2bdAe.6peZxaw9QvUGre',NULL,'2023-10-29 12:06:45','2023-10-29 12:06:45'),(8,'Kılıç Ali','Temiz',2,'katemiz@kapkara.one',NULL,'$2y$10$b5BswoGQDNU9P3JpK5GUc.fDCf2JTRYokqdgUDwRx.Rb1MkGXO4a.',NULL,'2023-11-12 11:07:06','2023-11-12 11:09:03'),(9,'Ayşe','Temiz',2,'astemiz@gmail.com',NULL,'$2y$10$lpo6IHQIRWeem/pVjOLCu.qrx1IkCZhNOe76UPbdZwSR7.6EoO2lW',NULL,'2023-12-10 20:11:31','2023-12-10 20:17:26');
/*!40000 ALTER TABLE `users` ENABLE KEYS */;
UNLOCK TABLES;

--
-- Table structure for table `verifications`
--

DROP TABLE IF EXISTS `verifications`;
/*!40101 SET @saved_cs_client     = @@character_set_client */;
/*!50503 SET character_set_client = utf8mb4 */;
CREATE TABLE `verifications` (
  `id` bigint unsigned NOT NULL AUTO_INCREMENT,
  `user_id` bigint unsigned NOT NULL,
  `company_id` bigint unsigned NOT NULL,
  `project_id` bigint unsigned NOT NULL,
  `endproduct_id` bigint unsigned DEFAULT NULL,
  `requirement_id` bigint unsigned NOT NULL,
  `gate_id` bigint unsigned NOT NULL,
  `moc_id` bigint unsigned NOT NULL,
  `poc_id` bigint unsigned NOT NULL,
  `witness_id` bigint unsigned NOT NULL,
  `remarks` text CHARACTER SET utf8mb4 COLLATE utf8mb4_unicode_ci,
  `created_at` timestamp NULL DEFAULT NULL,
  `updated_at` timestamp NULL DEFAULT NULL,
  PRIMARY KEY (`id`)
) ENGINE=InnoDB AUTO_INCREMENT=670 DEFAULT CHARSET=utf8mb4 COLLATE=utf8mb4_unicode_ci;
/*!40101 SET character_set_client = @saved_cs_client */;

--
-- Dumping data for table `verifications`
--

LOCK TABLES `verifications` WRITE;
/*!40000 ALTER TABLE `verifications` DISABLE KEYS */;
INSERT INTO `verifications` VALUES (1,1,2,2,1,35,18,10,14,1,NULL,'2023-07-31 19:27:10','2023-07-31 19:27:10'),(2,1,2,2,1,35,20,14,17,1,NULL,'2023-07-31 19:27:10','2023-07-31 19:27:10'),(3,1,2,2,1,35,21,14,42,1,NULL,'2023-07-31 19:27:11','2023-07-31 19:27:11'),(4,1,2,2,1,36,18,10,14,1,NULL,'2023-07-31 19:27:11','2023-07-31 19:27:11'),(5,1,2,2,1,36,21,10,42,1,NULL,'2023-07-31 19:27:11','2023-07-31 19:27:11'),(6,1,2,2,1,282,17,10,25,1,NULL,'2023-07-31 19:27:11','2023-07-31 19:27:11'),(7,1,2,2,1,282,18,10,25,1,NULL,'2023-07-31 19:27:11','2023-07-31 19:27:11'),(8,1,2,2,1,282,20,14,14,1,NULL,'2023-07-31 19:27:11','2023-07-31 19:27:11'),(9,1,2,2,1,282,21,14,42,1,NULL,'2023-07-31 19:27:11','2023-07-31 19:27:11'),(10,1,2,2,1,283,17,10,25,1,NULL,'2023-07-31 19:27:11','2023-07-31 19:27:11'),(11,1,2,2,1,283,18,10,14,1,NULL,'2023-07-31 19:27:11','2023-07-31 19:27:11'),(12,1,2,2,1,283,20,14,14,1,NULL,'2023-07-31 19:27:11','2023-07-31 19:27:11'),(13,1,2,2,1,283,21,14,42,1,NULL,'2023-07-31 19:27:12','2023-07-31 19:27:12'),(14,1,2,2,1,284,17,10,25,1,NULL,'2023-07-31 19:27:12','2023-07-31 19:27:12'),(15,1,2,2,1,284,18,10,14,1,NULL,'2023-07-31 19:27:12','2023-07-31 19:27:12'),(16,1,2,2,1,284,20,14,17,1,NULL,'2023-07-31 19:27:12','2023-07-31 19:27:12'),(17,1,2,2,1,284,21,14,42,1,NULL,'2023-07-31 19:27:12','2023-07-31 19:27:12'),(18,1,2,2,1,285,17,10,25,1,NULL,'2023-07-31 19:27:12','2023-07-31 19:27:12'),(19,1,2,2,1,285,18,10,14,1,NULL,'2023-07-31 19:27:12','2023-07-31 19:27:12'),(20,1,2,2,1,285,20,14,17,1,NULL,'2023-07-31 19:27:12','2023-07-31 19:27:12'),(21,1,2,2,1,285,21,14,42,1,NULL,'2023-07-31 19:27:12','2023-07-31 19:27:12'),(22,1,2,2,1,286,17,10,25,1,NULL,'2023-07-31 19:27:12','2023-07-31 19:27:12'),(23,1,2,2,1,286,18,10,14,1,NULL,'2023-07-31 19:27:13','2023-07-31 19:27:13'),(24,1,2,2,1,286,20,14,17,1,NULL,'2023-07-31 19:27:13','2023-07-31 19:27:13'),(25,1,2,2,1,286,21,14,42,1,NULL,'2023-07-31 19:27:13','2023-07-31 19:27:13'),(26,1,2,2,1,287,17,10,25,1,NULL,'2023-07-31 19:27:13','2023-07-31 19:27:13'),(27,1,2,2,1,287,18,10,14,1,NULL,'2023-07-31 19:27:13','2023-07-31 19:27:13'),(28,1,2,2,1,287,20,14,17,2,NULL,'2023-07-31 19:27:13','2023-07-31 19:27:13'),(29,1,2,2,1,287,21,14,42,2,NULL,'2023-07-31 19:27:13','2023-07-31 19:27:13'),(30,1,2,2,1,288,17,10,25,1,NULL,'2023-07-31 19:27:13','2023-07-31 19:27:13'),(31,1,2,2,1,288,19,10,15,2,NULL,'2023-07-31 19:27:13','2023-07-31 19:27:13'),(32,1,2,2,1,288,20,14,14,2,NULL,'2023-07-31 19:27:14','2023-07-31 19:27:14'),(33,1,2,2,1,289,17,10,25,1,NULL,'2023-07-31 19:27:14','2023-07-31 19:27:14'),(34,1,2,2,1,289,18,10,23,2,NULL,'2023-07-31 19:27:14','2023-07-31 19:27:14'),(35,1,2,2,1,289,22,14,40,2,NULL,'2023-07-31 19:27:14','2023-07-31 19:27:14'),(36,1,2,2,1,290,17,10,25,1,NULL,'2023-07-31 19:27:14','2023-07-31 19:27:14'),(37,1,2,2,1,290,18,10,23,2,NULL,'2023-07-31 19:27:14','2023-07-31 19:27:14'),(38,1,2,2,1,290,22,14,40,2,NULL,'2023-07-31 19:27:14','2023-07-31 19:27:14'),(39,1,2,2,1,291,17,10,25,1,NULL,'2023-07-31 19:27:14','2023-07-31 19:27:14'),(40,1,2,2,1,291,18,10,34,2,NULL,'2023-07-31 19:27:14','2023-07-31 19:27:14'),(41,1,2,2,1,291,21,13,40,2,NULL,'2023-07-31 19:27:15','2023-07-31 19:27:15'),(42,1,2,2,1,292,17,10,34,1,NULL,'2023-07-31 19:27:15','2023-07-31 19:27:15'),(43,1,2,2,1,292,17,10,23,1,NULL,'2023-07-31 19:27:15','2023-07-31 19:27:15'),(44,1,2,2,1,292,21,13,40,2,NULL,'2023-07-31 19:27:15','2023-07-31 19:27:15'),(45,1,2,2,1,292,22,13,40,2,NULL,'2023-07-31 19:27:15','2023-07-31 19:27:15'),(46,1,2,2,1,293,17,10,23,1,NULL,'2023-07-31 19:27:15','2023-07-31 19:27:15'),(47,1,2,2,1,293,18,10,25,1,NULL,'2023-07-31 19:27:15','2023-07-31 19:27:15'),(48,1,2,2,1,293,19,10,40,2,NULL,'2023-07-31 19:27:15','2023-07-31 19:27:15'),(49,1,2,2,1,293,21,13,40,2,NULL,'2023-07-31 19:27:15','2023-07-31 19:27:15'),(50,1,2,2,1,294,17,10,34,1,NULL,'2023-07-31 19:27:16','2023-07-31 19:27:16'),(51,1,2,2,1,294,18,10,34,2,NULL,'2023-07-31 19:27:16','2023-07-31 19:27:16'),(52,1,2,2,1,294,21,13,40,2,NULL,'2023-07-31 19:27:16','2023-07-31 19:27:16'),(53,1,2,2,1,295,17,10,25,1,NULL,'2023-07-31 19:27:16','2023-07-31 19:27:16'),(54,1,2,2,1,295,18,10,15,1,NULL,'2023-07-31 19:27:16','2023-07-31 19:27:16'),(55,1,2,2,1,295,19,10,15,1,NULL,'2023-07-31 19:27:16','2023-07-31 19:27:16'),(56,1,2,2,1,295,20,14,40,2,NULL,'2023-07-31 19:27:16','2023-07-31 19:27:16'),(57,1,2,2,1,295,21,13,17,2,NULL,'2023-07-31 19:27:16','2023-07-31 19:27:16'),(58,1,2,2,1,296,17,10,25,1,NULL,'2023-07-31 19:27:16','2023-07-31 19:27:16'),(59,1,2,2,1,296,18,10,15,1,NULL,'2023-07-31 19:27:16','2023-07-31 19:27:16'),(60,1,2,2,1,296,19,10,40,2,NULL,'2023-07-31 19:27:17','2023-07-31 19:27:17'),(61,1,2,2,1,296,20,14,40,2,NULL,'2023-07-31 19:27:17','2023-07-31 19:27:17'),(62,1,2,2,1,297,17,10,25,1,NULL,'2023-07-31 19:27:17','2023-07-31 19:27:17'),(63,1,2,2,1,297,19,13,40,2,NULL,'2023-07-31 19:27:17','2023-07-31 19:27:17'),(64,1,2,2,1,298,17,10,34,1,NULL,'2023-07-31 19:27:17','2023-07-31 19:27:17'),(65,1,2,2,1,298,17,10,25,1,NULL,'2023-07-31 19:27:17','2023-07-31 19:27:17'),(66,1,2,2,1,298,19,12,40,2,NULL,'2023-07-31 19:27:17','2023-07-31 19:27:17'),(67,1,2,2,1,1,16,10,10,1,NULL,'2023-07-31 19:27:17','2023-07-31 19:27:17'),(68,1,2,2,1,1,17,10,10,1,NULL,'2023-07-31 19:27:17','2023-07-31 19:27:17'),(69,1,2,2,1,1,17,10,34,1,NULL,'2023-07-31 19:27:18','2023-07-31 19:27:18'),(70,1,2,2,1,2,17,10,34,1,NULL,'2023-07-31 19:27:18','2023-07-31 19:27:18'),(71,1,2,2,1,3,17,10,34,1,NULL,'2023-07-31 19:27:18','2023-07-31 19:27:18'),(72,1,2,2,1,3,17,10,10,1,NULL,'2023-07-31 19:27:18','2023-07-31 19:27:18'),(73,1,2,2,1,4,17,10,34,1,NULL,'2023-07-31 19:27:18','2023-07-31 19:27:18'),(74,1,2,2,1,4,18,10,23,1,NULL,'2023-07-31 19:27:18','2023-07-31 19:27:18'),(75,1,2,2,1,4,18,10,24,1,NULL,'2023-07-31 19:27:18','2023-07-31 19:27:18'),(76,1,2,2,1,4,19,10,40,2,NULL,'2023-07-31 19:27:18','2023-07-31 19:27:18'),(77,1,2,2,1,4,19,13,33,1,NULL,'2023-07-31 19:27:18','2023-07-31 19:27:18'),(78,1,2,2,1,5,17,10,10,1,NULL,'2023-07-31 19:27:18','2023-07-31 19:27:18'),(79,1,2,2,1,6,17,10,10,1,NULL,'2023-07-31 19:27:19','2023-07-31 19:27:19'),(80,1,2,2,1,6,17,10,34,1,NULL,'2023-07-31 19:27:19','2023-07-31 19:27:19'),(81,1,2,2,1,7,17,10,34,1,NULL,'2023-07-31 19:27:19','2023-07-31 19:27:19'),(82,1,2,2,1,8,16,10,10,1,NULL,'2023-07-31 19:27:19','2023-07-31 19:27:19'),(83,1,2,2,1,9,16,10,10,1,NULL,'2023-07-31 19:27:19','2023-07-31 19:27:19'),(84,1,2,2,1,10,17,10,10,1,NULL,'2023-07-31 19:27:19','2023-07-31 19:27:19'),(85,1,2,2,1,10,17,10,34,1,NULL,'2023-07-31 19:27:19','2023-07-31 19:27:19'),(86,1,2,2,1,11,17,10,10,1,NULL,'2023-07-31 19:27:19','2023-07-31 19:27:19'),(87,1,2,2,1,11,17,10,13,1,NULL,'2023-07-31 19:27:19','2023-07-31 19:27:19'),(88,1,2,2,1,12,17,10,10,1,NULL,'2023-07-31 19:27:19','2023-07-31 19:27:19'),(89,1,2,2,1,12,17,10,13,1,NULL,'2023-07-31 19:27:20','2023-07-31 19:27:20'),(90,1,2,2,1,13,17,10,10,1,NULL,'2023-07-31 19:27:20','2023-07-31 19:27:20'),(91,1,2,2,1,13,17,10,13,1,NULL,'2023-07-31 19:27:20','2023-07-31 19:27:20'),(92,1,2,2,1,14,17,10,13,1,NULL,'2023-07-31 19:27:20','2023-07-31 19:27:20'),(93,1,2,2,1,15,17,10,13,1,NULL,'2023-07-31 19:27:20','2023-07-31 19:27:20'),(94,1,2,2,1,16,17,10,34,1,NULL,'2023-07-31 19:27:20','2023-07-31 19:27:20'),(95,1,2,2,1,17,16,10,34,1,NULL,'2023-07-31 19:27:20','2023-07-31 19:27:20'),(96,1,2,2,1,18,17,10,34,1,NULL,'2023-07-31 19:27:20','2023-07-31 19:27:20'),(97,1,2,2,1,19,17,10,10,1,NULL,'2023-07-31 19:27:20','2023-07-31 19:27:20'),(98,1,2,2,1,20,18,10,23,1,NULL,'2023-07-31 19:27:21','2023-07-31 19:27:21'),(99,1,2,2,1,20,19,13,40,2,NULL,'2023-07-31 19:27:21','2023-07-31 19:27:21'),(100,1,2,2,1,21,22,10,27,1,NULL,'2023-07-31 19:27:21','2023-07-31 19:27:21'),(101,1,2,2,1,21,22,12,33,2,NULL,'2023-07-31 19:27:21','2023-07-31 19:27:21'),(102,1,2,2,1,22,17,10,23,1,NULL,'2023-07-31 19:27:21','2023-07-31 19:27:21'),(103,1,2,2,1,22,22,12,10,2,NULL,'2023-07-31 19:27:21','2023-07-31 19:27:21'),(104,1,2,2,1,23,17,10,10,1,NULL,'2023-07-31 19:27:21','2023-07-31 19:27:21'),(105,1,2,2,1,23,22,12,33,2,NULL,'2023-07-31 19:27:21','2023-07-31 19:27:21'),(106,1,2,2,1,24,17,10,23,1,NULL,'2023-07-31 19:27:21','2023-07-31 19:27:21'),(107,1,2,2,1,24,22,12,33,2,NULL,'2023-07-31 19:27:22','2023-07-31 19:27:22'),(108,1,2,2,1,24,22,13,40,2,NULL,'2023-07-31 19:27:22','2023-07-31 19:27:22'),(109,1,2,2,1,26,17,10,23,1,NULL,'2023-07-31 19:27:22','2023-07-31 19:27:22'),(110,1,2,2,1,26,17,10,24,1,NULL,'2023-07-31 19:27:22','2023-07-31 19:27:22'),(111,1,2,2,1,27,17,10,24,1,NULL,'2023-07-31 19:27:22','2023-07-31 19:27:22'),(112,1,2,2,1,28,17,10,24,1,NULL,'2023-07-31 19:27:22','2023-07-31 19:27:22'),(113,1,2,2,1,29,17,10,24,1,NULL,'2023-07-31 19:27:22','2023-07-31 19:27:22'),(114,1,2,2,1,30,17,10,34,1,NULL,'2023-07-31 19:27:22','2023-07-31 19:27:22'),(115,1,2,2,1,30,17,10,26,1,NULL,'2023-07-31 19:27:22','2023-07-31 19:27:22'),(116,1,2,2,1,31,17,10,34,1,NULL,'2023-07-31 19:27:22','2023-07-31 19:27:22'),(117,1,2,2,1,32,17,10,24,1,NULL,'2023-07-31 19:27:23','2023-07-31 19:27:23'),(118,1,2,2,1,33,17,10,24,1,NULL,'2023-07-31 19:27:23','2023-07-31 19:27:23'),(119,1,2,2,1,34,17,10,34,1,NULL,'2023-07-31 19:27:23','2023-07-31 19:27:23'),(120,1,2,2,1,66,17,10,23,1,NULL,'2023-07-31 19:27:23','2023-07-31 19:27:23'),(121,1,2,2,1,66,18,10,23,1,NULL,'2023-07-31 19:27:23','2023-07-31 19:27:23'),(122,1,2,2,1,66,19,13,40,2,NULL,'2023-07-31 19:27:23','2023-07-31 19:27:23'),(123,1,2,2,1,67,17,10,24,1,NULL,'2023-07-31 19:27:23','2023-07-31 19:27:23'),(124,1,2,2,1,37,18,10,15,1,NULL,'2023-07-31 19:27:23','2023-07-31 19:27:23'),(125,1,2,2,1,37,19,10,16,1,NULL,'2023-07-31 19:27:24','2023-07-31 19:27:24'),(126,1,2,2,1,38,18,10,15,1,NULL,'2023-07-31 19:27:24','2023-07-31 19:27:24'),(127,1,2,2,1,38,19,10,16,1,NULL,'2023-07-31 19:27:24','2023-07-31 19:27:24'),(128,1,2,2,1,39,18,10,15,1,NULL,'2023-07-31 19:27:24','2023-07-31 19:27:24'),(129,1,2,2,1,39,19,10,16,1,NULL,'2023-07-31 19:27:24','2023-07-31 19:27:24'),(130,1,2,2,1,40,18,10,15,1,NULL,'2023-07-31 19:27:24','2023-07-31 19:27:24'),(131,1,2,2,1,40,19,10,16,1,NULL,'2023-07-31 19:27:24','2023-07-31 19:27:24'),(132,1,2,2,1,37,21,10,17,1,NULL,'2023-07-31 19:27:24','2023-07-31 19:27:24'),(133,1,2,2,1,38,21,10,17,1,NULL,'2023-07-31 19:27:24','2023-07-31 19:27:24'),(134,1,2,2,1,39,21,10,17,1,NULL,'2023-07-31 19:27:24','2023-07-31 19:27:24'),(135,1,2,2,1,40,21,10,17,1,NULL,'2023-07-31 19:27:25','2023-07-31 19:27:25'),(136,1,2,2,1,41,18,10,15,1,NULL,'2023-07-31 19:27:25','2023-07-31 19:27:25'),(137,1,2,2,1,41,19,10,16,1,NULL,'2023-07-31 19:27:25','2023-07-31 19:27:25'),(138,1,2,2,1,41,21,10,17,1,NULL,'2023-07-31 19:27:25','2023-07-31 19:27:25'),(139,1,2,2,1,42,17,10,23,1,NULL,'2023-07-31 19:27:25','2023-07-31 19:27:25'),(140,1,2,2,1,42,18,10,44,1,NULL,'2023-07-31 19:27:25','2023-07-31 19:27:25'),(141,1,2,2,1,42,19,13,33,1,NULL,'2023-07-31 19:27:25','2023-07-31 19:27:25'),(142,1,2,2,1,42,21,13,40,2,NULL,'2023-07-31 19:27:25','2023-07-31 19:27:25'),(143,1,2,2,1,43,17,10,23,1,NULL,'2023-07-31 19:27:25','2023-07-31 19:27:25'),(144,1,2,2,1,43,18,10,22,1,NULL,'2023-07-31 19:27:25','2023-07-31 19:27:25'),(145,1,2,2,1,43,21,13,33,1,NULL,'2023-07-31 19:27:26','2023-07-31 19:27:26'),(146,1,2,2,1,44,17,10,23,1,NULL,'2023-07-31 19:27:26','2023-07-31 19:27:26'),(147,1,2,2,1,44,18,10,22,1,NULL,'2023-07-31 19:27:26','2023-07-31 19:27:26'),(148,1,2,2,1,44,21,10,33,1,NULL,'2023-07-31 19:27:26','2023-07-31 19:27:26'),(149,1,2,2,1,45,18,10,24,1,NULL,'2023-07-31 19:27:26','2023-07-31 19:27:26'),(150,1,2,2,1,46,18,10,24,1,NULL,'2023-07-31 19:27:26','2023-07-31 19:27:26'),(151,1,2,2,1,47,18,10,24,1,NULL,'2023-07-31 19:27:26','2023-07-31 19:27:26'),(152,1,2,2,1,48,18,10,24,1,NULL,'2023-07-31 19:27:26','2023-07-31 19:27:26'),(153,1,2,2,1,49,18,10,24,1,NULL,'2023-07-31 19:27:26','2023-07-31 19:27:26'),(154,1,2,2,1,50,18,10,24,1,NULL,'2023-07-31 19:27:26','2023-07-31 19:27:26'),(155,1,2,2,1,51,18,10,44,1,NULL,'2023-07-31 19:27:27','2023-07-31 19:27:27'),(156,1,2,2,1,51,19,13,33,1,NULL,'2023-07-31 19:27:27','2023-07-31 19:27:27'),(157,1,2,2,1,51,21,13,40,2,NULL,'2023-07-31 19:27:27','2023-07-31 19:27:27'),(158,1,2,2,1,52,18,10,44,1,NULL,'2023-07-31 19:27:27','2023-07-31 19:27:27'),(159,1,2,2,1,52,19,13,33,1,NULL,'2023-07-31 19:27:27','2023-07-31 19:27:27'),(160,1,2,2,1,52,21,13,40,2,NULL,'2023-07-31 19:27:27','2023-07-31 19:27:27'),(161,1,2,2,1,53,18,10,44,1,NULL,'2023-07-31 19:27:27','2023-07-31 19:27:27'),(162,1,2,2,1,53,19,13,33,1,NULL,'2023-07-31 19:27:27','2023-07-31 19:27:27'),(163,1,2,2,1,53,21,13,40,2,NULL,'2023-07-31 19:27:27','2023-07-31 19:27:27'),(164,1,2,2,1,54,18,10,44,1,NULL,'2023-07-31 19:27:27','2023-07-31 19:27:27'),(165,1,2,2,1,54,19,13,33,1,NULL,'2023-07-31 19:27:28','2023-07-31 19:27:28'),(166,1,2,2,1,54,21,13,40,2,NULL,'2023-07-31 19:27:28','2023-07-31 19:27:28'),(167,1,2,2,1,55,17,10,23,1,NULL,'2023-07-31 19:27:28','2023-07-31 19:27:28'),(168,1,2,2,1,55,18,10,44,1,NULL,'2023-07-31 19:27:28','2023-07-31 19:27:28'),(169,1,2,2,1,45,21,13,40,2,NULL,'2023-07-31 19:27:28','2023-07-31 19:27:28'),(170,1,2,2,1,46,21,13,40,2,NULL,'2023-07-31 19:27:28','2023-07-31 19:27:28'),(171,1,2,2,1,47,21,13,40,2,NULL,'2023-07-31 19:27:28','2023-07-31 19:27:28'),(172,1,2,2,1,48,21,13,40,2,NULL,'2023-07-31 19:27:28','2023-07-31 19:27:28'),(173,1,2,2,1,49,21,13,40,2,NULL,'2023-07-31 19:27:28','2023-07-31 19:27:28'),(174,1,2,2,1,50,21,13,40,2,NULL,'2023-07-31 19:27:28','2023-07-31 19:27:28'),(175,1,2,2,1,55,21,13,40,2,NULL,'2023-07-31 19:27:29','2023-07-31 19:27:29'),(176,1,2,2,1,56,18,10,44,1,NULL,'2023-07-31 19:27:29','2023-07-31 19:27:29'),(177,1,2,2,1,56,18,10,22,1,NULL,'2023-07-31 19:27:29','2023-07-31 19:27:29'),(178,1,2,2,1,56,19,13,33,1,NULL,'2023-07-31 19:27:29','2023-07-31 19:27:29'),(179,1,2,2,1,56,21,13,40,2,NULL,'2023-07-31 19:27:29','2023-07-31 19:27:29'),(180,1,2,2,1,57,18,10,44,1,NULL,'2023-07-31 19:27:29','2023-07-31 19:27:29'),(181,1,2,2,1,57,18,10,22,1,NULL,'2023-07-31 19:27:29','2023-07-31 19:27:29'),(182,1,2,2,1,57,19,13,33,1,NULL,'2023-07-31 19:27:30','2023-07-31 19:27:30'),(183,1,2,2,1,57,21,13,40,2,NULL,'2023-07-31 19:27:30','2023-07-31 19:27:30'),(184,1,2,2,1,58,18,10,44,1,NULL,'2023-07-31 19:27:30','2023-07-31 19:27:30'),(185,1,2,2,1,58,19,13,33,1,NULL,'2023-07-31 19:27:30','2023-07-31 19:27:30'),(186,1,2,2,1,58,21,13,40,2,NULL,'2023-07-31 19:27:30','2023-07-31 19:27:30'),(187,1,2,2,1,59,18,10,44,1,NULL,'2023-07-31 19:27:30','2023-07-31 19:27:30'),(188,1,2,2,1,59,19,13,33,1,NULL,'2023-07-31 19:27:30','2023-07-31 19:27:30'),(189,1,2,2,1,59,21,13,40,2,NULL,'2023-07-31 19:27:30','2023-07-31 19:27:30'),(190,1,2,2,1,60,17,10,23,1,NULL,'2023-07-31 19:27:30','2023-07-31 19:27:30'),(191,1,2,2,1,60,18,10,44,1,NULL,'2023-07-31 19:27:30','2023-07-31 19:27:30'),(192,1,2,2,1,60,21,13,40,2,NULL,'2023-07-31 19:27:31','2023-07-31 19:27:31'),(193,1,2,2,1,61,18,10,44,1,NULL,'2023-07-31 19:27:31','2023-07-31 19:27:31'),(194,1,2,2,1,61,21,13,40,2,NULL,'2023-07-31 19:27:31','2023-07-31 19:27:31'),(195,1,2,2,1,62,17,10,23,1,NULL,'2023-07-31 19:27:31','2023-07-31 19:27:31'),(196,1,2,2,1,62,18,10,44,1,NULL,'2023-07-31 19:27:31','2023-07-31 19:27:31'),(197,1,2,2,1,62,21,13,40,2,NULL,'2023-07-31 19:27:31','2023-07-31 19:27:31'),(198,1,2,2,1,63,18,10,18,1,NULL,'2023-07-31 19:27:31','2023-07-31 19:27:31'),(199,1,2,2,1,63,19,13,33,1,NULL,'2023-07-31 19:27:31','2023-07-31 19:27:31'),(200,1,2,2,1,63,21,13,40,2,NULL,'2023-07-31 19:27:31','2023-07-31 19:27:31'),(201,1,2,2,1,64,18,10,24,1,NULL,'2023-07-31 19:27:31','2023-07-31 19:27:31'),(202,1,2,2,1,64,21,13,40,2,NULL,'2023-07-31 19:27:32','2023-07-31 19:27:32'),(203,1,2,2,1,65,18,10,22,1,NULL,'2023-07-31 19:27:32','2023-07-31 19:27:32'),(204,1,2,2,1,65,19,13,33,1,NULL,'2023-07-31 19:27:32','2023-07-31 19:27:32'),(205,1,2,2,1,65,21,13,40,2,NULL,'2023-07-31 19:27:32','2023-07-31 19:27:32'),(206,1,2,2,1,67,21,13,40,2,NULL,'2023-07-31 19:27:32','2023-07-31 19:27:32'),(207,1,2,2,1,68,18,10,22,1,NULL,'2023-07-31 19:27:32','2023-07-31 19:27:32'),(208,1,2,2,1,68,19,13,33,1,NULL,'2023-07-31 19:27:32','2023-07-31 19:27:32'),(209,1,2,2,1,68,21,13,40,2,NULL,'2023-07-31 19:27:32','2023-07-31 19:27:32'),(210,1,2,2,1,69,18,10,24,1,NULL,'2023-07-31 19:27:32','2023-07-31 19:27:32'),(211,1,2,2,1,69,21,13,40,2,NULL,'2023-07-31 19:27:33','2023-07-31 19:27:33'),(212,1,2,2,1,70,17,10,41,1,NULL,'2023-07-31 19:27:33','2023-07-31 19:27:33'),(213,1,2,2,1,70,21,13,33,2,NULL,'2023-07-31 19:27:33','2023-07-31 19:27:33'),(214,1,2,2,1,71,18,10,24,1,NULL,'2023-07-31 19:27:33','2023-07-31 19:27:33'),(215,1,2,2,1,71,21,13,40,2,NULL,'2023-07-31 19:27:33','2023-07-31 19:27:33'),(216,1,2,2,1,72,18,10,24,1,NULL,'2023-07-31 19:27:33','2023-07-31 19:27:33'),(217,1,2,2,1,72,18,10,22,1,NULL,'2023-07-31 19:27:33','2023-07-31 19:27:33'),(218,1,2,2,1,72,21,13,40,2,NULL,'2023-07-31 19:27:33','2023-07-31 19:27:33'),(219,1,2,2,1,73,17,10,23,1,NULL,'2023-07-31 19:27:33','2023-07-31 19:27:33'),(220,1,2,2,1,73,18,10,22,1,NULL,'2023-07-31 19:27:33','2023-07-31 19:27:33'),(221,1,2,2,1,73,19,13,33,1,NULL,'2023-07-31 19:27:33','2023-07-31 19:27:33'),(222,1,2,2,1,73,21,13,40,2,NULL,'2023-07-31 19:27:34','2023-07-31 19:27:34'),(223,1,2,2,1,74,18,10,22,1,NULL,'2023-07-31 19:27:34','2023-07-31 19:27:34'),(224,1,2,2,1,74,19,13,33,1,NULL,'2023-07-31 19:27:34','2023-07-31 19:27:34'),(225,1,2,2,1,74,21,13,40,2,NULL,'2023-07-31 19:27:34','2023-07-31 19:27:34'),(226,1,2,2,1,75,18,10,32,1,NULL,'2023-07-31 19:27:34','2023-07-31 19:27:34'),(227,1,2,2,1,75,19,13,33,1,NULL,'2023-07-31 19:27:34','2023-07-31 19:27:34'),(228,1,2,2,1,75,21,13,40,2,NULL,'2023-07-31 19:27:34','2023-07-31 19:27:34'),(229,1,2,2,1,76,17,10,41,1,NULL,'2023-07-31 19:27:34','2023-07-31 19:27:34'),(230,1,2,2,1,76,18,10,32,1,NULL,'2023-07-31 19:27:34','2023-07-31 19:27:34'),(231,1,2,2,1,76,19,13,33,1,NULL,'2023-07-31 19:27:34','2023-07-31 19:27:34'),(232,1,2,2,1,76,21,13,40,2,NULL,'2023-07-31 19:27:35','2023-07-31 19:27:35'),(233,1,2,2,1,77,17,10,41,1,NULL,'2023-07-31 19:27:35','2023-07-31 19:27:35'),(234,1,2,2,1,77,18,10,32,1,NULL,'2023-07-31 19:27:35','2023-07-31 19:27:35'),(235,1,2,2,1,77,19,13,33,1,NULL,'2023-07-31 19:27:35','2023-07-31 19:27:35'),(236,1,2,2,1,77,21,13,40,2,NULL,'2023-07-31 19:27:35','2023-07-31 19:27:35'),(237,1,2,2,1,78,17,10,41,1,NULL,'2023-07-31 19:27:35','2023-07-31 19:27:35'),(238,1,2,2,1,78,18,10,32,1,NULL,'2023-07-31 19:27:35','2023-07-31 19:27:35'),(239,1,2,2,1,78,19,13,33,1,NULL,'2023-07-31 19:27:35','2023-07-31 19:27:35'),(240,1,2,2,1,78,21,13,40,2,NULL,'2023-07-31 19:27:35','2023-07-31 19:27:35'),(241,1,2,2,1,79,18,10,26,1,NULL,'2023-07-31 19:27:35','2023-07-31 19:27:35'),(242,1,2,2,1,79,19,13,33,1,NULL,'2023-07-31 19:27:36','2023-07-31 19:27:36'),(243,1,2,2,1,79,21,13,40,2,NULL,'2023-07-31 19:27:36','2023-07-31 19:27:36'),(244,1,2,2,1,80,18,10,26,1,NULL,'2023-07-31 19:27:36','2023-07-31 19:27:36'),(245,1,2,2,1,80,19,13,33,2,NULL,'2023-07-31 19:27:36','2023-07-31 19:27:36'),(246,1,2,2,1,80,21,13,40,2,NULL,'2023-07-31 19:27:36','2023-07-31 19:27:36'),(247,1,2,2,1,81,18,10,44,1,NULL,'2023-07-31 19:27:36','2023-07-31 19:27:36'),(248,1,2,2,1,81,19,13,33,1,NULL,'2023-07-31 19:27:36','2023-07-31 19:27:36'),(249,1,2,2,1,81,21,13,40,2,NULL,'2023-07-31 19:27:36','2023-07-31 19:27:36'),(250,1,2,2,1,82,18,10,26,1,NULL,'2023-07-31 19:27:36','2023-07-31 19:27:36'),(251,1,2,2,1,82,19,13,33,1,NULL,'2023-07-31 19:27:37','2023-07-31 19:27:37'),(252,1,2,2,1,82,21,13,40,2,NULL,'2023-07-31 19:27:37','2023-07-31 19:27:37'),(253,1,2,2,1,83,18,10,26,1,NULL,'2023-07-31 19:27:37','2023-07-31 19:27:37'),(254,1,2,2,1,83,19,13,33,1,NULL,'2023-07-31 19:27:37','2023-07-31 19:27:37'),(255,1,2,2,1,83,19,13,40,2,NULL,'2023-07-31 19:27:37','2023-07-31 19:27:37'),(256,1,2,2,1,84,18,10,26,1,NULL,'2023-07-31 19:27:37','2023-07-31 19:27:37'),(257,1,2,2,1,84,19,13,33,1,NULL,'2023-07-31 19:27:37','2023-07-31 19:27:37'),(258,1,2,2,1,84,21,13,40,2,NULL,'2023-07-31 19:27:37','2023-07-31 19:27:37'),(259,1,2,2,1,85,18,10,15,1,NULL,'2023-07-31 19:27:37','2023-07-31 19:27:37'),(260,1,2,2,1,85,19,10,16,1,NULL,'2023-07-31 19:27:37','2023-07-31 19:27:37'),(261,1,2,2,1,85,19,13,33,1,NULL,'2023-07-31 19:27:38','2023-07-31 19:27:38'),(262,1,2,2,1,85,21,13,40,2,NULL,'2023-07-31 19:27:38','2023-07-31 19:27:38'),(263,1,2,2,1,86,18,10,15,1,NULL,'2023-07-31 19:27:38','2023-07-31 19:27:38'),(264,1,2,2,1,86,19,10,16,1,NULL,'2023-07-31 19:27:38','2023-07-31 19:27:38'),(265,1,2,2,1,86,19,13,33,1,NULL,'2023-07-31 19:27:38','2023-07-31 19:27:38'),(266,1,2,2,1,86,21,13,40,2,NULL,'2023-07-31 19:27:38','2023-07-31 19:27:38'),(267,1,2,2,1,87,18,10,11,1,NULL,'2023-07-31 19:27:38','2023-07-31 19:27:38'),(268,1,2,2,1,87,19,13,33,1,NULL,'2023-07-31 19:27:38','2023-07-31 19:27:38'),(269,1,2,2,1,87,21,13,40,2,NULL,'2023-07-31 19:27:39','2023-07-31 19:27:39'),(270,1,2,2,1,88,19,10,16,1,NULL,'2023-07-31 19:27:39','2023-07-31 19:27:39'),(271,1,2,2,1,88,21,14,17,1,NULL,'2023-07-31 19:27:39','2023-07-31 19:27:39'),(272,1,2,2,1,88,21,14,40,2,NULL,'2023-07-31 19:27:39','2023-07-31 19:27:39'),(273,1,2,2,1,89,19,10,16,1,NULL,'2023-07-31 19:27:39','2023-07-31 19:27:39'),(274,1,2,2,1,89,21,14,17,1,NULL,'2023-07-31 19:27:39','2023-07-31 19:27:39'),(275,1,2,2,1,89,21,14,40,2,NULL,'2023-07-31 19:27:39','2023-07-31 19:27:39'),(276,1,2,2,1,90,18,10,31,1,NULL,'2023-07-31 19:27:39','2023-07-31 19:27:39'),(277,1,2,2,1,90,21,12,17,1,NULL,'2023-07-31 19:27:39','2023-07-31 19:27:39'),(278,1,2,2,1,90,21,12,42,1,NULL,'2023-07-31 19:27:39','2023-07-31 19:27:39'),(279,1,2,2,1,91,18,10,31,1,NULL,'2023-07-31 19:27:40','2023-07-31 19:27:40'),(280,1,2,2,1,91,21,12,17,1,NULL,'2023-07-31 19:27:40','2023-07-31 19:27:40'),(281,1,2,2,1,91,21,12,42,1,NULL,'2023-07-31 19:27:40','2023-07-31 19:27:40'),(282,1,2,2,1,92,18,10,31,1,NULL,'2023-07-31 19:27:40','2023-07-31 19:27:40'),(283,1,2,2,1,92,21,12,17,1,NULL,'2023-07-31 19:27:40','2023-07-31 19:27:40'),(284,1,2,2,1,92,21,12,42,1,NULL,'2023-07-31 19:27:40','2023-07-31 19:27:40'),(285,1,2,2,1,93,18,10,31,1,NULL,'2023-07-31 19:27:40','2023-07-31 19:27:40'),(286,1,2,2,1,93,21,12,16,1,NULL,'2023-07-31 19:27:40','2023-07-31 19:27:40'),(287,1,2,2,1,93,21,12,42,1,NULL,'2023-07-31 19:27:40','2023-07-31 19:27:40'),(288,1,2,2,1,94,18,10,31,1,NULL,'2023-07-31 19:27:40','2023-07-31 19:27:40'),(289,1,2,2,1,94,21,12,17,1,NULL,'2023-07-31 19:27:41','2023-07-31 19:27:41'),(290,1,2,2,1,94,21,12,42,1,NULL,'2023-07-31 19:27:41','2023-07-31 19:27:41'),(291,1,2,2,1,95,18,10,31,1,NULL,'2023-07-31 19:27:41','2023-07-31 19:27:41'),(292,1,2,2,1,95,21,12,17,1,NULL,'2023-07-31 19:27:41','2023-07-31 19:27:41'),(293,1,2,2,1,95,21,12,42,1,NULL,'2023-07-31 19:27:41','2023-07-31 19:27:41'),(294,1,2,2,1,96,18,10,31,1,NULL,'2023-07-31 19:27:41','2023-07-31 19:27:41'),(295,1,2,2,1,96,21,12,17,1,NULL,'2023-07-31 19:27:41','2023-07-31 19:27:41'),(296,1,2,2,1,96,21,12,42,1,NULL,'2023-07-31 19:27:41','2023-07-31 19:27:41'),(297,1,2,2,1,97,18,10,14,1,NULL,'2023-07-31 19:27:42','2023-07-31 19:27:42'),(298,1,2,2,1,97,21,14,17,1,NULL,'2023-07-31 19:27:42','2023-07-31 19:27:42'),(299,1,2,2,1,97,21,14,42,1,NULL,'2023-07-31 19:27:42','2023-07-31 19:27:42'),(300,1,2,2,1,98,17,10,41,1,NULL,'2023-07-31 19:27:42','2023-07-31 19:27:42'),(301,1,2,2,1,98,18,10,14,1,NULL,'2023-07-31 19:27:42','2023-07-31 19:27:42'),(302,1,2,2,1,98,21,14,17,1,NULL,'2023-07-31 19:27:42','2023-07-31 19:27:42'),(303,1,2,2,1,98,21,14,42,1,NULL,'2023-07-31 19:27:42','2023-07-31 19:27:42'),(304,1,2,2,1,99,18,10,14,1,NULL,'2023-07-31 19:27:42','2023-07-31 19:27:42'),(305,1,2,2,1,99,21,12,17,1,NULL,'2023-07-31 19:27:42','2023-07-31 19:27:42'),(306,1,2,2,1,99,21,12,42,1,NULL,'2023-07-31 19:27:42','2023-07-31 19:27:42'),(307,1,2,2,1,100,18,10,14,1,NULL,'2023-07-31 19:27:43','2023-07-31 19:27:43'),(308,1,2,2,1,100,21,12,17,1,NULL,'2023-07-31 19:27:43','2023-07-31 19:27:43'),(309,1,2,2,1,100,21,12,42,1,NULL,'2023-07-31 19:27:43','2023-07-31 19:27:43'),(310,1,2,2,1,101,18,10,31,1,NULL,'2023-07-31 19:27:43','2023-07-31 19:27:43'),(311,1,2,2,1,101,21,12,42,1,NULL,'2023-07-31 19:27:43','2023-07-31 19:27:43'),(312,1,2,2,1,102,17,10,41,1,NULL,'2023-07-31 19:27:43','2023-07-31 19:27:43'),(313,1,2,2,1,102,21,14,17,1,NULL,'2023-07-31 19:27:43','2023-07-31 19:27:43'),(314,1,2,2,1,103,18,10,14,1,NULL,'2023-07-31 19:27:43','2023-07-31 19:27:43'),(315,1,2,2,1,103,21,14,17,1,NULL,'2023-07-31 19:27:43','2023-07-31 19:27:43'),(316,1,2,2,1,103,21,14,42,1,NULL,'2023-07-31 19:27:43','2023-07-31 19:27:43'),(317,1,2,2,1,104,18,10,14,1,NULL,'2023-07-31 19:27:44','2023-07-31 19:27:44'),(318,1,2,2,1,104,21,14,17,1,NULL,'2023-07-31 19:27:44','2023-07-31 19:27:44'),(319,1,2,2,1,105,18,10,14,1,NULL,'2023-07-31 19:27:44','2023-07-31 19:27:44'),(320,1,2,2,1,105,21,12,17,1,NULL,'2023-07-31 19:27:44','2023-07-31 19:27:44'),(321,1,2,2,1,105,21,12,42,1,NULL,'2023-07-31 19:27:44','2023-07-31 19:27:44'),(322,1,2,2,1,106,18,10,14,1,NULL,'2023-07-31 19:27:44','2023-07-31 19:27:44'),(323,1,2,2,1,106,21,14,17,1,NULL,'2023-07-31 19:27:44','2023-07-31 19:27:44'),(324,1,2,2,1,106,21,14,42,1,NULL,'2023-07-31 19:27:44','2023-07-31 19:27:44'),(325,1,2,2,1,107,18,10,14,1,NULL,'2023-07-31 19:27:44','2023-07-31 19:27:44'),(326,1,2,2,1,107,21,14,17,1,NULL,'2023-07-31 19:27:44','2023-07-31 19:27:44'),(327,1,2,2,1,107,21,14,42,1,NULL,'2023-07-31 19:27:45','2023-07-31 19:27:45'),(328,1,2,2,1,108,18,10,14,1,NULL,'2023-07-31 19:27:45','2023-07-31 19:27:45'),(329,1,2,2,1,108,21,12,17,1,NULL,'2023-07-31 19:27:45','2023-07-31 19:27:45'),(330,1,2,2,1,108,21,12,42,1,NULL,'2023-07-31 19:27:45','2023-07-31 19:27:45'),(331,1,2,2,1,109,18,10,14,1,NULL,'2023-07-31 19:27:45','2023-07-31 19:27:45'),(332,1,2,2,1,109,21,14,17,1,NULL,'2023-07-31 19:27:45','2023-07-31 19:27:45'),(333,1,2,2,1,109,21,14,42,1,NULL,'2023-07-31 19:27:45','2023-07-31 19:27:45'),(334,1,2,2,1,110,18,10,14,1,NULL,'2023-07-31 19:27:45','2023-07-31 19:27:45'),(335,1,2,2,1,110,21,13,17,1,NULL,'2023-07-31 19:27:45','2023-07-31 19:27:45'),(336,1,2,2,1,110,21,13,42,1,NULL,'2023-07-31 19:27:45','2023-07-31 19:27:45'),(337,1,2,2,1,111,18,10,14,1,NULL,'2023-07-31 19:27:46','2023-07-31 19:27:46'),(338,1,2,2,1,111,21,12,17,1,NULL,'2023-07-31 19:27:46','2023-07-31 19:27:46'),(339,1,2,2,1,112,17,10,41,1,NULL,'2023-07-31 19:27:46','2023-07-31 19:27:46'),(340,1,2,2,1,112,18,10,14,1,NULL,'2023-07-31 19:27:46','2023-07-31 19:27:46'),(341,1,2,2,1,112,21,13,17,1,NULL,'2023-07-31 19:27:46','2023-07-31 19:27:46'),(342,1,2,2,1,113,18,10,14,1,NULL,'2023-07-31 19:27:46','2023-07-31 19:27:46'),(343,1,2,2,1,113,21,12,17,1,NULL,'2023-07-31 19:27:46','2023-07-31 19:27:46'),(344,1,2,2,1,113,25,12,30,1,NULL,'2023-07-31 19:27:46','2023-07-31 19:27:46'),(345,1,2,2,1,114,18,10,14,1,NULL,'2023-07-31 19:27:46','2023-07-31 19:27:46'),(346,1,2,2,1,114,21,13,42,1,NULL,'2023-07-31 19:27:46','2023-07-31 19:27:46'),(347,1,2,2,1,115,18,10,14,1,NULL,'2023-07-31 19:27:46','2023-07-31 19:27:46'),(348,1,2,2,1,115,19,13,33,1,NULL,'2023-07-31 19:27:47','2023-07-31 19:27:47'),(349,1,2,2,1,115,21,13,40,2,NULL,'2023-07-31 19:27:47','2023-07-31 19:27:47'),(350,1,2,2,1,116,19,13,33,1,NULL,'2023-07-31 19:27:47','2023-07-31 19:27:47'),(351,1,2,2,1,116,21,13,40,2,NULL,'2023-07-31 19:27:47','2023-07-31 19:27:47'),(352,1,2,2,1,116,25,12,30,1,NULL,'2023-07-31 19:27:47','2023-07-31 19:27:47'),(353,1,2,2,1,117,17,10,41,1,NULL,'2023-07-31 19:27:47','2023-07-31 19:27:47'),(354,1,2,2,1,117,18,10,14,1,NULL,'2023-07-31 19:27:47','2023-07-31 19:27:47'),(355,1,2,2,1,117,18,10,16,1,NULL,'2023-07-31 19:27:47','2023-07-31 19:27:47'),(356,1,2,2,1,117,19,13,33,1,NULL,'2023-07-31 19:27:47','2023-07-31 19:27:47'),(357,1,2,2,1,117,21,13,40,2,NULL,'2023-07-31 19:27:48','2023-07-31 19:27:48'),(358,1,2,2,1,118,18,10,11,1,NULL,'2023-07-31 19:27:48','2023-07-31 19:27:48'),(359,1,2,2,1,118,18,10,14,1,NULL,'2023-07-31 19:27:48','2023-07-31 19:27:48'),(360,1,2,2,1,118,19,13,33,1,NULL,'2023-07-31 19:27:48','2023-07-31 19:27:48'),(361,1,2,2,1,118,21,13,40,2,NULL,'2023-07-31 19:27:48','2023-07-31 19:27:48'),(362,1,2,2,1,119,18,10,14,1,NULL,'2023-07-31 19:27:48','2023-07-31 19:27:48'),(363,1,2,2,1,119,21,13,42,1,NULL,'2023-07-31 19:27:48','2023-07-31 19:27:48'),(364,1,2,2,1,120,18,10,14,1,NULL,'2023-07-31 19:27:48','2023-07-31 19:27:48'),(365,1,2,2,1,120,21,13,42,1,NULL,'2023-07-31 19:27:48','2023-07-31 19:27:48'),(366,1,2,2,1,121,18,10,14,1,NULL,'2023-07-31 19:27:48','2023-07-31 19:27:48'),(367,1,2,2,1,121,21,12,42,1,NULL,'2023-07-31 19:27:49','2023-07-31 19:27:49'),(368,1,2,2,1,122,18,10,14,1,NULL,'2023-07-31 19:27:49','2023-07-31 19:27:49'),(369,1,2,2,1,122,21,13,42,1,NULL,'2023-07-31 19:27:49','2023-07-31 19:27:49'),(370,1,2,2,1,122,25,13,42,1,NULL,'2023-07-31 19:27:49','2023-07-31 19:27:49'),(371,1,2,2,1,123,18,10,14,1,NULL,'2023-07-31 19:27:49','2023-07-31 19:27:49'),(372,1,2,2,1,123,21,12,42,1,NULL,'2023-07-31 19:27:49','2023-07-31 19:27:49'),(373,1,2,2,1,124,17,10,41,1,NULL,'2023-07-31 19:27:49','2023-07-31 19:27:49'),(374,1,2,2,1,124,18,10,14,1,NULL,'2023-07-31 19:27:49','2023-07-31 19:27:49'),(375,1,2,2,1,124,21,12,42,1,NULL,'2023-07-31 19:27:49','2023-07-31 19:27:49'),(376,1,2,2,1,125,17,10,41,1,NULL,'2023-07-31 19:27:49','2023-07-31 19:27:49'),(377,1,2,2,1,125,18,10,14,1,NULL,'2023-07-31 19:27:50','2023-07-31 19:27:50'),(378,1,2,2,1,125,21,14,17,1,NULL,'2023-07-31 19:27:50','2023-07-31 19:27:50'),(379,1,2,2,1,125,25,14,30,1,NULL,'2023-07-31 19:27:50','2023-07-31 19:27:50'),(380,1,2,2,1,126,18,10,14,1,NULL,'2023-07-31 19:27:50','2023-07-31 19:27:50'),(381,1,2,2,1,126,21,12,42,1,NULL,'2023-07-31 19:27:50','2023-07-31 19:27:50'),(382,1,2,2,1,127,18,10,14,1,NULL,'2023-07-31 19:27:50','2023-07-31 19:27:50'),(383,1,2,2,1,127,21,12,42,1,NULL,'2023-07-31 19:27:50','2023-07-31 19:27:50'),(384,1,2,2,1,128,17,10,41,1,NULL,'2023-07-31 19:27:50','2023-07-31 19:27:50'),(385,1,2,2,1,128,18,10,14,1,NULL,'2023-07-31 19:27:50','2023-07-31 19:27:50'),(386,1,2,2,1,128,21,14,17,1,NULL,'2023-07-31 19:27:50','2023-07-31 19:27:50'),(387,1,2,2,1,128,25,14,30,1,NULL,'2023-07-31 19:27:51','2023-07-31 19:27:51'),(388,1,2,2,1,129,18,10,14,1,NULL,'2023-07-31 19:27:51','2023-07-31 19:27:51'),(389,1,2,2,1,129,21,13,42,1,NULL,'2023-07-31 19:27:51','2023-07-31 19:27:51'),(390,1,2,2,1,130,18,10,14,1,NULL,'2023-07-31 19:27:51','2023-07-31 19:27:51'),(391,1,2,2,1,130,21,13,42,1,NULL,'2023-07-31 19:27:51','2023-07-31 19:27:51'),(392,1,2,2,1,131,18,10,14,1,NULL,'2023-07-31 19:27:51','2023-07-31 19:27:51'),(393,1,2,2,1,131,21,13,42,1,NULL,'2023-07-31 19:27:51','2023-07-31 19:27:51'),(394,1,2,2,1,132,18,10,14,1,NULL,'2023-07-31 19:27:51','2023-07-31 19:27:51'),(395,1,2,2,1,132,21,13,42,1,NULL,'2023-07-31 19:27:51','2023-07-31 19:27:51'),(396,1,2,2,1,133,18,10,14,1,NULL,'2023-07-31 19:27:52','2023-07-31 19:27:52'),(397,1,2,2,1,133,21,13,42,1,NULL,'2023-07-31 19:27:52','2023-07-31 19:27:52'),(398,1,2,2,1,134,18,10,14,1,NULL,'2023-07-31 19:27:52','2023-07-31 19:27:52'),(399,1,2,2,1,134,19,13,33,1,NULL,'2023-07-31 19:27:52','2023-07-31 19:27:52'),(400,1,2,2,1,134,21,12,42,1,NULL,'2023-07-31 19:27:52','2023-07-31 19:27:52'),(401,1,2,2,1,135,18,10,14,1,NULL,'2023-07-31 19:27:52','2023-07-31 19:27:52'),(402,1,2,2,1,135,21,14,17,1,NULL,'2023-07-31 19:27:52','2023-07-31 19:27:52'),(403,1,2,2,1,136,18,10,14,1,NULL,'2023-07-31 19:27:52','2023-07-31 19:27:52'),(404,1,2,2,1,136,21,14,17,1,NULL,'2023-07-31 19:27:52','2023-07-31 19:27:52'),(405,1,2,2,1,137,18,10,14,1,NULL,'2023-07-31 19:27:52','2023-07-31 19:27:52'),(406,1,2,2,1,137,21,13,17,1,NULL,'2023-07-31 19:27:53','2023-07-31 19:27:53'),(407,1,2,2,1,138,18,10,14,1,NULL,'2023-07-31 19:27:53','2023-07-31 19:27:53'),(408,1,2,2,1,138,21,13,42,1,NULL,'2023-07-31 19:27:53','2023-07-31 19:27:53'),(409,1,2,2,1,139,18,10,14,1,NULL,'2023-07-31 19:27:53','2023-07-31 19:27:53'),(410,1,2,2,1,139,21,13,42,1,NULL,'2023-07-31 19:27:53','2023-07-31 19:27:53'),(411,1,2,2,1,140,17,10,41,1,NULL,'2023-07-31 19:27:53','2023-07-31 19:27:53'),(412,1,2,2,1,140,18,10,14,1,NULL,'2023-07-31 19:27:53','2023-07-31 19:27:53'),(413,1,2,2,1,140,21,12,42,1,NULL,'2023-07-31 19:27:53','2023-07-31 19:27:53'),(414,1,2,2,1,141,17,10,41,1,NULL,'2023-07-31 19:27:53','2023-07-31 19:27:53'),(415,1,2,2,1,141,18,10,14,1,NULL,'2023-07-31 19:27:53','2023-07-31 19:27:53'),(416,1,2,2,1,141,21,12,42,1,NULL,'2023-07-31 19:27:54','2023-07-31 19:27:54'),(417,1,2,2,1,142,18,10,14,1,NULL,'2023-07-31 19:27:54','2023-07-31 19:27:54'),(418,1,2,2,1,142,21,14,17,1,NULL,'2023-07-31 19:27:54','2023-07-31 19:27:54'),(419,1,2,2,1,143,18,10,14,1,NULL,'2023-07-31 19:27:54','2023-07-31 19:27:54'),(420,1,2,2,1,143,19,13,33,1,NULL,'2023-07-31 19:27:54','2023-07-31 19:27:54'),(421,1,2,2,1,143,21,13,42,1,NULL,'2023-07-31 19:27:54','2023-07-31 19:27:54'),(422,1,2,2,1,144,18,10,14,1,NULL,'2023-07-31 19:27:54','2023-07-31 19:27:54'),(423,1,2,2,1,144,21,13,42,1,NULL,'2023-07-31 19:27:54','2023-07-31 19:27:54'),(424,1,2,2,1,145,18,10,14,1,NULL,'2023-07-31 19:27:55','2023-07-31 19:27:55'),(425,1,2,2,1,145,21,13,42,1,NULL,'2023-07-31 19:27:55','2023-07-31 19:27:55'),(426,1,2,2,1,146,18,10,14,1,NULL,'2023-07-31 19:27:55','2023-07-31 19:27:55'),(427,1,2,2,1,146,21,13,42,1,NULL,'2023-07-31 19:27:55','2023-07-31 19:27:55'),(428,1,2,2,1,147,18,10,14,1,NULL,'2023-07-31 19:27:55','2023-07-31 19:27:55'),(429,1,2,2,1,147,21,13,42,1,NULL,'2023-07-31 19:27:55','2023-07-31 19:27:55'),(430,1,2,2,1,148,18,10,14,1,NULL,'2023-07-31 19:27:55','2023-07-31 19:27:55'),(431,1,2,2,1,148,18,10,15,1,NULL,'2023-07-31 19:27:55','2023-07-31 19:27:55'),(432,1,2,2,1,148,21,14,17,1,NULL,'2023-07-31 19:27:56','2023-07-31 19:27:56'),(433,1,2,2,1,149,18,10,14,1,NULL,'2023-07-31 19:27:56','2023-07-31 19:27:56'),(434,1,2,2,1,149,21,13,42,1,NULL,'2023-07-31 19:27:56','2023-07-31 19:27:56'),(435,1,2,2,1,150,18,10,14,1,NULL,'2023-07-31 19:27:56','2023-07-31 19:27:56'),(436,1,2,2,1,150,21,13,42,1,NULL,'2023-07-31 19:27:56','2023-07-31 19:27:56'),(437,1,2,2,1,151,18,10,14,1,NULL,'2023-07-31 19:27:56','2023-07-31 19:27:56'),(438,1,2,2,1,151,21,13,42,1,NULL,'2023-07-31 19:27:56','2023-07-31 19:27:56'),(439,1,2,2,1,152,18,10,14,1,NULL,'2023-07-31 19:27:56','2023-07-31 19:27:56'),(440,1,2,2,1,152,21,13,42,1,NULL,'2023-07-31 19:27:56','2023-07-31 19:27:56'),(441,1,2,2,1,153,18,10,14,1,NULL,'2023-07-31 19:27:56','2023-07-31 19:27:56'),(442,1,2,2,1,153,21,14,17,1,NULL,'2023-07-31 19:27:57','2023-07-31 19:27:57'),(443,1,2,2,1,154,18,10,14,1,NULL,'2023-07-31 19:27:57','2023-07-31 19:27:57'),(444,1,2,2,1,154,21,13,42,1,NULL,'2023-07-31 19:27:57','2023-07-31 19:27:57'),(445,1,2,2,1,155,18,10,14,1,NULL,'2023-07-31 19:27:57','2023-07-31 19:27:57'),(446,1,2,2,1,155,21,12,42,1,NULL,'2023-07-31 19:27:57','2023-07-31 19:27:57'),(447,1,2,2,1,156,18,10,14,1,NULL,'2023-07-31 19:27:57','2023-07-31 19:27:57'),(448,1,2,2,1,156,21,13,42,1,NULL,'2023-07-31 19:27:57','2023-07-31 19:27:57'),(449,1,2,2,1,157,18,10,14,1,NULL,'2023-07-31 19:27:57','2023-07-31 19:27:57'),(450,1,2,2,1,157,21,13,42,1,NULL,'2023-07-31 19:27:57','2023-07-31 19:27:57'),(451,1,2,2,1,158,18,10,14,1,NULL,'2023-07-31 19:27:57','2023-07-31 19:27:57'),(452,1,2,2,1,158,21,13,42,1,NULL,'2023-07-31 19:27:58','2023-07-31 19:27:58'),(453,1,2,2,1,159,18,10,14,1,NULL,'2023-07-31 19:27:58','2023-07-31 19:27:58'),(454,1,2,2,1,159,21,13,42,1,NULL,'2023-07-31 19:27:58','2023-07-31 19:27:58'),(455,1,2,2,1,160,18,10,14,1,NULL,'2023-07-31 19:27:58','2023-07-31 19:27:58'),(456,1,2,2,1,160,21,13,42,1,NULL,'2023-07-31 19:27:58','2023-07-31 19:27:58'),(457,1,2,2,1,161,18,10,14,1,NULL,'2023-07-31 19:27:58','2023-07-31 19:27:58'),(458,1,2,2,1,161,21,13,42,1,NULL,'2023-07-31 19:27:58','2023-07-31 19:27:58'),(459,1,2,2,1,162,18,10,14,1,NULL,'2023-07-31 19:27:58','2023-07-31 19:27:58'),(460,1,2,2,1,162,21,13,42,1,NULL,'2023-07-31 19:27:58','2023-07-31 19:27:58'),(461,1,2,2,1,163,21,13,42,1,NULL,'2023-07-31 19:27:58','2023-07-31 19:27:58'),(462,1,2,2,1,164,21,13,42,1,NULL,'2023-07-31 19:27:59','2023-07-31 19:27:59'),(463,1,2,2,1,165,21,13,42,1,NULL,'2023-07-31 19:27:59','2023-07-31 19:27:59'),(464,1,2,2,1,166,18,10,14,1,NULL,'2023-07-31 19:27:59','2023-07-31 19:27:59'),(465,1,2,2,1,166,21,13,42,1,NULL,'2023-07-31 19:27:59','2023-07-31 19:27:59'),(466,1,2,2,1,167,18,10,14,1,NULL,'2023-07-31 19:27:59','2023-07-31 19:27:59'),(467,1,2,2,1,167,21,13,42,1,NULL,'2023-07-31 19:27:59','2023-07-31 19:27:59'),(468,1,2,2,1,168,19,13,33,1,NULL,'2023-07-31 19:27:59','2023-07-31 19:27:59'),(469,1,2,2,1,168,21,13,42,1,NULL,'2023-07-31 19:27:59','2023-07-31 19:27:59'),(470,1,2,2,1,169,21,13,42,1,NULL,'2023-07-31 19:27:59','2023-07-31 19:27:59'),(471,1,2,2,1,170,21,14,17,1,NULL,'2023-07-31 19:27:59','2023-07-31 19:27:59'),(472,1,2,2,1,171,18,10,14,1,NULL,'2023-07-31 19:28:00','2023-07-31 19:28:00'),(473,1,2,2,1,171,21,13,42,1,NULL,'2023-07-31 19:28:00','2023-07-31 19:28:00'),(474,1,2,2,1,172,21,14,17,1,NULL,'2023-07-31 19:28:00','2023-07-31 19:28:00'),(475,1,2,2,1,173,18,10,14,1,NULL,'2023-07-31 19:28:00','2023-07-31 19:28:00'),(476,1,2,2,1,173,21,13,42,1,NULL,'2023-07-31 19:28:00','2023-07-31 19:28:00'),(477,1,2,2,1,174,17,10,41,1,NULL,'2023-07-31 19:28:00','2023-07-31 19:28:00'),(478,1,2,2,1,174,21,14,17,1,NULL,'2023-07-31 19:28:00','2023-07-31 19:28:00'),(479,1,2,2,1,175,18,10,14,1,NULL,'2023-07-31 19:28:00','2023-07-31 19:28:00'),(480,1,2,2,1,175,21,13,42,1,NULL,'2023-07-31 19:28:00','2023-07-31 19:28:00'),(481,1,2,2,1,176,18,10,14,1,NULL,'2023-07-31 19:28:01','2023-07-31 19:28:01'),(482,1,2,2,1,176,21,13,42,1,NULL,'2023-07-31 19:28:01','2023-07-31 19:28:01'),(483,1,2,2,1,177,18,10,14,1,NULL,'2023-07-31 19:28:01','2023-07-31 19:28:01'),(484,1,2,2,1,177,21,13,42,1,NULL,'2023-07-31 19:28:01','2023-07-31 19:28:01'),(485,1,2,2,1,178,18,10,14,1,NULL,'2023-07-31 19:28:01','2023-07-31 19:28:01'),(486,1,2,2,1,178,21,13,42,1,NULL,'2023-07-31 19:28:01','2023-07-31 19:28:01'),(487,1,2,2,1,179,18,10,14,1,NULL,'2023-07-31 19:28:01','2023-07-31 19:28:01'),(488,1,2,2,1,179,21,13,42,1,NULL,'2023-07-31 19:28:01','2023-07-31 19:28:01'),(489,1,2,2,1,180,21,13,40,2,NULL,'2023-07-31 19:28:01','2023-07-31 19:28:01'),(490,1,2,2,1,181,18,10,14,1,NULL,'2023-07-31 19:28:02','2023-07-31 19:28:02'),(491,1,2,2,1,181,21,13,40,2,NULL,'2023-07-31 19:28:02','2023-07-31 19:28:02'),(492,1,2,2,1,183,18,10,14,1,NULL,'2023-07-31 19:28:02','2023-07-31 19:28:02'),(493,1,2,2,1,183,21,13,40,2,NULL,'2023-07-31 19:28:02','2023-07-31 19:28:02'),(494,1,2,2,1,184,18,10,14,1,NULL,'2023-07-31 19:28:02','2023-07-31 19:28:02'),(495,1,2,2,1,184,21,13,40,2,NULL,'2023-07-31 19:28:02','2023-07-31 19:28:02'),(496,1,2,2,1,185,18,10,14,1,NULL,'2023-07-31 19:28:02','2023-07-31 19:28:02'),(497,1,2,2,1,185,21,13,40,2,NULL,'2023-07-31 19:28:02','2023-07-31 19:28:02'),(498,1,2,2,1,186,18,10,14,1,NULL,'2023-07-31 19:28:02','2023-07-31 19:28:02'),(499,1,2,2,1,186,21,13,40,2,NULL,'2023-07-31 19:28:02','2023-07-31 19:28:02'),(500,1,2,2,1,187,18,10,14,1,NULL,'2023-07-31 19:28:03','2023-07-31 19:28:03'),(501,1,2,2,1,187,21,13,40,2,NULL,'2023-07-31 19:28:03','2023-07-31 19:28:03'),(502,1,2,2,1,189,18,10,14,1,NULL,'2023-07-31 19:28:03','2023-07-31 19:28:03'),(503,1,2,2,1,189,21,13,40,2,NULL,'2023-07-31 19:28:03','2023-07-31 19:28:03'),(504,1,2,2,1,190,18,10,14,1,NULL,'2023-07-31 19:28:03','2023-07-31 19:28:03'),(505,1,2,2,1,190,21,13,40,2,NULL,'2023-07-31 19:28:03','2023-07-31 19:28:03'),(506,1,2,2,1,191,17,10,41,1,NULL,'2023-07-31 19:28:03','2023-07-31 19:28:03'),(507,1,2,2,1,191,18,10,14,1,NULL,'2023-07-31 19:28:03','2023-07-31 19:28:03'),(508,1,2,2,1,191,19,13,33,1,NULL,'2023-07-31 19:28:03','2023-07-31 19:28:03'),(509,1,2,2,1,191,21,13,40,2,NULL,'2023-07-31 19:28:03','2023-07-31 19:28:03'),(510,1,2,2,1,192,18,10,14,1,NULL,'2023-07-31 19:28:04','2023-07-31 19:28:04'),(511,1,2,2,1,192,21,13,42,1,NULL,'2023-07-31 19:28:04','2023-07-31 19:28:04'),(512,1,2,2,1,193,18,10,14,1,NULL,'2023-07-31 19:28:04','2023-07-31 19:28:04'),(513,1,2,2,1,193,21,13,42,1,NULL,'2023-07-31 19:28:04','2023-07-31 19:28:04'),(514,1,2,2,1,194,17,10,41,1,NULL,'2023-07-31 19:28:04','2023-07-31 19:28:04'),(515,1,2,2,1,194,18,10,14,1,NULL,'2023-07-31 19:28:04','2023-07-31 19:28:04'),(516,1,2,2,1,194,21,13,42,1,NULL,'2023-07-31 19:28:04','2023-07-31 19:28:04'),(517,1,2,2,1,195,18,10,14,1,NULL,'2023-07-31 19:28:04','2023-07-31 19:28:04'),(518,1,2,2,1,195,21,14,17,1,NULL,'2023-07-31 19:28:04','2023-07-31 19:28:04'),(519,1,2,2,1,196,18,10,14,1,NULL,'2023-07-31 19:28:04','2023-07-31 19:28:04'),(520,1,2,2,1,196,21,13,42,1,NULL,'2023-07-31 19:28:05','2023-07-31 19:28:05'),(521,1,2,2,1,197,18,10,14,1,NULL,'2023-07-31 19:28:05','2023-07-31 19:28:05'),(522,1,2,2,1,197,21,13,42,1,NULL,'2023-07-31 19:28:05','2023-07-31 19:28:05'),(523,1,2,2,1,198,18,10,14,1,NULL,'2023-07-31 19:28:05','2023-07-31 19:28:05'),(524,1,2,2,1,198,21,14,17,1,NULL,'2023-07-31 19:28:05','2023-07-31 19:28:05'),(525,1,2,2,1,198,25,14,30,1,NULL,'2023-07-31 19:28:05','2023-07-31 19:28:05'),(526,1,2,2,1,199,17,10,24,1,NULL,'2023-07-31 19:28:05','2023-07-31 19:28:05'),(527,1,2,2,1,199,21,10,40,2,NULL,'2023-07-31 19:28:05','2023-07-31 19:28:05'),(528,1,2,2,1,200,18,10,14,1,NULL,'2023-07-31 19:28:05','2023-07-31 19:28:05'),(529,1,2,2,1,201,18,10,14,1,NULL,'2023-07-31 19:28:05','2023-07-31 19:28:05'),(530,1,2,2,1,201,21,13,42,1,NULL,'2023-07-31 19:28:06','2023-07-31 19:28:06'),(531,1,2,2,1,202,18,10,14,1,NULL,'2023-07-31 19:28:06','2023-07-31 19:28:06'),(532,1,2,2,1,202,21,13,42,1,NULL,'2023-07-31 19:28:06','2023-07-31 19:28:06'),(533,1,2,2,1,203,18,10,14,1,NULL,'2023-07-31 19:28:06','2023-07-31 19:28:06'),(534,1,2,2,1,204,18,10,14,1,NULL,'2023-07-31 19:28:06','2023-07-31 19:28:06'),(535,1,2,2,1,204,21,13,42,1,NULL,'2023-07-31 19:28:06','2023-07-31 19:28:06'),(536,1,2,2,1,205,18,10,14,1,NULL,'2023-07-31 19:28:06','2023-07-31 19:28:06'),(537,1,2,2,1,205,21,13,42,1,NULL,'2023-07-31 19:28:06','2023-07-31 19:28:06'),(538,1,2,2,1,206,18,10,14,1,NULL,'2023-07-31 19:28:06','2023-07-31 19:28:06'),(539,1,2,2,1,206,21,14,17,1,NULL,'2023-07-31 19:28:07','2023-07-31 19:28:07'),(540,1,2,2,1,207,18,10,14,1,NULL,'2023-07-31 19:28:07','2023-07-31 19:28:07'),(541,1,2,2,1,207,21,14,17,1,NULL,'2023-07-31 19:28:07','2023-07-31 19:28:07'),(542,1,2,2,1,208,18,10,14,1,NULL,'2023-07-31 19:28:07','2023-07-31 19:28:07'),(543,1,2,2,1,208,21,14,17,1,NULL,'2023-07-31 19:28:07','2023-07-31 19:28:07'),(544,1,2,2,1,209,18,10,14,1,NULL,'2023-07-31 19:28:07','2023-07-31 19:28:07'),(545,1,2,2,1,209,21,14,17,1,NULL,'2023-07-31 19:28:07','2023-07-31 19:28:07'),(546,1,2,2,1,210,18,10,14,1,NULL,'2023-07-31 19:28:07','2023-07-31 19:28:07'),(547,1,2,2,1,210,21,14,17,1,NULL,'2023-07-31 19:28:07','2023-07-31 19:28:07'),(548,1,2,2,1,211,18,10,14,1,NULL,'2023-07-31 19:28:07','2023-07-31 19:28:07'),(549,1,2,2,1,211,21,13,40,2,NULL,'2023-07-31 19:28:07','2023-07-31 19:28:07'),(550,1,2,2,1,212,18,13,22,1,NULL,'2023-07-31 19:28:08','2023-07-31 19:28:08'),(551,1,2,2,1,212,21,12,40,2,NULL,'2023-07-31 19:28:08','2023-07-31 19:28:08'),(552,1,2,2,1,212,21,12,38,2,NULL,'2023-07-31 19:28:08','2023-07-31 19:28:08'),(553,1,2,2,1,213,18,10,22,1,NULL,'2023-07-31 19:28:08','2023-07-31 19:28:08'),(554,1,2,2,1,213,18,10,19,1,NULL,'2023-07-31 19:28:08','2023-07-31 19:28:08'),(555,1,2,2,1,213,19,13,33,1,NULL,'2023-07-31 19:28:08','2023-07-31 19:28:08'),(556,1,2,2,1,213,21,13,38,2,NULL,'2023-07-31 19:28:08','2023-07-31 19:28:08'),(557,1,2,2,1,214,18,10,14,1,NULL,'2023-07-31 19:28:08','2023-07-31 19:28:08'),(558,1,2,2,1,214,21,14,17,1,NULL,'2023-07-31 19:28:08','2023-07-31 19:28:08'),(559,1,2,2,1,215,18,10,22,1,NULL,'2023-07-31 19:28:09','2023-07-31 19:28:09'),(560,1,2,2,1,215,21,12,27,2,NULL,'2023-07-31 19:28:09','2023-07-31 19:28:09'),(561,1,2,2,1,216,18,10,22,1,NULL,'2023-07-31 19:28:09','2023-07-31 19:28:09'),(562,1,2,2,1,216,18,10,19,1,NULL,'2023-07-31 19:28:09','2023-07-31 19:28:09'),(563,1,2,2,1,216,19,13,33,1,NULL,'2023-07-31 19:28:09','2023-07-31 19:28:09'),(564,1,2,2,1,216,21,13,38,2,NULL,'2023-07-31 19:28:09','2023-07-31 19:28:09'),(565,1,2,2,1,217,18,10,24,1,NULL,'2023-07-31 19:28:09','2023-07-31 19:28:09'),(566,1,2,2,1,217,21,13,42,2,NULL,'2023-07-31 19:28:09','2023-07-31 19:28:09'),(567,1,2,2,1,218,18,10,22,1,NULL,'2023-07-31 19:28:09','2023-07-31 19:28:09'),(568,1,2,2,1,218,19,13,33,2,NULL,'2023-07-31 19:28:09','2023-07-31 19:28:09'),(569,1,2,2,1,219,18,10,22,1,NULL,'2023-07-31 19:28:10','2023-07-31 19:28:10'),(570,1,2,2,1,219,19,13,33,2,NULL,'2023-07-31 19:28:10','2023-07-31 19:28:10'),(571,1,2,2,1,220,18,10,14,1,NULL,'2023-07-31 19:28:10','2023-07-31 19:28:10'),(572,1,2,2,1,220,21,14,17,1,NULL,'2023-07-31 19:28:10','2023-07-31 19:28:10'),(573,1,2,2,1,221,18,10,14,1,NULL,'2023-07-31 19:28:10','2023-07-31 19:28:10'),(574,1,2,2,1,221,21,14,17,1,NULL,'2023-07-31 19:28:10','2023-07-31 19:28:10'),(575,1,2,2,1,222,18,10,14,2,NULL,'2023-07-31 19:28:10','2023-07-31 19:28:10'),(576,1,2,2,1,223,18,10,14,2,NULL,'2023-07-31 19:28:10','2023-07-31 19:28:10'),(577,1,2,2,1,224,18,10,14,2,NULL,'2023-07-31 19:28:10','2023-07-31 19:28:10'),(578,1,2,2,1,225,18,10,14,1,NULL,'2023-07-31 19:28:11','2023-07-31 19:28:11'),(579,1,2,2,1,225,21,14,17,1,NULL,'2023-07-31 19:28:11','2023-07-31 19:28:11'),(580,1,2,2,1,226,18,10,14,1,NULL,'2023-07-31 19:28:11','2023-07-31 19:28:11'),(581,1,2,2,1,226,21,14,17,1,NULL,'2023-07-31 19:28:11','2023-07-31 19:28:11'),(582,1,2,2,1,227,18,10,43,1,NULL,'2023-07-31 19:28:11','2023-07-31 19:28:11'),(583,1,2,2,1,227,18,10,44,1,NULL,'2023-07-31 19:28:11','2023-07-31 19:28:11'),(584,1,2,2,1,227,19,13,33,2,NULL,'2023-07-31 19:28:11','2023-07-31 19:28:11'),(585,1,2,2,1,228,19,13,33,1,NULL,'2023-07-31 19:28:11','2023-07-31 19:28:11'),(586,1,2,2,1,228,21,13,40,2,NULL,'2023-07-31 19:28:11','2023-07-31 19:28:11'),(587,1,2,2,1,229,19,13,33,1,NULL,'2023-07-31 19:28:12','2023-07-31 19:28:12'),(588,1,2,2,1,229,21,13,40,2,NULL,'2023-07-31 19:28:12','2023-07-31 19:28:12'),(589,1,2,2,1,230,19,13,33,2,NULL,'2023-07-31 19:28:12','2023-07-31 19:28:12'),(590,1,2,2,1,231,21,14,17,1,NULL,'2023-07-31 19:28:12','2023-07-31 19:28:12'),(591,1,2,2,1,232,21,14,40,2,NULL,'2023-07-31 19:28:12','2023-07-31 19:28:12'),(592,1,2,2,1,233,18,10,14,1,NULL,'2023-07-31 19:28:12','2023-07-31 19:28:12'),(593,1,2,2,1,233,21,14,17,1,NULL,'2023-07-31 19:28:12','2023-07-31 19:28:12'),(594,1,2,2,1,233,25,14,30,1,NULL,'2023-07-31 19:28:12','2023-07-31 19:28:12'),(595,1,2,2,1,234,18,10,14,1,NULL,'2023-07-31 19:28:12','2023-07-31 19:28:12'),(596,1,2,2,1,234,21,14,17,1,NULL,'2023-07-31 19:28:12','2023-07-31 19:28:12'),(597,1,2,2,1,234,25,14,30,1,NULL,'2023-07-31 19:28:13','2023-07-31 19:28:13'),(598,1,2,2,1,235,18,10,14,1,NULL,'2023-07-31 19:28:13','2023-07-31 19:28:13'),(599,1,2,2,1,235,21,14,17,1,NULL,'2023-07-31 19:28:13','2023-07-31 19:28:13'),(600,1,2,2,1,235,25,14,30,1,NULL,'2023-07-31 19:28:13','2023-07-31 19:28:13'),(601,1,2,2,1,236,21,13,42,1,NULL,'2023-07-31 19:28:13','2023-07-31 19:28:13'),(602,1,2,2,1,237,21,14,17,1,NULL,'2023-07-31 19:28:13','2023-07-31 19:28:13'),(603,1,2,2,1,238,21,14,17,1,NULL,'2023-07-31 19:28:13','2023-07-31 19:28:13'),(604,1,2,2,1,239,21,14,17,1,NULL,'2023-07-31 19:28:13','2023-07-31 19:28:13'),(605,1,2,2,1,240,21,13,40,2,NULL,'2023-07-31 19:28:13','2023-07-31 19:28:13'),(606,1,2,2,1,241,25,14,30,1,NULL,'2023-07-31 19:28:13','2023-07-31 19:28:13'),(607,1,2,2,1,299,19,13,33,2,NULL,'2023-07-31 19:28:14','2023-07-31 19:28:14'),(608,1,2,2,1,300,19,13,33,2,NULL,'2023-07-31 19:28:14','2023-07-31 19:28:14'),(609,1,2,2,1,301,18,10,14,1,NULL,'2023-07-31 19:28:14','2023-07-31 19:28:14'),(610,1,2,2,1,301,21,13,40,2,NULL,'2023-07-31 19:28:14','2023-07-31 19:28:14'),(611,1,2,2,1,299,17,10,41,1,NULL,'2023-07-31 19:28:14','2023-07-31 19:28:14'),(612,1,2,2,1,300,17,10,41,1,NULL,'2023-07-31 19:28:14','2023-07-31 19:28:14'),(613,1,2,2,1,258,17,10,14,1,NULL,'2023-07-31 19:28:14','2023-07-31 19:28:14'),(614,1,2,2,1,258,19,10,38,1,NULL,'2023-07-31 19:28:14','2023-07-31 19:28:14'),(615,1,2,2,1,242,17,10,14,1,NULL,'2023-07-31 19:28:14','2023-07-31 19:28:14'),(616,1,2,2,1,243,17,10,23,1,NULL,'2023-07-31 19:28:15','2023-07-31 19:28:15'),(617,1,2,2,1,244,17,10,23,1,NULL,'2023-07-31 19:28:15','2023-07-31 19:28:15'),(618,1,2,2,1,245,17,10,24,1,NULL,'2023-07-31 19:28:15','2023-07-31 19:28:15'),(619,1,2,2,1,246,17,10,23,1,NULL,'2023-07-31 19:28:15','2023-07-31 19:28:15'),(620,1,2,2,1,246,18,10,22,1,NULL,'2023-07-31 19:28:15','2023-07-31 19:28:15'),(621,1,2,2,1,247,17,10,23,1,NULL,'2023-07-31 19:28:15','2023-07-31 19:28:15'),(622,1,2,2,1,248,17,10,23,1,NULL,'2023-07-31 19:28:15','2023-07-31 19:28:15'),(623,1,2,2,1,248,19,10,40,1,NULL,'2023-07-31 19:28:15','2023-07-31 19:28:15'),(624,1,2,2,1,249,17,10,41,1,NULL,'2023-07-31 19:28:15','2023-07-31 19:28:15'),(625,1,2,2,1,249,19,13,40,2,NULL,'2023-07-31 19:28:15','2023-07-31 19:28:15'),(626,1,2,2,1,250,19,13,40,2,NULL,'2023-07-31 19:28:16','2023-07-31 19:28:16'),(627,1,2,2,1,251,19,13,40,2,NULL,'2023-07-31 19:28:16','2023-07-31 19:28:16'),(628,1,2,2,1,252,19,13,40,2,NULL,'2023-07-31 19:28:16','2023-07-31 19:28:16'),(629,1,2,2,1,253,17,10,41,1,NULL,'2023-07-31 19:28:16','2023-07-31 19:28:16'),(630,1,2,2,1,253,19,13,40,2,NULL,'2023-07-31 19:28:16','2023-07-31 19:28:16'),(631,1,2,2,1,254,17,10,34,1,NULL,'2023-07-31 19:28:16','2023-07-31 19:28:16'),(632,1,2,2,1,255,17,10,34,1,NULL,'2023-07-31 19:28:16','2023-07-31 19:28:16'),(633,1,2,2,1,256,17,10,23,1,NULL,'2023-07-31 19:28:16','2023-07-31 19:28:16'),(634,1,2,2,1,257,17,10,34,1,NULL,'2023-07-31 19:28:16','2023-07-31 19:28:16'),(635,1,2,2,1,257,19,13,40,2,NULL,'2023-07-31 19:28:16','2023-07-31 19:28:16'),(636,1,2,2,1,259,17,10,41,1,NULL,'2023-07-31 19:28:17','2023-07-31 19:28:17'),(637,1,2,2,1,259,23,12,39,1,NULL,'2023-07-31 19:28:17','2023-07-31 19:28:17'),(638,1,2,2,1,260,17,10,34,1,NULL,'2023-07-31 19:28:17','2023-07-31 19:28:17'),(639,1,2,2,1,261,17,10,34,1,NULL,'2023-07-31 19:28:17','2023-07-31 19:28:17'),(640,1,2,2,1,262,17,10,34,1,NULL,'2023-07-31 19:28:17','2023-07-31 19:28:17'),(641,1,2,2,1,263,17,10,34,1,NULL,'2023-07-31 19:28:17','2023-07-31 19:28:17'),(642,1,2,2,1,264,17,10,34,1,NULL,'2023-07-31 19:28:17','2023-07-31 19:28:17'),(643,1,2,2,1,265,17,10,34,1,NULL,'2023-07-31 19:28:17','2023-07-31 19:28:17'),(644,1,2,2,1,265,19,13,40,2,NULL,'2023-07-31 19:28:18','2023-07-31 19:28:18'),(645,1,2,2,1,266,17,10,34,1,NULL,'2023-07-31 19:28:18','2023-07-31 19:28:18'),(646,1,2,2,1,266,19,13,40,2,NULL,'2023-07-31 19:28:18','2023-07-31 19:28:18'),(647,1,2,2,1,267,16,10,10,1,NULL,'2023-07-31 19:28:18','2023-07-31 19:28:18'),(648,1,2,2,1,268,17,10,34,1,NULL,'2023-07-31 19:28:18','2023-07-31 19:28:18'),(649,1,2,2,1,269,17,10,34,1,NULL,'2023-07-31 19:28:18','2023-07-31 19:28:18'),(650,1,2,2,1,270,17,10,34,1,NULL,'2023-07-31 19:28:18','2023-07-31 19:28:18'),(651,1,2,2,1,271,18,10,22,1,NULL,'2023-07-31 19:28:18','2023-07-31 19:28:18'),(652,1,2,2,1,272,17,10,34,1,NULL,'2023-07-31 19:28:18','2023-07-31 19:28:18'),(653,1,2,2,1,272,18,10,44,1,NULL,'2023-07-31 19:28:18','2023-07-31 19:28:18'),(654,1,2,2,1,273,17,10,34,1,NULL,'2023-07-31 19:28:19','2023-07-31 19:28:19'),(655,1,2,2,1,273,18,10,44,1,NULL,'2023-07-31 19:28:19','2023-07-31 19:28:19'),(656,1,2,2,1,274,17,10,34,1,NULL,'2023-07-31 19:28:19','2023-07-31 19:28:19'),(657,1,2,2,1,274,18,10,44,1,NULL,'2023-07-31 19:28:19','2023-07-31 19:28:19'),(658,1,2,2,1,275,17,10,14,1,NULL,'2023-07-31 19:28:19','2023-07-31 19:28:19'),(659,1,2,2,1,277,17,10,23,1,NULL,'2023-07-31 19:28:19','2023-07-31 19:28:19'),(660,1,2,2,1,277,19,13,33,2,NULL,'2023-07-31 19:28:19','2023-07-31 19:28:19'),(661,1,2,2,1,278,17,10,25,1,NULL,'2023-07-31 19:28:19','2023-07-31 19:28:19'),(662,1,2,2,1,279,17,10,25,1,NULL,'2023-07-31 19:28:19','2023-07-31 19:28:19'),(663,1,2,2,1,281,17,10,34,1,NULL,'2023-07-31 19:28:19','2023-07-31 19:28:19'),(664,8,2,2,3,425,26,15,45,3,NULL,'2023-12-25 18:52:44','2023-12-25 18:52:44'),(665,8,2,2,3,452,26,15,51,3,NULL,'2024-01-01 13:05:55','2024-01-01 13:05:55'),(666,8,2,2,3,453,28,15,52,3,NULL,'2024-01-01 13:15:48','2024-01-01 13:15:48'),(667,8,2,2,3,302,27,20,53,3,NULL,'2024-01-02 18:13:51','2024-01-02 18:13:51'),(668,8,2,2,3,303,26,15,53,3,NULL,'2024-01-02 18:23:03','2024-01-02 18:23:03'),(669,8,2,2,3,304,26,15,53,3,NULL,'2024-01-02 18:24:11','2024-01-02 18:24:11');
/*!40000 ALTER TABLE `verifications` ENABLE KEYS */;
UNLOCK TABLES;

--
-- Table structure for table `witnesses`
--

DROP TABLE IF EXISTS `witnesses`;
/*!40101 SET @saved_cs_client     = @@character_set_client */;
/*!50503 SET character_set_client = utf8mb4 */;
CREATE TABLE `witnesses` (
  `id` bigint unsigned NOT NULL AUTO_INCREMENT,
  `updated_uid` int NOT NULL,
  `user_id` bigint unsigned NOT NULL,
  `company_id` bigint unsigned NOT NULL,
  `project_id` bigint unsigned NOT NULL,
  `endproduct_id` bigint unsigned NOT NULL,
  `code` varchar(255) CHARACTER SET utf8mb4 COLLATE utf8mb4_unicode_ci NOT NULL,
  `name` varchar(255) CHARACTER SET utf8mb4 COLLATE utf8mb4_unicode_ci NOT NULL,
  `description` text CHARACTER SET utf8mb4 COLLATE utf8mb4_unicode_ci,
  `created_at` timestamp NULL DEFAULT NULL,
  `updated_at` timestamp NULL DEFAULT NULL,
  PRIMARY KEY (`id`)
) ENGINE=InnoDB AUTO_INCREMENT=5 DEFAULT CHARSET=utf8mb4 COLLATE=utf8mb4_unicode_ci;
/*!40101 SET character_set_client = @saved_cs_client */;

--
-- Dumping data for table `witnesses`
--

LOCK TABLES `witnesses` WRITE;
/*!40000 ALTER TABLE `witnesses` DISABLE KEYS */;
INSERT INTO `witnesses` VALUES (1,1,1,2,2,1,'Administration','Administration',NULL,'2023-07-31 19:27:10','2023-07-31 19:27:10'),(2,1,1,2,2,1,'Third-Party','Third-Party',NULL,'2023-07-31 19:27:10','2023-07-31 19:27:10'),(3,8,8,2,4,3,'Administration','TÜBİTAK SAGE',NULL,'2023-12-25 18:40:18','2023-12-25 18:40:18'),(4,8,8,2,4,3,'Third-Party','Third-Party',NULL,'2024-01-01 13:03:36','2024-01-01 13:03:36');
/*!40000 ALTER TABLE `witnesses` ENABLE KEYS */;
UNLOCK TABLES;
/*!40103 SET TIME_ZONE=@OLD_TIME_ZONE */;

/*!40101 SET SQL_MODE=@OLD_SQL_MODE */;
/*!40014 SET FOREIGN_KEY_CHECKS=@OLD_FOREIGN_KEY_CHECKS */;
/*!40014 SET UNIQUE_CHECKS=@OLD_UNIQUE_CHECKS */;
/*!40101 SET CHARACTER_SET_CLIENT=@OLD_CHARACTER_SET_CLIENT */;
/*!40101 SET CHARACTER_SET_RESULTS=@OLD_CHARACTER_SET_RESULTS */;
/*!40101 SET COLLATION_CONNECTION=@OLD_COLLATION_CONNECTION */;
/*!40111 SET SQL_NOTES=@OLD_SQL_NOTES */;

-- Dump completed on 2024-01-14 10:00:02
