-- MySQL dump 10.13  Distrib 8.0.35, for Linux (x86_64)
--
-- Host: localhost    Database: requirements
-- ------------------------------------------------------
-- Server version	8.0.35-0ubuntu0.23.10.1

/*!40101 SET @OLD_CHARACTER_SET_CLIENT=@@CHARACTER_SET_CLIENT */;
/*!40101 SET @OLD_CHARACTER_SET_RESULTS=@@CHARACTER_SET_RESULTS */;
/*!40101 SET @OLD_COLLATION_CONNECTION=@@COLLATION_CONNECTION */;
/*!50503 SET NAMES utf8mb4 */;
/*!40103 SET @OLD_TIME_ZONE=@@TIME_ZONE */;
/*!40103 SET TIME_ZONE='+00:00' */;
/*!40014 SET @OLD_UNIQUE_CHECKS=@@UNIQUE_CHECKS, UNIQUE_CHECKS=0 */;
/*!40014 SET @OLD_FOREIGN_KEY_CHECKS=@@FOREIGN_KEY_CHECKS, FOREIGN_KEY_CHECKS=0 */;
/*!40101 SET @OLD_SQL_MODE=@@SQL_MODE, SQL_MODE='NO_AUTO_VALUE_ON_ZERO' */;
/*!40111 SET @OLD_SQL_NOTES=@@SQL_NOTES, SQL_NOTES=0 */;

--
-- Table structure for table `attachments`
--

DROP TABLE IF EXISTS `attachments`;
/*!40101 SET @saved_cs_client     = @@character_set_client */;
/*!50503 SET character_set_client = utf8mb4 */;
CREATE TABLE `attachments` (
  `id` bigint unsigned NOT NULL AUTO_INCREMENT,
  `user_id` bigint unsigned NOT NULL,
  `model_name` varchar(255) COLLATE utf8mb4_unicode_ci NOT NULL,
  `model_item_id` int NOT NULL,
  `original_file_name` varchar(255) COLLATE utf8mb4_unicode_ci NOT NULL,
  `mime_type` varchar(255) COLLATE utf8mb4_unicode_ci NOT NULL,
  `file_size` varchar(255) COLLATE utf8mb4_unicode_ci NOT NULL,
  `stored_file_as` varchar(255) COLLATE utf8mb4_unicode_ci NOT NULL,
  `tag` varchar(255) COLLATE utf8mb4_unicode_ci NOT NULL,
  `created_at` timestamp NULL DEFAULT NULL,
  `updated_at` timestamp NULL DEFAULT NULL,
  PRIMARY KEY (`id`)
) ENGINE=InnoDB AUTO_INCREMENT=9999 DEFAULT CHARSET=utf8mb4 COLLATE=utf8mb4_unicode_ci;
/*!40101 SET character_set_client = @saved_cs_client */;

--
-- Dumping data for table `attachments`
--

LOCK TABLES `attachments` WRITE;
/*!40000 ALTER TABLE `attachments` DISABLE KEYS */;
/*!40000 ALTER TABLE `attachments` ENABLE KEYS */;
UNLOCK TABLES;

--
-- Table structure for table `companies`
--

DROP TABLE IF EXISTS `companies`;
/*!40101 SET @saved_cs_client     = @@character_set_client */;
/*!50503 SET character_set_client = utf8mb4 */;
CREATE TABLE `companies` (
  `id` bigint unsigned NOT NULL AUTO_INCREMENT,
  `user_id` bigint unsigned NOT NULL,
  `updated_uid` int DEFAULT NULL,
  `name` varchar(255) COLLATE utf8mb4_unicode_ci NOT NULL,
  `fullname` varchar(255) COLLATE utf8mb4_unicode_ci NOT NULL,
  `created_at` timestamp NULL DEFAULT NULL,
  `updated_at` timestamp NULL DEFAULT NULL,
  PRIMARY KEY (`id`)
) ENGINE=InnoDB AUTO_INCREMENT=4 DEFAULT CHARSET=utf8mb4 COLLATE=utf8mb4_unicode_ci;
/*!40101 SET character_set_client = @saved_cs_client */;

--
-- Dumping data for table `companies`
--

LOCK TABLES `companies` WRITE;
/*!40000 ALTER TABLE `companies` DISABLE KEYS */;
INSERT INTO `companies` VALUES (1,1,NULL,'AppCompany','Generic Company for App','2023-10-29 12:06:45','2023-10-29 12:06:45'),(2,1,NULL,'TÜBİTAK SAGE','TÜBİTAK Savunma Sanayii Araştırma ve Geliştirme Enstitüsü','2023-07-31 19:15:01','2023-07-31 19:15:01'),(3,1,NULL,'Masttech','Elektromekanik Sistemler Sanayii ve Ticaret AŞ','2023-10-29 12:06:45','2023-10-29 12:06:45');
/*!40000 ALTER TABLE `companies` ENABLE KEYS */;
UNLOCK TABLES;

--
-- Table structure for table `counters`
--

DROP TABLE IF EXISTS `counters`;
/*!40101 SET @saved_cs_client     = @@character_set_client */;
/*!50503 SET character_set_client = utf8mb4 */;
CREATE TABLE `counters` (
  `id` bigint unsigned NOT NULL AUTO_INCREMENT,
  `requirement_no` int NOT NULL,
  `created_at` timestamp NULL DEFAULT NULL,
  `updated_at` timestamp NULL DEFAULT NULL,
  PRIMARY KEY (`id`)
) ENGINE=InnoDB DEFAULT CHARSET=utf8mb4 COLLATE=utf8mb4_unicode_ci;
/*!40101 SET character_set_client = @saved_cs_client */;

--
-- Dumping data for table `counters`
--

LOCK TABLES `counters` WRITE;
/*!40000 ALTER TABLE `counters` DISABLE KEYS */;
/*!40000 ALTER TABLE `counters` ENABLE KEYS */;
UNLOCK TABLES;

--
-- Table structure for table `endproduct_requirement`
--

DROP TABLE IF EXISTS `endproduct_requirement`;
/*!40101 SET @saved_cs_client     = @@character_set_client */;
/*!50503 SET character_set_client = utf8mb4 */;
CREATE TABLE `endproduct_requirement` (
  `requirement_id` bigint unsigned NOT NULL,
  `endproduct_id` bigint unsigned NOT NULL,
  `created_at` timestamp NULL DEFAULT NULL,
  `updated_at` timestamp NULL DEFAULT NULL,
  KEY `endproduct_requirement_requirement_id_foreign` (`requirement_id`),
  KEY `endproduct_requirement_endproduct_id_foreign` (`endproduct_id`),
  CONSTRAINT `endproduct_requirement_endproduct_id_foreign` FOREIGN KEY (`endproduct_id`) REFERENCES `endproducts` (`id`),
  CONSTRAINT `endproduct_requirement_requirement_id_foreign` FOREIGN KEY (`requirement_id`) REFERENCES `requirements` (`id`)
) ENGINE=InnoDB DEFAULT CHARSET=utf8mb4 COLLATE=utf8mb4_unicode_ci;
/*!40101 SET character_set_client = @saved_cs_client */;

--
-- Dumping data for table `endproduct_requirement`
--

LOCK TABLES `endproduct_requirement` WRITE;
/*!40000 ALTER TABLE `endproduct_requirement` DISABLE KEYS */;
INSERT INTO `endproduct_requirement` VALUES (1,1,NULL,NULL),(1,2,NULL,NULL),(2,1,NULL,NULL),(2,2,NULL,NULL),(3,1,NULL,NULL),(3,2,NULL,NULL),(4,1,NULL,NULL),(4,2,NULL,NULL),(5,1,NULL,NULL),(5,2,NULL,NULL),(6,1,NULL,NULL),(6,2,NULL,NULL),(7,1,NULL,NULL),(7,2,NULL,NULL),(8,1,NULL,NULL),(8,2,NULL,NULL),(9,1,NULL,NULL),(9,2,NULL,NULL),(10,1,NULL,NULL),(10,2,NULL,NULL),(11,1,NULL,NULL),(11,2,NULL,NULL),(12,1,NULL,NULL),(12,2,NULL,NULL),(13,1,NULL,NULL),(13,2,NULL,NULL),(14,1,NULL,NULL),(14,2,NULL,NULL),(15,1,NULL,NULL),(15,2,NULL,NULL),(16,1,NULL,NULL),(16,2,NULL,NULL),(17,1,NULL,NULL),(17,2,NULL,NULL),(18,1,NULL,NULL),(18,2,NULL,NULL),(19,1,NULL,NULL),(19,2,NULL,NULL),(20,1,NULL,NULL),(20,2,NULL,NULL),(21,1,NULL,NULL),(21,2,NULL,NULL),(22,1,NULL,NULL),(22,2,NULL,NULL),(23,1,NULL,NULL),(23,2,NULL,NULL),(24,1,NULL,NULL),(24,2,NULL,NULL),(25,1,NULL,NULL),(25,2,NULL,NULL),(26,1,NULL,NULL),(26,2,NULL,NULL),(27,1,NULL,NULL),(27,2,NULL,NULL),(28,1,NULL,NULL),(28,2,NULL,NULL),(29,1,NULL,NULL),(29,2,NULL,NULL),(30,1,NULL,NULL),(30,2,NULL,NULL),(31,1,NULL,NULL),(31,2,NULL,NULL),(32,1,NULL,NULL),(32,2,NULL,NULL),(33,1,NULL,NULL),(33,2,NULL,NULL),(34,1,NULL,NULL),(34,2,NULL,NULL),(35,1,NULL,NULL),(36,1,NULL,NULL),(37,1,NULL,NULL),(38,1,NULL,NULL),(39,1,NULL,NULL),(40,1,NULL,NULL),(41,1,NULL,NULL),(42,1,NULL,NULL),(43,1,NULL,NULL),(44,1,NULL,NULL),(45,1,NULL,NULL),(46,1,NULL,NULL),(47,1,NULL,NULL),(48,1,NULL,NULL),(49,1,NULL,NULL),(50,1,NULL,NULL),(51,1,NULL,NULL),(52,1,NULL,NULL),(53,1,NULL,NULL),(54,1,NULL,NULL),(55,1,NULL,NULL),(56,1,NULL,NULL),(57,1,NULL,NULL),(58,1,NULL,NULL),(59,1,NULL,NULL),(60,1,NULL,NULL),(61,1,NULL,NULL),(62,1,NULL,NULL),(63,1,NULL,NULL),(64,1,NULL,NULL),(65,1,NULL,NULL),(66,1,NULL,NULL),(67,1,NULL,NULL),(68,1,NULL,NULL),(69,1,NULL,NULL),(69,2,NULL,NULL),(70,1,NULL,NULL),(71,1,NULL,NULL),(72,1,NULL,NULL),(73,1,NULL,NULL),(74,1,NULL,NULL),(75,1,NULL,NULL),(76,1,NULL,NULL),(77,1,NULL,NULL),(78,1,NULL,NULL),(79,1,NULL,NULL),(80,1,NULL,NULL),(81,1,NULL,NULL),(82,1,NULL,NULL),(83,1,NULL,NULL),(84,1,NULL,NULL),(85,1,NULL,NULL),(86,1,NULL,NULL),(87,1,NULL,NULL),(88,1,NULL,NULL),(89,1,NULL,NULL),(90,1,NULL,NULL),(91,1,NULL,NULL),(92,1,NULL,NULL),(93,1,NULL,NULL),(94,1,NULL,NULL),(95,1,NULL,NULL),(96,2,NULL,NULL),(97,2,NULL,NULL),(98,2,NULL,NULL),(99,2,NULL,NULL),(100,2,NULL,NULL),(101,2,NULL,NULL),(102,2,NULL,NULL),(103,2,NULL,NULL),(104,2,NULL,NULL),(105,2,NULL,NULL),(106,2,NULL,NULL),(107,2,NULL,NULL),(108,2,NULL,NULL),(109,2,NULL,NULL),(110,2,NULL,NULL),(111,2,NULL,NULL),(112,2,NULL,NULL),(113,2,NULL,NULL),(114,2,NULL,NULL),(115,2,NULL,NULL),(116,2,NULL,NULL),(117,2,NULL,NULL),(118,2,NULL,NULL),(119,2,NULL,NULL),(120,2,NULL,NULL),(121,2,NULL,NULL),(122,2,NULL,NULL),(123,2,NULL,NULL),(124,2,NULL,NULL),(125,2,NULL,NULL),(126,2,NULL,NULL),(127,2,NULL,NULL),(128,2,NULL,NULL),(129,2,NULL,NULL),(130,2,NULL,NULL),(131,2,NULL,NULL),(132,2,NULL,NULL),(133,2,NULL,NULL),(134,2,NULL,NULL),(135,2,NULL,NULL),(136,2,NULL,NULL),(137,2,NULL,NULL),(138,2,NULL,NULL),(139,2,NULL,NULL),(140,2,NULL,NULL),(141,2,NULL,NULL),(142,2,NULL,NULL),(143,2,NULL,NULL),(144,2,NULL,NULL),(145,2,NULL,NULL),(146,2,NULL,NULL),(147,2,NULL,NULL),(148,2,NULL,NULL),(149,2,NULL,NULL),(150,2,NULL,NULL),(151,2,NULL,NULL),(152,2,NULL,NULL),(153,2,NULL,NULL),(154,2,NULL,NULL),(155,2,NULL,NULL),(156,2,NULL,NULL),(157,2,NULL,NULL),(158,2,NULL,NULL),(159,2,NULL,NULL),(160,2,NULL,NULL),(161,2,NULL,NULL),(162,2,NULL,NULL),(163,2,NULL,NULL),(164,2,NULL,NULL),(165,2,NULL,NULL),(166,2,NULL,NULL),(167,2,NULL,NULL),(168,2,NULL,NULL),(169,2,NULL,NULL),(170,2,NULL,NULL),(171,2,NULL,NULL),(172,2,NULL,NULL),(173,2,NULL,NULL),(174,2,NULL,NULL),(175,2,NULL,NULL),(176,2,NULL,NULL),(177,2,NULL,NULL),(178,2,NULL,NULL),(179,2,NULL,NULL),(180,2,NULL,NULL),(181,2,NULL,NULL),(183,2,NULL,NULL),(184,2,NULL,NULL),(185,2,NULL,NULL),(186,2,NULL,NULL),(187,2,NULL,NULL),(189,2,NULL,NULL),(190,2,NULL,NULL),(191,2,NULL,NULL),(192,2,NULL,NULL),(193,2,NULL,NULL),(194,2,NULL,NULL),(195,2,NULL,NULL),(196,2,NULL,NULL),(197,2,NULL,NULL),(198,2,NULL,NULL),(199,2,NULL,NULL),(200,2,NULL,NULL),(201,2,NULL,NULL),(202,2,NULL,NULL),(203,2,NULL,NULL),(204,2,NULL,NULL),(205,2,NULL,NULL),(206,2,NULL,NULL),(207,2,NULL,NULL),(208,2,NULL,NULL),(209,2,NULL,NULL),(210,2,NULL,NULL),(211,2,NULL,NULL),(212,2,NULL,NULL),(213,2,NULL,NULL),(214,2,NULL,NULL),(215,2,NULL,NULL),(216,2,NULL,NULL),(217,2,NULL,NULL),(218,2,NULL,NULL),(219,2,NULL,NULL),(220,2,NULL,NULL),(221,2,NULL,NULL),(222,2,NULL,NULL),(223,2,NULL,NULL),(224,2,NULL,NULL),(225,2,NULL,NULL),(226,2,NULL,NULL),(227,2,NULL,NULL),(228,2,NULL,NULL),(229,2,NULL,NULL),(230,2,NULL,NULL),(231,2,NULL,NULL),(232,1,NULL,NULL),(233,1,NULL,NULL),(234,1,NULL,NULL),(235,1,NULL,NULL),(236,1,NULL,NULL),(237,1,NULL,NULL),(238,1,NULL,NULL),(239,1,NULL,NULL),(240,1,NULL,NULL),(241,1,NULL,NULL),(242,1,NULL,NULL),(242,2,NULL,NULL),(243,1,NULL,NULL),(243,2,NULL,NULL),(244,1,NULL,NULL),(244,2,NULL,NULL),(245,1,NULL,NULL),(245,2,NULL,NULL),(246,1,NULL,NULL),(246,2,NULL,NULL),(247,1,NULL,NULL),(247,2,NULL,NULL),(248,1,NULL,NULL),(248,2,NULL,NULL),(249,1,NULL,NULL),(249,2,NULL,NULL),(250,1,NULL,NULL),(250,2,NULL,NULL),(251,1,NULL,NULL),(251,2,NULL,NULL),(252,1,NULL,NULL),(252,2,NULL,NULL),(253,1,NULL,NULL),(253,2,NULL,NULL),(254,1,NULL,NULL),(254,2,NULL,NULL),(255,1,NULL,NULL),(255,2,NULL,NULL),(256,1,NULL,NULL),(256,2,NULL,NULL),(257,1,NULL,NULL),(257,2,NULL,NULL),(258,1,NULL,NULL),(258,2,NULL,NULL),(259,1,NULL,NULL),(259,2,NULL,NULL),(260,1,NULL,NULL),(260,2,NULL,NULL),(261,1,NULL,NULL),(261,2,NULL,NULL),(262,1,NULL,NULL),(262,2,NULL,NULL),(263,1,NULL,NULL),(263,2,NULL,NULL),(264,1,NULL,NULL),(264,2,NULL,NULL),(265,1,NULL,NULL),(265,2,NULL,NULL),(266,1,NULL,NULL),(266,2,NULL,NULL),(267,1,NULL,NULL),(267,2,NULL,NULL),(268,1,NULL,NULL),(268,2,NULL,NULL),(269,1,NULL,NULL),(269,2,NULL,NULL),(270,1,NULL,NULL),(270,2,NULL,NULL),(271,1,NULL,NULL),(271,2,NULL,NULL),(272,1,NULL,NULL),(272,2,NULL,NULL),(273,1,NULL,NULL),(273,2,NULL,NULL),(274,1,NULL,NULL),(274,2,NULL,NULL),(275,1,NULL,NULL),(275,2,NULL,NULL),(276,1,NULL,NULL),(276,2,NULL,NULL),(277,1,NULL,NULL),(277,2,NULL,NULL),(278,1,NULL,NULL),(278,2,NULL,NULL),(279,1,NULL,NULL),(279,2,NULL,NULL),(281,1,NULL,NULL),(281,2,NULL,NULL),(282,1,NULL,NULL),(283,2,NULL,NULL),(284,2,NULL,NULL),(285,1,NULL,NULL),(286,1,NULL,NULL),(287,1,NULL,NULL),(287,2,NULL,NULL),(288,1,NULL,NULL),(288,2,NULL,NULL),(289,1,NULL,NULL),(289,2,NULL,NULL),(290,1,NULL,NULL),(290,2,NULL,NULL),(291,1,NULL,NULL),(291,2,NULL,NULL),(292,1,NULL,NULL),(292,2,NULL,NULL),(293,1,NULL,NULL),(293,2,NULL,NULL),(294,1,NULL,NULL),(294,2,NULL,NULL),(295,1,NULL,NULL),(295,2,NULL,NULL),(296,1,NULL,NULL),(296,2,NULL,NULL),(297,1,NULL,NULL),(297,2,NULL,NULL),(298,1,NULL,NULL),(298,2,NULL,NULL),(299,1,NULL,NULL),(300,1,NULL,NULL),(301,2,NULL,NULL);
/*!40000 ALTER TABLE `endproduct_requirement` ENABLE KEYS */;
UNLOCK TABLES;

--
-- Table structure for table `endproducts`
--

DROP TABLE IF EXISTS `endproducts`;
/*!40101 SET @saved_cs_client     = @@character_set_client */;
/*!50503 SET character_set_client = utf8mb4 */;
CREATE TABLE `endproducts` (
  `id` bigint unsigned NOT NULL AUTO_INCREMENT,
  `updated_uid` int NOT NULL,
  `user_id` bigint unsigned NOT NULL,
  `company_id` bigint unsigned NOT NULL,
  `project_id` bigint unsigned NOT NULL,
  `code` varchar(255) COLLATE utf8mb4_unicode_ci NOT NULL,
  `title` varchar(255) COLLATE utf8mb4_unicode_ci NOT NULL,
  `description` text COLLATE utf8mb4_unicode_ci,
  `created_at` timestamp NULL DEFAULT NULL,
  `updated_at` timestamp NULL DEFAULT NULL,
  PRIMARY KEY (`id`)
) ENGINE=InnoDB AUTO_INCREMENT=3 DEFAULT CHARSET=utf8mb4 COLLATE=utf8mb4_unicode_ci;
/*!40101 SET character_set_client = @saved_cs_client */;

--
-- Dumping data for table `endproducts`
--

LOCK TABLES `endproducts` WRITE;
/*!40000 ALTER TABLE `endproducts` DISABLE KEYS */;
INSERT INTO `endproducts` VALUES (1,1,1,2,2,'PVR','Pressure Regulating Valve',NULL,'2023-07-31 19:25:59','2023-07-31 19:25:59'),(2,1,1,2,2,'HS','Hydraulic System',NULL,'2023-07-31 19:26:00','2023-07-31 19:26:00');
/*!40000 ALTER TABLE `endproducts` ENABLE KEYS */;
UNLOCK TABLES;

--
-- Table structure for table `failed_jobs`
--

DROP TABLE IF EXISTS `failed_jobs`;
/*!40101 SET @saved_cs_client     = @@character_set_client */;
/*!50503 SET character_set_client = utf8mb4 */;
CREATE TABLE `failed_jobs` (
  `id` bigint unsigned NOT NULL AUTO_INCREMENT,
  `uuid` varchar(255) COLLATE utf8mb4_unicode_ci NOT NULL,
  `connection` text COLLATE utf8mb4_unicode_ci NOT NULL,
  `queue` text COLLATE utf8mb4_unicode_ci NOT NULL,
  `payload` longtext COLLATE utf8mb4_unicode_ci NOT NULL,
  `exception` longtext COLLATE utf8mb4_unicode_ci NOT NULL,
  `failed_at` timestamp NOT NULL DEFAULT CURRENT_TIMESTAMP,
  PRIMARY KEY (`id`),
  UNIQUE KEY `failed_jobs_uuid_unique` (`uuid`)
) ENGINE=InnoDB DEFAULT CHARSET=utf8mb4 COLLATE=utf8mb4_unicode_ci;
/*!40101 SET character_set_client = @saved_cs_client */;

--
-- Dumping data for table `failed_jobs`
--

LOCK TABLES `failed_jobs` WRITE;
/*!40000 ALTER TABLE `failed_jobs` DISABLE KEYS */;
/*!40000 ALTER TABLE `failed_jobs` ENABLE KEYS */;
UNLOCK TABLES;

--
-- Table structure for table `gates`
--

DROP TABLE IF EXISTS `gates`;
/*!40101 SET @saved_cs_client     = @@character_set_client */;
/*!50503 SET character_set_client = utf8mb4 */;
CREATE TABLE `gates` (
  `id` bigint unsigned NOT NULL AUTO_INCREMENT,
  `updated_uid` int NOT NULL,
  `user_id` bigint unsigned NOT NULL,
  `company_id` bigint unsigned NOT NULL,
  `project_id` bigint unsigned NOT NULL,
  `endproduct_id` bigint unsigned NOT NULL,
  `code` varchar(255) COLLATE utf8mb4_unicode_ci NOT NULL,
  `name` varchar(255) COLLATE utf8mb4_unicode_ci NOT NULL,
  `purpose` text COLLATE utf8mb4_unicode_ci,
  `timing` text COLLATE utf8mb4_unicode_ci,
  `created_at` timestamp NULL DEFAULT NULL,
  `updated_at` timestamp NULL DEFAULT NULL,
  PRIMARY KEY (`id`)
) ENGINE=InnoDB AUTO_INCREMENT=26 DEFAULT CHARSET=utf8mb4 COLLATE=utf8mb4_unicode_ci;
/*!40101 SET character_set_client = @saved_cs_client */;

--
-- Dumping data for table `gates`
--

LOCK TABLES `gates` WRITE;
/*!40000 ALTER TABLE `gates` DISABLE KEYS */;
INSERT INTO `gates` VALUES (1,1,1,1,1,0,'MCR','Mission Concept Review','<p>The MCR will affirm the mission need and evaluates the proposed objectives and the concept for meeting those objectives.</p>','<p>The MCR should be completed prior to entering the concept development phase (Phase A)</p>','2023-10-29 12:06:45','2023-10-29 12:06:45'),(2,1,1,1,1,0,'SRR','System Requirements Review','<p>The SRR evaluates the functional and performance requirements defined for the system and the preliminary program or project plan and ensures that the requirements and selected concept will satisfy the mission.</p>','<p>The SRR is conducted during the concept development phase (Phase A) and before conducting the SDR or MDR.</p>','2023-10-29 12:06:45','2023-10-29 12:06:45'),(3,1,1,1,1,0,'MDR / SDR','Mission Definition Review / System Definition Review','<p>TSometimes called the MDR by robotic projects and SDR for human flight projects, this review evaluates whether the proposed architecture is responsive to the functional and performance requirements and that the requirements have been allocated to all functional elements of the mission/system.</p>','<p>The MDR/SDR is conducted during the concept development phase (Phase A) prior to KDP B and the start of preliminary design.</p>','2023-10-29 12:06:45','2023-10-29 12:06:45'),(4,1,1,1,1,0,'PDR','Preliminary Design Review','<p>The PDR demonstrates that the preliminary design meets all system requirements with acceptable risk and within the cost and schedule constraints and establishes the basis for proceeding with detailed design. It shows that the correct design options have been selected, interfaces have been identified, and verification methods have been described. The PDR should address and resolve critical, system-wide issues and show that work can begin on detailed design.</p>','<p>PDR occurs near the completion of the preliminary design phase (Phase B) as the last review in the Formulation Phase.</p>','2023-10-29 12:06:45','2023-10-29 12:06:45'),(5,1,1,1,1,0,'CDR','Critical Design Review','<p>The CDR demonstrates that the maturity of the design is appropriate to support proceeding with full scale fabrication, assembly, integration, and test. CDR determines if the technical effort is on track to complete the system development, meeting mission performance requirements within the identified cost and schedule constraints.</p>','<p>CDR occurs during the final design phase (Phase C).</p>','2023-10-29 12:06:45','2023-10-29 12:06:45'),(6,1,1,1,1,0,'PRR','Production Readiness Review','<p>A PRR is held for projects developing or acquiring multiple or similar systems greater than three or as determined by the project. The PRR determines the readiness of the system developers to efficiently produce the required number of systems. It ensures that the production plans; fabrication, assembly, and integration-enabling products; and personnel are in place and ready to begin production.</p>','<p>PRR occurs during the final design phase (Phase C).</p>','2023-10-29 12:06:45','2023-10-29 12:06:45'),(7,1,1,1,1,0,'SIR','System Integration Review','<p>An SIR ensures segments, components, and subsystems are on schedule to be integrated into the system. Integration facilities, support personnel, and integration plans and procedures are on schedule to support integration.</p>','<p>SIR occurs at the end of the final design phase (Phase C) and before the systems assembly, integration, and test phase (Phase D) begins.</p>','2023-10-29 12:06:45','2023-10-29 12:06:45'),(8,1,1,1,1,0,'SAR','System Acceptance Review','<p>The SAR verifies the completeness of the specific end products in relation to their expected maturity level and assesses compliance to stakeholder expectations. It also ensures that the system has sufficient technical maturity to authorize its shipment to the designated operational facility or launch site</p>','<p>--</p>','2023-10-29 12:06:45','2023-10-29 12:06:45'),(9,1,1,1,1,0,'ORR','Operational Readiness Review','<p>The ORR examines the actual system characteristics and procedures used in the system or end product’s operation. It ensures that all system and support (flight and ground) hardware, software, personnel, procedures, and user documentation accurately reflect the deployed state of the system.</p>','<p>---</p>','2023-10-29 12:06:45','2023-10-29 12:06:45'),(10,1,1,1,1,0,'FRR','Flight Readiness Review','<p>The FRR examines tests, demonstrations, analyses, and audits that determine the system’s readiness for a safe and successful flight or launch and for subsequent flight operations. It also ensures that all flight and ground hardware, software, personnel, and procedures are operationally ready</p>','<p>---</p>','2023-10-29 12:06:45','2023-10-29 12:06:45'),(11,1,1,1,1,0,'PLAR','Post-Launch Assessment Review ','<p>The FRR examines tests, demonstrations, analyses, and audits that determine the system’s readiness for a safe and successful flight or launch and for subsequent flight operations. It also ensures that all flight and ground hardware, software, personnel, and procedures are operationally ready</p>','<p>This review is typically held after the early flight operations and initial checkout.</p>','2023-10-29 12:06:45','2023-10-29 12:06:45'),(12,1,1,1,1,0,'CERR','Critical Event Readiness Review ','<p>A CERR confirms the project’s readiness to execute the mission’s critical activities during flight operation. These include orbital insertion, rendezvous and docking, re-entry, scientific observations/encounters, etc.</p>','<p>--</p>','2023-10-29 12:06:45','2023-10-29 12:06:45'),(13,1,1,1,1,0,'PFAR','Post-Flight Assessment Review','<p>The PFAR evaluates the activities from the flight after recovery. The review identifies all anomalies that occurred during the flight and mission and determines the actions necessary to mitigate or resolve the anomalies for future flights.</p>','<p>--</p>','2023-10-29 12:06:45','2023-10-29 12:06:45'),(14,1,1,1,1,0,'DR','Decommissioning Review','<p>The DR confirms the decision to terminate or decommission the system and assesses the readiness of the system for the safe decommissioning and disposal of system assets.</p>','<p>The DR is normally held near the end of routine mission operations upon accomplishment of planned mission objectives. It may be advanced if some unplanned event gives rise to a need to prematurely terminate the mission, or delayed if operational life is extended to permit additional investigations.</p>','2023-10-29 12:06:45','2023-10-29 12:06:45'),(15,1,1,1,1,0,'DRR','Disposal Readiness Review','<p>A DRR confirms the readiness for the final disposal of the system assets.</p>','<p>The DRR is held as major assets are ready for final disposal.</p>','2023-10-29 12:06:45','2023-10-29 12:06:45'),(16,1,1,2,2,1,'KOM','Kick-Off Meeting',NULL,NULL,'2023-07-31 19:25:54','2023-07-31 19:25:54'),(17,1,1,2,2,1,'RR','Requirements Review',NULL,NULL,'2023-07-31 19:25:54','2023-07-31 19:25:54'),(18,1,1,2,2,1,'CMR','Critical Manufacturing Review',NULL,NULL,'2023-07-31 19:25:54','2023-07-31 19:25:54'),(19,1,1,2,2,1,'FATRR','Factory Acceptance Test Readiness Review',NULL,NULL,'2023-07-31 19:25:54','2023-07-31 19:25:54'),(20,1,1,2,2,1,'EFATM','End of Factory Acceptance Tests Meeting',NULL,NULL,'2023-07-31 19:25:54','2023-07-31 19:25:54'),(21,1,1,2,2,1,'FAT','Factory Acceptance Review',NULL,NULL,'2023-07-31 19:25:55','2023-07-31 19:25:55'),(22,1,1,2,2,1,'ATS','Authorisation to Ship Meeting',NULL,NULL,'2023-07-31 19:25:55','2023-07-31 19:25:55'),(23,1,1,2,2,1,'OSATRR','On-Site Acceptance Test Readiness Review',NULL,NULL,'2023-07-31 19:25:55','2023-07-31 19:25:55'),(24,1,1,2,2,1,'EOSATM','End of On-Site Acceptance Tests Meeting',NULL,NULL,'2023-07-31 19:25:55','2023-07-31 19:25:55'),(25,1,1,2,2,1,'OSAR','On-Site Acceptance Review',NULL,NULL,'2023-07-31 19:25:55','2023-07-31 19:25:55');
/*!40000 ALTER TABLE `gates` ENABLE KEYS */;
UNLOCK TABLES;

--
-- Table structure for table `migrations`
--

DROP TABLE IF EXISTS `migrations`;
/*!40101 SET @saved_cs_client     = @@character_set_client */;
/*!50503 SET character_set_client = utf8mb4 */;
CREATE TABLE `migrations` (
  `id` int unsigned NOT NULL AUTO_INCREMENT,
  `migration` varchar(255) COLLATE utf8mb4_unicode_ci NOT NULL,
  `batch` int NOT NULL,
  PRIMARY KEY (`id`)
) ENGINE=InnoDB AUTO_INCREMENT=20 DEFAULT CHARSET=utf8mb4 COLLATE=utf8mb4_unicode_ci;
/*!40101 SET character_set_client = @saved_cs_client */;

--
-- Dumping data for table `migrations`
--

LOCK TABLES `migrations` WRITE;
/*!40000 ALTER TABLE `migrations` DISABLE KEYS */;
INSERT INTO `migrations` VALUES (1,'2014_10_12_000000_create_users_table',1),(2,'2014_10_12_100000_create_password_reset_tokens_table',1),(3,'2019_08_19_000000_create_failed_jobs_table',1),(4,'2019_12_14_000001_create_personal_access_tokens_table',1),(5,'2023_07_07_183816_create_attachments',1),(6,'2023_07_08_075454_create_projects',1),(7,'2023_07_09_163154_create_companies',1),(8,'2023_07_11_184052_create_requirements',1),(9,'2023_07_17_155321_create_endproducts',1),(10,'2023_07_18_202114_create_endproduct_requirement',1),(11,'2023_07_24_091913_create_verifications',1),(12,'2023_07_24_092301_create_gates',1),(13,'2023_07_24_092313_create_mocs',1),(14,'2023_07_24_092317_create_pocs',1),(15,'2023_07_24_092330_create_witnesses',1),(16,'2023_07_24_092338_create_phases',1),(17,'2023_07_29_182621_create_permission_tables',1),(18,'2023_09_24_173113_create_project_user_table',1),(19,'2023_10_26_170925_create_counters_table',1);
/*!40000 ALTER TABLE `migrations` ENABLE KEYS */;
UNLOCK TABLES;

--
-- Table structure for table `mocs`
--

DROP TABLE IF EXISTS `mocs`;
/*!40101 SET @saved_cs_client     = @@character_set_client */;
/*!50503 SET character_set_client = utf8mb4 */;
CREATE TABLE `mocs` (
  `id` bigint unsigned NOT NULL AUTO_INCREMENT,
  `updated_uid` int NOT NULL,
  `user_id` bigint unsigned NOT NULL,
  `company_id` bigint unsigned NOT NULL,
  `project_id` bigint unsigned NOT NULL,
  `endproduct_id` bigint unsigned NOT NULL,
  `code` varchar(255) COLLATE utf8mb4_unicode_ci NOT NULL,
  `name` varchar(255) COLLATE utf8mb4_unicode_ci NOT NULL,
  `description` text COLLATE utf8mb4_unicode_ci,
  `created_at` timestamp NULL DEFAULT NULL,
  `updated_at` timestamp NULL DEFAULT NULL,
  PRIMARY KEY (`id`)
) ENGINE=InnoDB AUTO_INCREMENT=15 DEFAULT CHARSET=utf8mb4 COLLATE=utf8mb4_unicode_ci;
/*!40101 SET character_set_client = @saved_cs_client */;

--
-- Dumping data for table `mocs`
--

LOCK TABLES `mocs` WRITE;
/*!40000 ALTER TABLE `mocs` DISABLE KEYS */;
INSERT INTO `mocs` VALUES (1,1,1,1,1,0,'MC 9','Equipment Qualification','<p>Note:</p><p>Equipment Qualification is a process that may include all previous means of compliance:</p>','2023-10-29 12:06:45','2023-10-29 12:06:45'),(2,1,1,1,1,0,'MC 7','Design Inspection','<ul><li>Inspection / Audit Reports</li></ul>','2023-10-29 12:06:45','2023-10-29 12:06:45'),(3,1,1,1,1,0,'MC 6','Flight Tests','','2023-10-29 12:06:45','2023-10-29 12:06:45'),(4,1,1,1,1,0,'MC 5','Ground Tests on Related Products','','2023-10-29 12:06:45','2023-10-29 12:06:45'),(5,1,1,1,1,0,'MC 4','Laboratory Tests','','2023-10-29 12:06:45','2023-10-29 12:06:45'),(6,1,1,1,1,0,'MC 3','Safety Assessment','<ul><li>Safety Analysis:</li></ul>','2023-10-29 12:06:45','2023-10-29 12:06:45'),(7,1,1,1,1,0,'MC 2','Calculation / Analysis','<ul><li>Substantiation Reports</li></ul>','2023-10-29 12:06:45','2023-10-29 12:06:45'),(8,1,1,1,1,0,'MC 1','Design Review','<ul><li>Description</li><li>Drawings</li></ul>','2023-10-29 12:06:45','2023-10-29 12:06:45'),(9,1,1,1,1,0,'MC 0','Compliance Statement','<p>Compliance Statement</p><p>Reference to design change documents</p><p>Election of methods, factors</p><p>Definition</p>','2023-10-29 12:06:45','2023-10-29 12:06:45'),(10,1,1,2,2,1,'MoC 1','Analysis / Design',NULL,'2023-07-31 19:25:55','2023-07-31 19:25:55'),(11,1,1,2,2,1,'MoC 2','Analogy',NULL,'2023-07-31 19:25:55','2023-07-31 19:25:55'),(12,1,1,2,2,1,'MoC 3','Demonstration',NULL,'2023-07-31 19:25:55','2023-07-31 19:25:55'),(13,1,1,2,2,1,'MoC 4','Examination',NULL,'2023-07-31 19:25:56','2023-07-31 19:25:56'),(14,1,1,2,2,1,'MoC 5','Test',NULL,'2023-07-31 19:25:56','2023-07-31 19:25:56');
/*!40000 ALTER TABLE `mocs` ENABLE KEYS */;
UNLOCK TABLES;

--
-- Table structure for table `model_has_permissions`
--

DROP TABLE IF EXISTS `model_has_permissions`;
/*!40101 SET @saved_cs_client     = @@character_set_client */;
/*!50503 SET character_set_client = utf8mb4 */;
CREATE TABLE `model_has_permissions` (
  `permission_id` bigint unsigned NOT NULL,
  `model_type` varchar(255) COLLATE utf8mb4_unicode_ci NOT NULL,
  `model_id` bigint unsigned NOT NULL,
  PRIMARY KEY (`permission_id`,`model_id`,`model_type`),
  KEY `model_has_permissions_model_id_model_type_index` (`model_id`,`model_type`),
  CONSTRAINT `model_has_permissions_permission_id_foreign` FOREIGN KEY (`permission_id`) REFERENCES `permissions` (`id`) ON DELETE CASCADE
) ENGINE=InnoDB DEFAULT CHARSET=utf8mb4 COLLATE=utf8mb4_unicode_ci;
/*!40101 SET character_set_client = @saved_cs_client */;

--
-- Dumping data for table `model_has_permissions`
--

LOCK TABLES `model_has_permissions` WRITE;
/*!40000 ALTER TABLE `model_has_permissions` DISABLE KEYS */;
/*!40000 ALTER TABLE `model_has_permissions` ENABLE KEYS */;
UNLOCK TABLES;

--
-- Table structure for table `model_has_roles`
--

DROP TABLE IF EXISTS `model_has_roles`;
/*!40101 SET @saved_cs_client     = @@character_set_client */;
/*!50503 SET character_set_client = utf8mb4 */;
CREATE TABLE `model_has_roles` (
  `role_id` bigint unsigned NOT NULL,
  `model_type` varchar(255) COLLATE utf8mb4_unicode_ci NOT NULL,
  `model_id` bigint unsigned NOT NULL,
  PRIMARY KEY (`role_id`,`model_id`,`model_type`),
  KEY `model_has_roles_model_id_model_type_index` (`model_id`,`model_type`),
  CONSTRAINT `model_has_roles_role_id_foreign` FOREIGN KEY (`role_id`) REFERENCES `roles` (`id`) ON DELETE CASCADE
) ENGINE=InnoDB DEFAULT CHARSET=utf8mb4 COLLATE=utf8mb4_unicode_ci;
/*!40101 SET character_set_client = @saved_cs_client */;

--
-- Dumping data for table `model_has_roles`
--

LOCK TABLES `model_has_roles` WRITE;
/*!40000 ALTER TABLE `model_has_roles` DISABLE KEYS */;
INSERT INTO `model_has_roles` VALUES (1,'App\\Models\\User',1),(2,'App\\Models\\User',2),(3,'App\\Models\\User',2),(2,'App\\Models\\User',3),(3,'App\\Models\\User',3),(3,'App\\Models\\User',4),(3,'App\\Models\\User',5),(3,'App\\Models\\User',6),(3,'App\\Models\\User',8);
/*!40000 ALTER TABLE `model_has_roles` ENABLE KEYS */;
UNLOCK TABLES;

--
-- Table structure for table `password_reset_tokens`
--

DROP TABLE IF EXISTS `password_reset_tokens`;
/*!40101 SET @saved_cs_client     = @@character_set_client */;
/*!50503 SET character_set_client = utf8mb4 */;
CREATE TABLE `password_reset_tokens` (
  `email` varchar(255) COLLATE utf8mb4_unicode_ci NOT NULL,
  `token` varchar(255) COLLATE utf8mb4_unicode_ci NOT NULL,
  `created_at` timestamp NULL DEFAULT NULL,
  PRIMARY KEY (`email`)
) ENGINE=InnoDB DEFAULT CHARSET=utf8mb4 COLLATE=utf8mb4_unicode_ci;
/*!40101 SET character_set_client = @saved_cs_client */;

--
-- Dumping data for table `password_reset_tokens`
--

LOCK TABLES `password_reset_tokens` WRITE;
/*!40000 ALTER TABLE `password_reset_tokens` DISABLE KEYS */;
/*!40000 ALTER TABLE `password_reset_tokens` ENABLE KEYS */;
UNLOCK TABLES;

--
-- Table structure for table `permissions`
--

DROP TABLE IF EXISTS `permissions`;
/*!40101 SET @saved_cs_client     = @@character_set_client */;
/*!50503 SET character_set_client = utf8mb4 */;
CREATE TABLE `permissions` (
  `id` bigint unsigned NOT NULL AUTO_INCREMENT,
  `name` varchar(255) COLLATE utf8mb4_unicode_ci NOT NULL,
  `guard_name` varchar(255) COLLATE utf8mb4_unicode_ci NOT NULL,
  `created_at` timestamp NULL DEFAULT NULL,
  `updated_at` timestamp NULL DEFAULT NULL,
  PRIMARY KEY (`id`),
  UNIQUE KEY `permissions_name_guard_name_unique` (`name`,`guard_name`)
) ENGINE=InnoDB DEFAULT CHARSET=utf8mb4 COLLATE=utf8mb4_unicode_ci;
/*!40101 SET character_set_client = @saved_cs_client */;

--
-- Dumping data for table `permissions`
--

LOCK TABLES `permissions` WRITE;
/*!40000 ALTER TABLE `permissions` DISABLE KEYS */;
/*!40000 ALTER TABLE `permissions` ENABLE KEYS */;
UNLOCK TABLES;

--
-- Table structure for table `personal_access_tokens`
--

DROP TABLE IF EXISTS `personal_access_tokens`;
/*!40101 SET @saved_cs_client     = @@character_set_client */;
/*!50503 SET character_set_client = utf8mb4 */;
CREATE TABLE `personal_access_tokens` (
  `id` bigint unsigned NOT NULL AUTO_INCREMENT,
  `tokenable_type` varchar(255) COLLATE utf8mb4_unicode_ci NOT NULL,
  `tokenable_id` bigint unsigned NOT NULL,
  `name` varchar(255) COLLATE utf8mb4_unicode_ci NOT NULL,
  `token` varchar(64) COLLATE utf8mb4_unicode_ci NOT NULL,
  `abilities` text COLLATE utf8mb4_unicode_ci,
  `last_used_at` timestamp NULL DEFAULT NULL,
  `expires_at` timestamp NULL DEFAULT NULL,
  `created_at` timestamp NULL DEFAULT NULL,
  `updated_at` timestamp NULL DEFAULT NULL,
  PRIMARY KEY (`id`),
  UNIQUE KEY `personal_access_tokens_token_unique` (`token`),
  KEY `personal_access_tokens_tokenable_type_tokenable_id_index` (`tokenable_type`,`tokenable_id`)
) ENGINE=InnoDB DEFAULT CHARSET=utf8mb4 COLLATE=utf8mb4_unicode_ci;
/*!40101 SET character_set_client = @saved_cs_client */;

--
-- Dumping data for table `personal_access_tokens`
--

LOCK TABLES `personal_access_tokens` WRITE;
/*!40000 ALTER TABLE `personal_access_tokens` DISABLE KEYS */;
/*!40000 ALTER TABLE `personal_access_tokens` ENABLE KEYS */;
UNLOCK TABLES;

--
-- Table structure for table `phases`
--

DROP TABLE IF EXISTS `phases`;
/*!40101 SET @saved_cs_client     = @@character_set_client */;
/*!50503 SET character_set_client = utf8mb4 */;
CREATE TABLE `phases` (
  `id` bigint unsigned NOT NULL AUTO_INCREMENT,
  `updated_uid` int NOT NULL,
  `user_id` bigint unsigned NOT NULL,
  `company_id` bigint unsigned NOT NULL,
  `project_id` bigint unsigned NOT NULL,
  `endproduct_id` bigint unsigned NOT NULL,
  `code` varchar(255) COLLATE utf8mb4_unicode_ci NOT NULL,
  `name` varchar(255) COLLATE utf8mb4_unicode_ci NOT NULL,
  `description` text COLLATE utf8mb4_unicode_ci,
  `created_at` timestamp NULL DEFAULT NULL,
  `updated_at` timestamp NULL DEFAULT NULL,
  PRIMARY KEY (`id`)
) ENGINE=InnoDB AUTO_INCREMENT=8 DEFAULT CHARSET=utf8mb4 COLLATE=utf8mb4_unicode_ci;
/*!40101 SET character_set_client = @saved_cs_client */;

--
-- Dumping data for table `phases`
--

LOCK TABLES `phases` WRITE;
/*!40000 ALTER TABLE `phases` DISABLE KEYS */;
INSERT INTO `phases` VALUES (1,1,1,1,1,0,'Pre-Phase A','Concept Studies','<p><strong>Purpose</strong></p><p>To produce a broad spectrum of ideas and alternatives for missions from which new programs/projects can be selected. Determine feasibility of desired system, develop mission concepts, draft system-level requirements, assess performance, cost, and schedule feasibility; identify potential technology needs, and scope.&nbsp;</p><p>&nbsp;</p><p><strong>Typical Outcomes</strong></p><p>Feasible system concepts in the form of simulations, analysis, study reports, models, and mock-ups</p>','2023-10-29 12:06:45','2023-10-29 12:06:45'),(2,1,1,1,1,0,'Phase A','Concept and Technology Development','<p><strong>Purpose</strong></p><p>To determine the feasibility and desirability of a suggested new system and establish an initial baseline compatibility with NASA’s strategic plans. Develop final mission concept, system-level requirements, needed system technology developments, and program/project technical management plans.&nbsp;</p><p>&nbsp;</p><p><strong>Typical Outcomes</strong></p><p>System concept definition in the form of simulations, analysis, engineering models and mock-ups, and trade study definition</p>','2023-10-29 12:06:45','2023-10-29 12:06:45'),(3,1,1,1,1,0,'Phase B','Preliminary Design and Technology Completion','<p><strong>Purpose</strong></p><p>To define the project in enough detail to establish an initial baseline capable of meeting mission needs. Develop system structure end product (and enabling product) requirements and generate a preliminary design for each system structure end product.&nbsp;</p><p>&nbsp;</p><p><strong>Typical Outcomes</strong></p><p>End products in the form of mock-ups, trade study results, specification and interface documents, and prototypes</p>','2023-10-29 12:06:45','2023-10-29 12:06:45'),(4,1,1,1,1,0,'Phase C','Final Design and Fabrication','<p><strong>Purpose</strong></p><p>To complete the detailed design of the system (and its associated subsystems, including its operations systems), fabricate hardware, and code software. Generate final designs for each system structure end product.&nbsp;</p><p>&nbsp;</p><p><strong>Typical Outcomes</strong></p><p>End product detailed designs, end product component fabrication, and software development</p>','2023-10-29 12:06:45','2023-10-29 12:06:45'),(5,1,1,1,1,0,'Phase D','System Assembly, Integration and Test, Launch','<p><strong>Purpose</strong></p><p>To assemble and integrate the system (hardware, software, and humans), meanwhile developing confidence that it is able to meet the system requirements. Launch and prepare for operations. Perform system end product implementation, assembly, integration and test, and transition to use.&nbsp;</p><p>&nbsp;</p><p><strong>Typical Outcomes</strong></p><p>Operations-ready system end product with supporting related enabling products</p>','2023-10-29 12:06:45','2023-10-29 12:06:45'),(6,1,1,1,1,0,'Phase E','Operations and Sustainment','<p><strong>Purpose</strong></p><p>To conduct the mission and meet the initially identified need and maintain support for that need. Implement the mission operations plan.&nbsp;</p><p>&nbsp;</p><p><strong>Typical Outcomes</strong></p><p>Desired system</p>','2023-10-29 12:06:45','2023-10-29 12:06:45'),(7,1,1,1,1,0,'Phase F','Closeout','<p><strong>Purpose</strong></p><p>To implement the systems decommissioning/disposal plan developed in Phase E and perform analyses of the returned data and any returned samples.&nbsp;</p><p>&nbsp;</p><p><strong>Typical Outcomes</strong></p><p>Product closeout</p>','2023-10-29 12:06:45','2023-10-29 12:06:45');
/*!40000 ALTER TABLE `phases` ENABLE KEYS */;
UNLOCK TABLES;

--
-- Table structure for table `pocs`
--

DROP TABLE IF EXISTS `pocs`;
/*!40101 SET @saved_cs_client     = @@character_set_client */;
/*!50503 SET character_set_client = utf8mb4 */;
CREATE TABLE `pocs` (
  `id` bigint unsigned NOT NULL AUTO_INCREMENT,
  `updated_uid` int NOT NULL,
  `user_id` bigint unsigned NOT NULL,
  `company_id` bigint unsigned NOT NULL,
  `project_id` bigint unsigned NOT NULL,
  `endproduct_id` bigint unsigned NOT NULL,
  `code` varchar(255) COLLATE utf8mb4_unicode_ci NOT NULL,
  `name` varchar(255) COLLATE utf8mb4_unicode_ci NOT NULL,
  `description` text COLLATE utf8mb4_unicode_ci,
  `created_at` timestamp NULL DEFAULT NULL,
  `updated_at` timestamp NULL DEFAULT NULL,
  PRIMARY KEY (`id`)
) ENGINE=InnoDB AUTO_INCREMENT=45 DEFAULT CHARSET=utf8mb4 COLLATE=utf8mb4_unicode_ci;
/*!40101 SET character_set_client = @saved_cs_client */;

--
-- Dumping data for table `pocs`
--

LOCK TABLES `pocs` WRITE;
/*!40000 ALTER TABLE `pocs` DISABLE KEYS */;
INSERT INTO `pocs` VALUES (1,1,1,1,1,0,'SEMP','Systems Engineering Management Plan','','2023-10-29 12:06:45','2023-10-29 12:06:45'),(2,1,1,1,1,0,'RM','Requirement Management','','2023-10-29 12:06:45','2023-10-29 12:06:45'),(3,1,1,1,1,0,'QMP','Quality Management Plan','','2023-10-29 12:06:45','2023-10-29 12:06:45'),(4,1,1,1,1,0,'RMP','Risk Management Plan','','2023-10-29 12:06:45','2023-10-29 12:06:45'),(5,1,1,1,1,0,'IMP','Interface Management Plan','','2023-10-29 12:06:45','2023-10-29 12:06:45'),(6,1,1,1,1,0,'CMP','Configuration Management Plan','','2023-10-29 12:06:45','2023-10-29 12:06:45'),(7,1,1,1,1,0,'TPM','Technical Performance Measurement','','2023-10-29 12:06:45','2023-10-29 12:06:45'),(8,1,1,1,1,0,'TMP','Test Management Plan','','2023-10-29 12:06:45','2023-10-29 12:06:45'),(9,1,1,2,2,1,'BIRD','Building Interface Requirements Document','Definition of interfaces (foundation, mechanical, electrical, hydraulic, pneumatic, signal, etc.) between the equipment and the building.\n            ','2023-07-31 19:25:56','2023-07-31 19:25:56'),(10,1,1,2,2,1,'CMP','Configuration Management Plan','A document that defines in detail about the configuration management organization of the CONTRACTOR and their Configuration Control Board, all the activities that fall under configuration management including the selection and definition of configuration items, baselining of documents, configuration control methodology, configuration status accounting, configuration audits, data management, etc., in accordance with MIL-HDBK-61, MIL-STD-973, ANSI/EIA-649.','2023-07-31 19:25:56','2023-07-31 19:25:56'),(11,1,1,2,2,1,'CP','Cleaning Procedure','A detailed procedure that defines the cleaning operation to be done after hydrostatic testing and before painting of the PRV.','2023-07-31 19:25:56','2023-07-31 19:25:56'),(12,1,1,2,2,1,'DFMEA','Design Failure Modes and Effects Analysis','A document by the HPU detailed designer to validate the scenarios and risks covered during the detailed design and selection of components of HPU.\n            ','2023-07-31 19:25:56','2023-07-31 19:25:56'),(13,1,1,2,2,1,'DPS','Detailed Project Schedule','A detailed Project Schedule showing all the milestones to complete the Project.','2023-07-31 19:25:56','2023-07-31 19:25:56'),(14,1,1,2,2,1,'DVR','Design Verification Report','A document that justifies any requirement that has analysis/design as verification method set. All the verification evidence shall be clearly presented in this report.','2023-07-31 19:25:56','2023-07-31 19:25:56'),(15,1,1,2,2,1,'FATEP','Test and Evaluation Plan for Factory Acceptance Tests','Detailed test plan for FAT including hydrostatic testing.','2023-07-31 19:25:56','2023-07-31 19:25:56'),(16,1,1,2,2,1,'FATP','Factory Acceptance Test Procedures','Step by step procedure for each and every test in FAT.','2023-07-31 19:25:56','2023-07-31 19:25:56'),(17,1,1,2,2,1,'FATR','Factory Acceptance Tests Report','Summary of test procedure as run, presentation of test results and the final outcome.','2023-07-31 19:25:57','2023-07-31 19:25:57'),(18,1,1,2,2,1,'HTSD','Heat Treatment Specifications Document','A specification document that defines the details for complete heat treatment specifications, for all parts requiring heat treatment, to meet the properties specified on the drawings.','2023-07-31 19:25:57','2023-07-31 19:25:57'),(19,1,1,2,2,1,'ICD','Interface Control Document','All mechanical, electrical, hydraulic, pneumatic, etc. Interfaces are defined with appropriate drawings, sketches, signal names and parameters, etc. General dimensions of geometrical and the corresponding tolerances are included. Carriage and lifting interfaces, location of center of gravity, weights, allowable forces and moments on inlet and outlet line connections are shown.','2023-07-31 19:25:57','2023-07-31 19:25:57'),(20,1,1,2,2,1,'IP','Installation Plan','Summary of tasks to be done after FAT, on-site support equipment needed, summary of tasks to be done on-site for installation, schedules, etc. The plan shall include an Installation Manual appendix including the instructions for carriage, lifting and installation of the Pressure Regulating Valve. The Installation manual shall also include sketches that show the location of the center of gravity.','2023-07-31 19:25:57','2023-07-31 19:25:57'),(21,1,1,2,2,1,'MCRF','Manufacturers Change Request Forms','Formal request for changes including materials.','2023-07-31 19:25:57','2023-07-31 19:25:57'),(22,1,1,2,2,1,'MDSM','Manufacturers Drawings and Solid Models','Technical drawings for manufacturing and solid models (if available/needed). Drawings to: show scaled plan and elevation arrangement of the PRV with overall dimensions. show Sectional views as required. include all interface locations. give equipment weights. weld map (including list of approved welders).','2023-07-31 19:25:57','2023-07-31 19:25:57'),(23,1,1,2,2,1,'MP','Manufacturing Plan','A document that defines manufacturing and fabrication methods and sequences in order to satisfy all the requirements of the drawings, specifications, and site conditions.','2023-07-31 19:25:57','2023-07-31 19:25:57'),(24,1,1,2,2,1,'MRP','Material Resource Plan','A document that defines a traceability method for all the material (raw materials, bought out items, semi manufactured components, etc.) including material certification for all components to be used for PRV Assembly. The contractor shall provide Material Identification Report for all components as per EN10204-3.1 for pressure containing parts and EN10204-2.2 for other parts.','2023-07-31 19:25:57','2023-07-31 19:25:57'),(25,1,1,2,2,1,'MTEP','Master Test and Evaluation Plan','Master test plan summarizing the overall approach to tests, prerequisites for tests and any other relations between tests, including order of tests','2023-07-31 19:25:57','2023-07-31 19:25:57'),(26,1,1,2,2,1,'NDDIP','Non-Destructive and Destructive Inspection Plan','A document that sets down the program inspections, tests, and surveys needed for each specified work or materials of the project. The plan shall also include how the requirements in relation to control of production and service provisions set in ISO 9001 will be verified. The NDDIP shall also include the non-destructive evaluation (NDE) map.','2023-07-31 19:25:58','2023-07-31 19:25:58'),(27,1,1,2,2,1,'OMPRO','Operation and Maintenance Procedures','Handbooks , list of procedures, full instructions and other material as needed for installation, safe and efficient operation and maintenance of the equipment. The procedures shall include at least instructions of usage, periodic maintenance (including list of materials with limited life), verification, carriage and lifting, disposal and shall warn against known dangerous practices, misuses and residual risks, etc. in English and/or Turkish with a wording easy to understand. Procedures shall include arrangement drawings and sectional views in reduced form to fully explain the arrangement, detailed parts list, parts identification data and manufacturer\'s instruction pamphlets for each device, name and location of supplier, date of issue, lubrication charts and all necessary operational and maintenance information with a detailed index, clearance, installation, operation, function of the PRV, as required for future maintenance and troubleshooting of the PRV. Special tool(s) used and bolt torque report shall also be part of the submitted documents. Calibration adjustments and related criteria shall also be provided. Starting and stopping procedures and the proper means for setting controls to obtain the desired operating conditions shall be included. Maintenance procedures shall also list the limited life material and their replacement/refitting periods. For hydraulic system, pressure drop due to all equipment (hosing, fitting, tubing, etc.) shall be given with relevant schematics.','2023-07-31 19:25:58','2023-07-31 19:25:58'),(28,1,1,2,2,1,'OSATEP','Test and Evaluation Plan for On Site Acceptance Tests','Detailed test plan for OSAT.','2023-07-31 19:25:58','2023-07-31 19:25:58'),(29,1,1,2,2,1,'OSATP','On Site Acceptance Test Procedures','Step by step procedure for each and every test in OSAT.','2023-07-31 19:25:58','2023-07-31 19:25:58'),(30,1,1,2,2,1,'OSATR','On Site Acceptance Test Report','Summary of test procedure as run, presentation of test results and the final outcome.','2023-07-31 19:25:58','2023-07-31 19:25:58'),(31,1,1,2,2,1,'PID','P&ID, Piping and instrumentation diagrams','The detailed lay out (top-view) drawing (indicating skeletal dimensions and to scale) of the pipe line off all the process fluid circuit and pipe line of instrumentation system shall be made. A master pipe line layout shall be made covering the pipe lines over the entire facility area in a single drawing. For the sake of better legibility, segmental pipe-line lay-out drawings shall be made in convenient numbers of segments of any area showing all the pipelines in a magnified scale. The 3-dimensional isometric drawings of the individual pipe-line segments and the necessary pipe stress analysis accounting critical operating conditions shall be made. The drawings shall be fully dimensioned and show the locations of fittings, flow components, instruments, pipe supports, etc. Each isomeric drawing shall contain the detailed Bill of Materials (BOM). The drawings shall be made on appropriate CAD software and provided to the Department (soft and hard copy).','2023-07-31 19:25:58','2023-07-31 19:25:58'),(32,1,1,2,2,1,'PS','Painting Procedures','A detailed procedure that defines the painting operation to be done after cleaning of the PRV.','2023-07-31 19:25:58','2023-07-31 19:25:58'),(33,1,1,2,2,1,'QCR','Quality Control Reports','Quality control reports including dimensional measurements, material tests, non-destructive and destructive tests, etc.','2023-07-31 19:25:58','2023-07-31 19:25:58'),(34,1,1,2,2,1,'QMP','Quality Management Plan','A document that specifies quality standards, practices, resources, specifications, and the sequence of activities relevant to a PRV, in accordance with ISO 9001.','2023-07-31 19:25:58','2023-07-31 19:25:58'),(35,1,1,2,2,1,'RMP','Risk Management Plan','A document that defines the CONTRACTOR processes to identify and manage the risks during the contract.','2023-07-31 19:25:58','2023-07-31 19:25:58'),(36,1,1,2,2,1,'SCTR','Subsystem/component Test Reports','Any test result available for subsystem/component level needed for verification activities.','2023-07-31 19:25:59','2023-07-31 19:25:59'),(37,1,1,2,2,1,'SPL','Spare Parts List','The priced list of Spare Parts to keep the functionality of the Pressure Regulating Valve above 97%','2023-07-31 19:25:59','2023-07-31 19:25:59'),(38,1,1,2,2,1,'TDAB','As built technical drawings','Technical drawings and solid models (if available) as built.','2023-07-31 19:25:59','2023-07-31 19:25:59'),(39,1,1,2,2,1,'TDAI','As Installed Technical Drawings','Technical drawings and solid models (if available) as installed in the facility. ','2023-07-31 19:25:59','2023-07-31 19:25:59'),(40,1,1,2,2,1,'TPIR','Third Party Inspection Report','A document according to BS EN ISO/IEC 17020:2012 that contains conformity assessment of Third Party on the Pressure Regulating Valve manufacture, final inspection and testing ','2023-07-31 19:25:59','2023-07-31 19:25:59'),(41,1,1,2,2,1,'VCD','Verification Control Document','A document that traces the verification of requirements throughout the design and testing. ','2023-07-31 19:25:59','2023-07-31 19:25:59'),(42,1,1,2,2,1,'VR','Verification Report','All the evidence for verification of the requirements whose verification methods are design/analyses, analogy, examination and demonstration. Where necessary the Verification Report presents the results of the previous test results conducted on a Valve Assembly from the same family with the one that is specified in the 199-159202-001 document. ','2023-07-31 19:25:59','2023-07-31 19:25:59'),(43,1,1,2,2,1,'WPQR','Welding Procedure Qualification Report','A qualification report of welding procedures in accordance with ASME Boiler and Pressure Vessel Code Sec. IX. WPQR shall be approved by a Recognized Third Party.','2023-07-31 19:25:59','2023-07-31 19:25:59'),(44,1,1,2,2,1,'WPS','Welding Procedure Specification','Detailed specification of welding procedures in accordance with ASME Boiler and Pressure Vessel Code Sec. IX.','2023-07-31 19:25:59','2023-07-31 19:25:59');
/*!40000 ALTER TABLE `pocs` ENABLE KEYS */;
UNLOCK TABLES;

--
-- Table structure for table `project_user`
--

DROP TABLE IF EXISTS `project_user`;
/*!40101 SET @saved_cs_client     = @@character_set_client */;
/*!50503 SET character_set_client = utf8mb4 */;
CREATE TABLE `project_user` (
  `project_id` bigint unsigned NOT NULL,
  `user_id` bigint unsigned NOT NULL,
  `created_at` timestamp NULL DEFAULT NULL,
  `updated_at` timestamp NULL DEFAULT NULL,
  KEY `project_user_project_id_foreign` (`project_id`),
  KEY `project_user_user_id_foreign` (`user_id`),
  CONSTRAINT `project_user_project_id_foreign` FOREIGN KEY (`project_id`) REFERENCES `projects` (`id`) ON DELETE CASCADE,
  CONSTRAINT `project_user_user_id_foreign` FOREIGN KEY (`user_id`) REFERENCES `users` (`id`) ON DELETE CASCADE
) ENGINE=InnoDB DEFAULT CHARSET=utf8mb4 COLLATE=utf8mb4_unicode_ci;
/*!40101 SET character_set_client = @saved_cs_client */;

--
-- Dumping data for table `project_user`
--

LOCK TABLES `project_user` WRITE;
/*!40000 ALTER TABLE `project_user` DISABLE KEYS */;
INSERT INTO `project_user` VALUES (2,8,'2023-11-12 11:07:06','2023-11-12 11:07:06');
/*!40000 ALTER TABLE `project_user` ENABLE KEYS */;
UNLOCK TABLES;

--
-- Table structure for table `projects`
--

DROP TABLE IF EXISTS `projects`;
/*!40101 SET @saved_cs_client     = @@character_set_client */;
/*!50503 SET character_set_client = utf8mb4 */;
CREATE TABLE `projects` (
  `id` bigint unsigned NOT NULL AUTO_INCREMENT,
  `updated_uid` int NOT NULL,
  `user_id` bigint unsigned NOT NULL,
  `company_id` bigint unsigned NOT NULL,
  `code` varchar(255) COLLATE utf8mb4_unicode_ci NOT NULL,
  `title` varchar(255) COLLATE utf8mb4_unicode_ci NOT NULL,
  `created_at` timestamp NULL DEFAULT NULL,
  `updated_at` timestamp NULL DEFAULT NULL,
  PRIMARY KEY (`id`)
) ENGINE=InnoDB AUTO_INCREMENT=4 DEFAULT CHARSET=utf8mb4 COLLATE=utf8mb4_unicode_ci;
/*!40101 SET character_set_client = @saved_cs_client */;

--
-- Dumping data for table `projects`
--

LOCK TABLES `projects` WRITE;
/*!40000 ALTER TABLE `projects` DISABLE KEYS */;
INSERT INTO `projects` VALUES (1,1,1,1,'AppProject','Generic Project for App','2023-10-29 12:06:45','2023-10-29 12:06:45'),(2,1,1,2,'YHRT','Yüksek Hızlı Rüzgar Tüneli Projesi','2023-07-31 19:15:13','2023-07-31 19:15:13'),(3,1,1,3,'MTDP','Mastech Deneme Projesi','2023-10-29 12:06:45','2023-10-29 12:06:45');
/*!40000 ALTER TABLE `projects` ENABLE KEYS */;
UNLOCK TABLES;

--
-- Table structure for table `requirements`
--

DROP TABLE IF EXISTS `requirements`;
/*!40101 SET @saved_cs_client     = @@character_set_client */;
/*!50503 SET character_set_client = utf8mb4 */;
CREATE TABLE `requirements` (
  `id` bigint unsigned NOT NULL AUTO_INCREMENT,
  `updated_uid` int NOT NULL,
  `user_id` bigint unsigned NOT NULL,
  `company_id` bigint unsigned NOT NULL,
  `project_id` bigint unsigned NOT NULL,
  `endproduct_id` bigint unsigned DEFAULT NULL,
  `requirement_no` int NOT NULL,
  `revision` int NOT NULL DEFAULT '1',
  `is_latest` tinyint(1) NOT NULL DEFAULT '1',
  `cross_ref_no` varchar(255) COLLATE utf8mb4_unicode_ci DEFAULT NULL,
  `rtype` varchar(255) COLLATE utf8mb4_unicode_ci NOT NULL,
  `source` varchar(255) COLLATE utf8mb4_unicode_ci DEFAULT NULL,
  `text` text COLLATE utf8mb4_unicode_ci NOT NULL,
  `remarks` text COLLATE utf8mb4_unicode_ci,
  `status` varchar(255) COLLATE utf8mb4_unicode_ci NOT NULL DEFAULT 'Verbatim',
  `created_at` timestamp NULL DEFAULT NULL,
  `updated_at` timestamp NULL DEFAULT NULL,
  PRIMARY KEY (`id`)
) ENGINE=InnoDB AUTO_INCREMENT=302 DEFAULT CHARSET=utf8mb4 COLLATE=utf8mb4_unicode_ci;
/*!40101 SET character_set_client = @saved_cs_client */;

--
-- Dumping data for table `requirements`
--

LOCK TABLES `requirements` WRITE;
/*!40000 ALTER TABLE `requirements` DISABLE KEYS */;
INSERT INTO `requirements` VALUES (1,1,1,2,2,1,1,1,1,'GR-1','GR','RFP','<p>Unless otherwise stated, the security clearance level for the project shall be UNCLASSFIED.</p>',NULL,'Verbatim','2023-07-01 04:33:31','2023-07-02 20:44:12'),(2,1,1,2,2,1,2,1,1,'GR-2','GR','RFP','<p>The CONTRACTOR shall have PED 2014/68/EU certificate issued by an accredited organization.</p>',NULL,'Verbatim','2023-07-01 04:33:31','2023-07-02 20:44:23'),(3,1,1,2,2,1,3,1,1,'GR-3','GR','RFP','<p>The components and systems shall be complete in all details in accordance with requirements matrix and all its references to satisfy the performance requirements, where specified.</p>',NULL,'Verbatim','2023-07-01 04:33:31','2023-07-02 20:44:32'),(4,1,1,2,2,1,4,1,1,'GR-4','GR','RFP','<p>The supplies to be delivered within the scope of this project shall be new, not used or refurbished.</p><ul><li>GR-4.1 The materials, equipment methods of construction and installation shall conform to the applicable standards cited in this document, 199-159202-001 and all the annexes, and applicable ASME and EN standards and specifications.</li><li>GR-4.2 The CONTRACTOR shall prove with EN 10204 3.1 Certificate(s) and other quality recordings (if present) that the raw materials and bought out items are in accordance with the Contract and all its Annexes and all its references.</li><li>GR-4.3 The CONTRACTOR shall only proceed with manufacturing, if the raw material are approved by the ADMINISTRATION.</li><li>GR-4.4 Only raw materials and bought out items designated as authentic (not counterfeit) in accordance with SAE AS 6174 shall be used in the PRV.</li><li>GR-4.5 All materials used in the construction of the PRV components and other equipment shall be examined and tested at the mills in accordance with the requirements established by the material specifications.</li><li>GR-4.6 Reports of all mill tests, including analyses and physical tests, shall be retained by the CONTRACTOR and submitted to the ADMINISTRATION upon request at any time during the course of the Contract.</li><li>GR-4.7 The CONTRACTOR shall maintain an effective means of identification of material from time it is shipped from the mill to the time it is fabricated in the shop or assembled in the field.</li></ul>',NULL,'Verbatim','2023-07-01 04:33:31','2023-07-03 18:31:17'),(5,1,1,2,2,1,5,1,1,'GR-5','GR','RFP','<p>CONTRACTOR shall prepare documents given in 001-159202-001-R01 Statement of Work and deliver them in accordance with the data packages and schedules as defined in 019-159202-001-R02 Project and Deliveries Schedules</p><ul><li>GR-5.1 All project documentation to be delivered to the ADMINISTRATION shall be in digital format and accessible by using Adobe PDF Viewer in addition to the single signed and&nbsp;stamped printed copy, unless otherwise stated by the ADMINISTRATION,</li><li>GR-5.2 All project documentation to be delivered to the ADMINISTRATION shall be in&nbsp;English or Turkish,</li><li>GR-5.3 CAD drawings to be delivered to the ADMINISTRATION, .dwg format and .x_t&nbsp;parts shall be provided, unless other format is declared by ADMINISTRATION during the course&nbsp;of the project.</li></ul>',NULL,'Verbatim','2023-07-01 04:33:31','2023-07-03 18:31:58'),(6,1,1,2,2,1,6,1,1,'GR-6','GR','RFP','<p>Approval by the ADMINISTRATION of the CONTRACTOR\'s drawings and documents shall not relieve the CONTRACTOR from the responsibility for any error or omission therein, or from&nbsp;any obligation or liability under the Contract.</p>',NULL,'Verbatim','2023-07-01 04:33:31','2023-07-02 20:44:59'),(7,1,1,2,2,1,7,1,1,'GR-7','GR','RFP','<p>The CONTRACTOR shall work with a Recognized Third Party for the conformity assessment on the Pressure Regulating Valve manufacture, final inspection and testing.</p><ul><li>GR-7.1 The Recognized Third Party is subject to ADMINISTRATION approval.</li><li>GR-7.2 During the course of the contract, ADMINISTRATION has right to change the Recognized Third Party anytime. In such a case all the associated costs shall be covered by the CONTRACTOR and selection of the new Recognized Third Party is subject to&nbsp;GR-7.1</li></ul>',NULL,'Verbatim','2023-07-01 04:33:31','2023-07-03 18:32:37'),(8,1,1,2,2,1,8,1,1,'GR-8','GR','RFP','<p>For any activity to be held at CONTRACTOR or CONTRACTOR’s subcontractor facility for which ADMINISTRATION representative(s) will be present, CONTRACTOR shall be responsible for arranging transportation to and from the facility for ADMINISTRATION representative(s)&nbsp;(excluding airline tickets and transportation within Turkey).</p>',NULL,'Verbatim','2023-07-01 04:33:31','2023-07-02 20:45:29'),(9,1,1,2,2,1,9,1,1,'GR-9','GR','RFP','<p>For any activity to be held at CONTRACTOR or CONTRACTOR’s subcontractor facility for which ADMINISTRATION representative(s) will be present, CONTRACTOR shall be responsible for arranging decent and internationally recognized accommodation for ADMINISTRATION&nbsp;representative(s).</p>',NULL,'Verbatim','2023-07-01 04:33:31','2023-07-02 20:45:39'),(10,1,1,2,2,1,10,1,1,'GR-10','GR','RFP','<p>CONTRACTOR shall manage the technical requirements defined in 199-159202-001-R02 Specifications and Requirements.</p><ul><li>GR-10.1 If any derived requirement is devised during the course of the project, CONTRACTOR shall update the list of requirements and submit the new requirement for review and approval of the ADMINISTRATION.</li><li>GR-10.2 If for any reason, CONTRACTOR requests an update or cancellation of a requirement, a detailed technical explanation shall be submitted to the ADMINISTRATION for review and approval.</li></ul>',NULL,'Verbatim','2023-07-01 04:33:31','2023-07-03 18:33:14'),(11,1,1,2,2,1,11,1,1,'GR-11','GR','RFP','<p>CONTRACTOR shall submit all data packages in full for Technical Review Meetings in accordance with 019-159202-001-R02 Project and Deliveries Schedules (or DPS when approved by ADMINISTRATION).</p><ul><li>GR-11.1 Data packages shall be delivered in full at least 21 days in advance of the associated review meeting, as shown in 019-159202-001-R02 Project and Deliveries Schedules delivered with missing&nbsp;documentation will be deemed as not delivered.</li></ul>',NULL,'Verbatim','2023-07-01 04:33:31','2023-07-03 18:33:42'),(12,1,1,2,2,1,12,1,1,'GR-12','GR','RFP','<p>CONTRACTOR shall submit technical review meeting presentation with below defined detail (Technical Review Meetings are listed in 019-159202-001-R02 Project and Deliveries Schedules) at least 7 days prior to technical review&nbsp;meeting dates outlined in 019-159202-001-R02 Project and Deliveries Schedules (or DPS when approved by ADMINISTRATION)</p><ul><li>GR-12.1 Documents to be reviewed in the associated technical review</li><li>GR-12.2 Status of Verification and Validation Activities since last technical review</li><li>GR-12.3 Updates to any previously reviewed document</li></ul>',NULL,'Verbatim','2023-07-01 04:33:31','2023-07-03 18:34:12'),(13,1,1,2,2,1,13,1,1,'GR-13','GR','RFP','<p>CONTRACTOR shall revise the deliverable documents in accordance with the outcome of Technical Review Meetings within the dates shown in 019-159202-001-R02 Project and Deliveries Schedules (or DPS when approved&nbsp;by ADMINISTRATION) and re-submit them.</p>',NULL,'Verbatim','2023-07-01 04:33:31','2023-07-02 20:46:24'),(14,1,1,2,2,1,14,1,1,'GR-14','GR','RFP','<p>The CONTRACTOR may update the dates of Detailed Project Schedule (DPS) as long as the following items are respected.</p><ul><li>GR-14.1 The “End Criteria” dates defined in 019-159202-001-R02 Project and Deliveries Schedules shall remain unchanged, unless approved by ADMINISTRATION per Contract clauses.</li><li>GR-14.2 GR-11.1 is respected.</li><li>GR-14.3 CONTRACTOR shall submit their update request for date of any meeting or test&nbsp;requiring participation of ADMINISTRATION, at least eight (8) weeks in advance.</li></ul>',NULL,'Verbatim','2023-07-01 04:33:31','2023-07-03 18:35:14'),(15,1,1,2,2,1,15,1,1,'GR-15','GR','RFP','<p>The CONTRACTOR shall report project progress on DPS and submit to&nbsp;ADMINISTRATION for review during Project Progress Meetings.</p>',NULL,'Verbatim','2023-07-01 04:33:31','2023-07-02 20:49:26'),(16,1,1,2,2,1,16,1,1,'GR-16','GR','RFP','<p>The CONTRACTOR shall have a Quality Management System in accordance with ISO 9001, AS9100 or equivalent.</p><ul><li>GR-16.1 The Contractor shall maintain and when necessary, update the Quality Management Plan throughout the term of the Contract, and provide the updated Quality Plan to&nbsp;the Contracting Entity for approval.</li></ul>',NULL,'Verbatim','2023-07-01 04:33:31','2023-07-02 20:50:26'),(17,1,1,2,2,1,17,1,1,'GR-17','GR','RFP','<p>The CONTRACTOR shall designate an experienced and knowledgeful engineer (demonstrated similar role experience on a similar project) of his as Quality Assurance Representative, latest by Kick – off meeting.</p><ul><li>GR-17.1 Quality Assurance Representative shall have completed standard training as referenced by the quality management system of the CONTRACTOR.</li><li>GR-17.2 Quality Assurance Representative shall be responsible for assuring all the processes and the final product (PRV) is in accordance with Contract and all of its annexes and references.</li><li>GR-17.3 In case the Quality Assurance Representative is replaced by the CONTRACTOR for any reason, the change shall be made known to the ADMINISTRATION at most within two (2) weeks.</li><li>GR-17.4 The ADMINISTRATION has every right to request the replacement of the Quality Assurance Representative at any time. In this case the CONTRACTOR shall designate a new&nbsp;Quality Assurance Representative at most within two (2) weeks.</li></ul>',NULL,'Verbatim','2023-07-01 04:33:31','2023-07-02 20:52:08'),(18,1,1,2,2,1,18,1,1,'GR-18','GR','RFP','<p>The CONTRACTOR shall employ qualified and trained quality control personnel with at&nbsp;least 2 years’ experience for the use of CMM (Coordinate Measuring Machines), optical scanning and other special devices.</p><ul><li>GR-18.1 The CONTRACTOR shall submit proof of training, qualification and experience&nbsp;if and when asked by the ADMINISTRATION.</li></ul>',NULL,'Verbatim','2023-07-01 04:33:31','2023-07-02 20:53:45'),(19,1,1,2,2,1,19,1,1,'GR-19','GR','RFP','<p>All changes shall be configuration controlled and subject to ADMINISTRATION approval&nbsp;after CMR.</p>',NULL,'Verbatim','2023-07-01 04:33:31','2023-07-02 20:54:34'),(20,1,1,2,2,1,20,1,1,'GR-20','GR','RFP','<p>The CONTRACTOR shall record all the critical manufacturing and testing activities with at least HD video cameras and submit recordings to the ADMINISTRATION as a part of the&nbsp;associated data package.</p>',NULL,'Verbatim','2023-07-01 04:33:31','2023-07-02 20:55:10'),(21,1,1,2,2,1,21,1,1,'GR-21','GR','RFP','<p>The CONTRACTOR shall pack the deliverables to keep them free of damage with appropriate shock and temperature sensors, etc. for the transfer of the deliveries to TÜBİTAK-SAGE&nbsp;Facility in Ankara.</p>',NULL,'Verbatim','2023-07-01 04:33:31','2023-07-02 20:56:36'),(22,1,1,2,2,1,22,1,1,'GR-22','GR','RFP','<p>The CONTRACTOR may transport the Pressure Regulating Valve as major components, i.e. Valve Body, hydraulic cylinder, etc. In this case, the CONTRACTOR shall provide all the gaskets, bolts and necessary equipment required for assembling of the Pressure Regulating&nbsp;Valve.</p>',NULL,'Verbatim','2023-07-01 04:33:31','2023-07-02 20:58:48'),(23,1,1,2,2,1,23,1,1,'GR-23','GR','RFP','<p>Marking and traceability labels shall be put on the Pressure Assembly Valve and all the parts of it and on their packages describing, at least, “Item Description”, “Model”, “Part Number”, “Part Number Revision Number”, “Serial Number”, “Manufacturing Date”, “Company Name” and etc.&nbsp;in English.</p>',NULL,'Verbatim','2023-07-01 04:33:31','2023-07-02 21:01:00'),(24,1,1,2,2,1,24,1,1,'GR-24','GR','RFP','<p>The CONTRACTOR shall make the equipment package and preparation suitable for at least 6 months of outdoor storage with no maintenance requirement, starting from packaging date&nbsp;at either ADMINISTRATION or CONTRACTOR facilities.</p>',NULL,'Verbatim','2023-07-01 04:33:31','2023-07-02 21:02:01'),(25,1,1,2,2,1,25,1,1,'GR-25','GR','RFP','<p>CONTRACTOR shall ship the PRV only after written consent (Authorization to Ship) from&nbsp;ADMINISTRATION.</p>',NULL,'Verbatim','2023-07-01 04:33:31','2023-07-02 21:04:42'),(26,1,1,2,2,1,26,1,1,'GR-26','GR','RFP','<p>The CONTRACTOR shall warrant that all supplies with installed accessories, equipment and components shall be free of defects in design, materials, installation and/or workmanship and shall conform to all requirements of the 199-159202-001-R02 Specifications and Requirements for a period of forty-eight (48) calendar months after the date of OSAT sub-phase end 019-159202-001-R02 Project and Deliveries Schedules.</p><ul><li>GR-26.1 Conditions resulting from normal wear and tear, and the need for regular&nbsp;maintenance and overhaul, shall not constitute a defect under this warranty.</li></ul>',NULL,'Verbatim','2023-07-01 04:33:31','2023-07-02 21:07:25'),(27,1,1,2,2,1,27,1,1,'GR-27','GR','RFP','<p>The CONTRACTOR shall provide repair and maintenance services as per the&nbsp;ADMINISTRATION\'s requests during the period of warranty.</p>',NULL,'Verbatim','2023-07-01 04:33:31','2023-07-02 21:08:21'),(28,1,1,2,2,1,28,1,1,'GR-28','GR','RFP','<p>In case the requirement for repair and maintenance is due to misuse of the PRV by the ADMINISTRATION the CONTRACTOR may charge the cost of provided services.</p>',NULL,'Verbatim','2023-07-01 04:33:31','2023-07-02 21:08:51'),(29,1,1,2,2,1,29,1,1,'GR-29','GR','RFP','<p>The CONTRACTOR shall provide supply of spare parts during the warranty period.</p>',NULL,'Verbatim','2023-07-01 04:33:31','2023-07-02 21:09:19'),(30,1,1,2,2,1,30,1,1,'GR-30','GR','RFP','<p>Non-destructive inspection and quality control activities shall be conducted (at least Level 1) and approved (at least Level 2) by trained and certified (in accordance with standards such as EN ISO 9712, AISI/ASNT-CP-189, SNT-TC-1A, NAS 410, etc.) personnel of the CONTRACTOR.</p>',NULL,'Verbatim','2023-07-01 04:33:31','2023-07-02 21:09:50'),(31,1,1,2,2,1,31,1,1,'GR-31','GR','RFP','<p>All quality control equipment used</p><ul><li>GR-31.1 shall be traceable by a unique code/name.</li><li>GR-31.2 shall be calibrated and verified in accordance with ISO/IEC 17025, as to be proved by the CONTRACTOR with the associated records and certificates.</li><li>GR-31.3 Shall have calibration periods at most 1 (one) year</li></ul>',NULL,'Verbatim','2023-07-01 04:33:31','2023-07-02 21:11:11'),(32,1,1,2,2,1,32,1,1,'GR-32','GR','RFP','<p>Any special tools made by the Contractor, such as wrenches, fixtures, shims, etc., required to assemble, adjust, align or maintain the equipment shall become the property of the ADMINISTRATION.</p>',NULL,'Verbatim','2023-07-01 04:33:31','2023-07-02 21:12:08'),(33,1,1,2,2,1,33,1,1,'GR-33','GR','RFP','<p>At least 10% additional part shall be provided for tube fittings, pipe fittings, shims, bolts, screws, nuts, etc.</p>',NULL,'Verbatim','2023-07-01 04:33:31','2023-07-02 21:12:38'),(34,1,1,2,2,1,34,1,1,'GR-34','GR','RFP','<p>All the measurement equipment (sensors, switches, gauges, and others) shall be&nbsp;delivered with valid calibration certificates.</p>',NULL,'Verbatim','2023-07-01 04:33:31','2023-07-02 21:13:00'),(35,1,1,2,2,1,35,1,1,'REQ-000418','TR','RFP','The design pressure of the PRV shall be no less than 21 barg.',NULL,'Verbatim','2023-07-01 04:33:31','2023-07-01 04:33:31'),(36,1,1,2,2,1,36,1,1,'REQ-000419','TR','RFP','The PRV Assembly shall survive in a temperature range equal to or larger than -20 to 40 Degrees C temperature range.',NULL,'Verbatim','2023-07-01 04:33:31','2023-07-01 04:33:31'),(37,1,1,2,2,1,37,1,1,'REQ-000420','TR','RFP','The PRV shall operate in a metal temperature range equal to or larger than 0 to +30 Degrees C temperature range.',NULL,'Verbatim','2023-07-01 04:33:31','2023-07-01 04:33:31'),(38,1,1,2,2,1,38,1,1,'REQ-000421','TR','RFP','The PRV shall operate in a working fluid temperature range equal to or larger than 0 to +60 Degree C temperature range.',NULL,'Verbatim','2023-07-01 04:33:31','2023-07-01 04:33:31'),(39,1,1,2,2,1,39,1,1,'REQ-000422','TR','RFP','The PRV shall operate with a temperature differential of at least 50 degrees Celcius between working fluid temperature and metal temperature.',NULL,'Verbatim','2023-07-01 04:33:31','2023-07-01 04:33:31'),(40,1,1,2,2,1,40,1,1,'REQ-000423','TR','RFP','The PRV Assembly shall operate with a 0% to 100% relative humidity range.',NULL,'Verbatim','2023-07-01 04:33:31','2023-07-01 04:33:31'),(41,1,1,2,2,1,41,1,1,'REQ-000424','TR','RFP','The PRV Assembly shall operate for the following full stroke duty cycles combined for overall lifetime:* 1.5 seconds continuous operation, 120 cycles * 6 seconds continuous operation w/ 1-hour-intervals, 1,000 cycles * 100 seconds continuous operation',NULL,'Verbatim','2023-07-01 04:33:31','2023-07-01 04:33:31'),(42,1,1,2,2,1,42,1,1,'REQ-000425','TR','RFP','All fabricated parts shall be of a continuously welded or machined steel construction unless shown otherwise.',NULL,'Verbatim','2023-07-01 04:33:31','2023-07-01 04:33:31'),(43,1,1,2,2,1,43,1,1,'REQ-000426','TR','RFP','Bolted connections shall be used only where shown on the drawings.',NULL,'Verbatim','2023-07-01 04:33:31','2023-07-01 04:33:31'),(44,1,1,2,2,1,44,1,1,'REQ-000427','TR','RFP','All materials and finished parts shall be sound and free from internal and external defects such as cracks, laminations, blowholes, inclusions, porosity, lack of welding penetration, undercutting and other defects that may affect strength, soundness or surface finish.',NULL,'Verbatim','2023-07-01 04:33:31','2023-07-01 04:33:31'),(45,1,1,2,2,1,45,1,1,'REQ-000428','TR','RFP','All raw materials acquired shall be in accordance with the ASME-BPVC,Section-II unless otherwise specified.',NULL,'Verbatim','2023-07-01 04:33:31','2023-07-01 04:33:31'),(46,1,1,2,2,1,46,1,1,'REQ-000429','TR','RFP','<p>All raw materials acquired for manufacturing of the Perforated Sleeve shall be in accordance with SA-182F316 unless otherwise specified. In case of identical specification, however, ASME material specification could be replaced by ASTM material specification.</p>',NULL,'Verbatim','2023-07-01 04:33:31','2023-07-03 18:38:05'),(47,1,1,2,2,1,47,1,1,'REQ-000430','TR','RFP','All the flanges and forgings acquired shall be in accordance with SA-105N+S5 unless otherwise specified. In case of identical specification, however, ASME material specification could be replaced by ASTM material specification.',NULL,'Verbatim','2023-07-01 04:33:31','2023-07-01 04:33:31'),(48,1,1,2,2,1,48,1,1,'REQ-000431','TR','RFP','All plate materials acquired shall be in accordance with SA-516-70 unless otherwise specified. In case of identical specification, however, ASME material specification could be replaced by ASTM material specification.',NULL,'Verbatim','2023-07-01 04:33:31','2023-07-01 04:33:31'),(49,1,1,2,2,1,49,1,1,'REQ-000432','TR','RFP','All welding materials used shall be certified and tested in accordance with the requirements of the ASME-BPVC,Section-IX.',NULL,'Verbatim','2023-07-01 04:33:31','2023-07-01 04:33:31'),(50,1,1,2,2,1,50,1,1,'REQ-000433','TR','RFP','<p>For all materials acquired inspection documents as per EN-10204-Type3.1 shall be provided.</p>',NULL,'Verbatim','2023-07-01 04:33:31','2023-07-03 18:39:08'),(51,1,1,2,2,1,51,1,1,'REQ-000434','TR','RFP','<p>Welding of pressure parts shall be by the metallic electric arc process and shall conform to the applicable provisions of the ASME-BPVC,Sec-IX(and/or-AWS-D14.4); whichever is tighter.</p>',NULL,'Verbatim','2023-07-01 04:33:31','2023-07-03 18:40:31'),(52,1,1,2,2,1,52,1,1,'REQ-000435','TR','RFP','All electrodes used for welding shall be of the low-hydrogen type.',NULL,'Verbatim','2023-07-01 04:33:31','2023-07-01 04:33:31'),(53,1,1,2,2,1,53,1,1,'REQ-000436','TR','RFP','All butt-welds shall be continuous and of 100% penetration unless otherwise shown on the drawings.',NULL,'Verbatim','2023-07-01 04:33:31','2023-07-01 04:33:31'),(54,1,1,2,2,1,54,1,1,'REQ-000437','TR','RFP','All butt-welds shall be inspected as per ASME procedures valid for assumed welding joint efficiency of 1.',NULL,'Verbatim','2023-07-01 04:33:31','2023-07-01 04:33:31'),(55,1,1,2,2,1,55,1,1,'REQ-000438','TR','RFP','During the fabrication of built-up members, all butt-welds in each component shall be completed before such a component is welded to other parts of the welded assembly.',NULL,'Verbatim','2023-07-01 04:33:31','2023-07-01 04:33:31'),(56,1,1,2,2,1,56,1,1,'REQ-000439','TR','RFP','<p>Weld sizes shall be as specified on the manufacturing drawings and welds shall be free of excessive convexity and undercut. The convexity of fillet welds shall not exceed the value,&nbsp;</p><p>(Convexity) C = 0.21S + 0.75 (mm)&nbsp;</p><p>where S is the weld size.&nbsp;</p><p>The height of reinforcement on butt-welds shall not exceed 1.5 mm on plates up to 15 mm in thickness, and 3 mm on plates over 15 mm in thickness. Weld edges shall indicate thorough fusion.</p>',NULL,'Verbatim','2023-07-01 04:33:31','2023-07-03 18:42:23'),(57,1,1,2,2,1,57,1,1,'REQ-000440','TR','RFP','<p>Welds shall be free of splatter, slag, excessive oxides and arc scars.</p>',NULL,'Verbatim','2023-07-01 04:33:31','2023-07-03 18:42:40'),(58,1,1,2,2,1,58,1,1,'REQ-000441','TR','RFP','Weld beads shall be free of pin holes and surface cracks and shall have uniform surface ripples and little or no indication of the starting location of a new section of filler metal.',NULL,'Verbatim','2023-07-01 04:33:31','2023-07-01 04:33:31'),(59,1,1,2,2,1,59,1,1,'REQ-000442','TR','RFP','Welds that make up the airline surface shall be ground to continue to follow the airline surface with a maximum allowed variation and protrusion of 1 mm out of and into the airflow.',NULL,'Verbatim','2023-07-01 04:33:31','2023-07-01 04:33:31'),(60,1,1,2,2,1,60,1,1,'REQ-000443','TR','RFP','Shop fabricated portions shall be stress-relieved before shipping to the Site.',NULL,'Verbatim','2023-07-01 04:33:31','2023-07-01 04:33:31'),(61,1,1,2,2,1,61,1,1,'REQ-000444','TR','RFP','All stress relieving processes shall comply with the ASME-BPVC,Section-VIII,Division1,UCS-56&UHA-32.',NULL,'Verbatim','2023-07-01 04:33:31','2023-07-01 04:33:31'),(62,1,1,2,2,1,62,1,1,'REQ-000445','TR','RFP','Welding operators employed by the CONTRACTOR shall be certified as per EN-ISO-9606-1 standard or equivalent.',NULL,'Verbatim','2023-07-01 04:33:31','2023-07-01 04:33:31'),(63,1,1,2,2,1,63,1,1,'REQ-000446','TR','RFP','Carburizing heat treatment shall be carried out on Guide-4281-156Z to achieve 53-55 HRC as the surface hardness with minimum 2mm depth of carbon fusion.',NULL,'Verbatim','2023-07-01 04:33:31','2023-07-01 04:33:31'),(64,1,1,2,2,1,64,1,1,'REQ-000447','TR','RFP','All threaded fasteners shall be zinc plated with a minimum coat as specified in ASTM-A153 .',NULL,'Verbatim','2023-07-01 04:33:31','2023-07-01 04:33:31'),(65,1,1,2,2,1,65,1,1,'REQ-000448','TR','RFP','All threaded fasteners exposed to the airflow, those at main structural connections and where specified on the drawings, shall be wire locked or secured by other approved methods.',NULL,'Verbatim','2023-07-01 04:33:31','2023-07-01 04:33:31'),(66,1,1,2,2,1,66,1,1,'REQ-000449','TR','RFP','All threaded fasteners not exposed to the airflow and where not specified on the drawings shall be positively secured using Loctite 243 or equivalent.',NULL,'Verbatim','2023-07-01 04:33:31','2023-07-01 04:33:31'),(67,1,1,2,2,1,67,1,1,'REQ-000450','TR','RFP','Strength categories of the bolts shall be grade 10.9 unless otherwise specified on the drawings (see ASTM-A193-B7/ASTM-A194-2H/ASTM-A325 ).',NULL,'Verbatim','2023-07-01 04:33:31','2023-07-01 04:33:31'),(68,1,1,2,2,1,68,1,1,'REQ-000451','TR','RFP','The tightening torque requirements for structural bolts and pressure bolts shall be as per 199-159202-0001 Appendix 2. Certain critical connections requiring special and/or high strength bolts shall be preloaded as specified on the drawings.',NULL,'Verbatim','2023-07-01 04:33:31','2023-07-01 04:33:31'),(69,1,1,2,2,1,69,1,1,'REQ-000452','TR','RFP','<p>All fasteners shall be metric.</p>',NULL,'Verbatim','2023-07-01 04:33:31','2023-07-04 16:00:40'),(70,1,1,2,2,1,70,1,1,'REQ-000453','TR','RFP','<p>For regular pitch bolting the fasteners shall be pre-stressed at most 70% of their yield strength (see TR-299).</p>',NULL,'Verbatim','2023-07-01 04:33:31','2023-07-03 18:47:34'),(71,1,1,2,2,1,71,1,1,'REQ-000454','TR','RFP','<p>For regular pressure bolting the fasteners shall be pre-stressed at most 60% of their yield strength (see TR-300).</p>',NULL,'Verbatim','2023-07-01 04:33:31','2023-07-03 18:49:02'),(72,1,1,2,2,1,72,1,1,'REQ-000455','TR','RFP','Shims shall be cold rolled or machined material of uniform thickness.',NULL,'Verbatim','2023-07-01 04:33:31','2023-07-01 04:33:31'),(73,1,1,2,2,1,73,1,1,'REQ-000456','TR','RFP','Steps into and out of the airflow direction shall be limited to 1mm.',NULL,'Verbatim','2023-07-01 04:33:31','2023-07-01 04:33:31'),(74,1,1,2,2,1,74,1,1,'REQ-000457','TR','RFP','Alignment shall be in accordance with the specs given in Drawing 4281-103.',NULL,'Verbatim','2023-07-01 04:33:31','2023-07-01 04:33:31'),(75,1,1,2,2,1,75,1,1,'REQ-000458','TR','RFP','<p>The Contractor shall select a complete corrosion protection system to achieve a minimum protection category of \"<i>C4 (High), Warm Temperate per ISO-12944-2</i>\" for both airline surfaces, interior surfaces and exposed exterior surfaces of all components Airline surfaces have been outlined in the reference drawing 4281-101).</p>',NULL,'Verbatim','2023-07-01 04:33:31','2023-07-03 18:51:50'),(76,1,1,2,2,1,76,1,1,'REQ-000459','TR','RFP','The color of the paint to be applied to the airline surfaces shall be TBA.',NULL,'Verbatim','2023-07-01 04:33:31','2023-07-01 04:33:31'),(77,1,1,2,2,1,77,1,1,'REQ-000460','TR','RFP','The color of the paint to be applied to the outside surfaces shall be TBA.',NULL,'Verbatim','2023-07-01 04:33:31','2023-07-01 04:33:31'),(78,1,1,2,2,1,78,1,1,'REQ-000461','TR','RFP','All machined working surfaces subject to rolling, rotating or sliding motions shall be protected against corrosion by methods acceptable to the Administration.',NULL,'Verbatim','2023-07-01 04:33:31','2023-07-01 04:33:31'),(79,1,1,2,2,1,79,1,1,'REQ-000462','TR','RFP','<p>All the welds in the pressure shell components of the PRV assembly (except hydraulic cylinder, refer to TR-229) shall be 100% radiographically examined in accordance with the ASME-BPVC,Section-VIII,Division-1,UW-51 . Any applicable local standards shall also be adhered to. Weld acceptability, repairs and re-examination shall be as defined in paragraph UW-51.</p>',NULL,'Verbatim','2023-07-01 04:33:31','2023-07-04 15:56:07'),(80,1,1,2,2,1,80,1,1,'REQ-000463','TR','RFP','All welds, except the welds in the pressure shell components of the PRV assembly, shall be subjected to spot radiographic examination as defined in paragraph UW-52 of the ASME-BPVC,Section-VIII,Division-1 . Any applicable local standards shall also be adhered to. The location of the spots to be examined shall be selected by the principal.',NULL,'Verbatim','2023-07-01 04:33:31','2023-07-01 04:33:31'),(81,1,1,2,2,1,81,1,1,'REQ-000464','TR','RFP','One spot shall be examined in the first 15 m of welding by each welding operator or welder, in accordance with ASME-BPVC,Section-VIII,UW-51 and/or ASME-BPVC, Section VIII, UW-52.',NULL,'Verbatim','2023-07-01 04:33:31','2023-07-01 04:33:31'),(82,1,1,2,2,1,82,1,1,'REQ-000466','TR','RFP','The radiographic quality level required for these examinations shall be 2% (2-2T), as defined under the ASTM-Specification-E94-62T.',NULL,'Verbatim','2023-07-01 04:33:31','2023-07-01 04:33:31'),(83,1,1,2,2,1,83,1,1,'REQ-000467','TR','RFP','<p>Acceptability of welds examined by spot radiography shall be judged by the standards specified under ASME-BPVC,Section-VIII,UW-52 . Repairs to any welds rejected under examination shall be made, using qualified procedures and after approval of Administration</p>',NULL,'Verbatim','2023-07-01 04:33:31','2023-07-03 17:03:03'),(84,1,1,2,2,1,84,1,1,'REQ-000468','TR','RFP','100% Magnetic Particle Testing shall be applied on all welds and machined surfaces.',NULL,'Verbatim','2023-07-01 04:33:31','2023-07-01 04:33:31'),(85,1,1,2,2,1,85,1,1,'REQ-000469','TR','RFP','The outer shell and flanges of the PRV shall be subjected to a hydrostatic test in accordance with ASME-BPVC-Section-VIII,Division-1,UG-99b with demineralized water of 25 PPM maximum allowable chlorine for at least 1 hour.',NULL,'Verbatim','2023-07-01 04:33:31','2023-07-01 04:33:31'),(86,1,1,2,2,1,86,1,1,'REQ-000470','TR','RFP','The hydrostatic test shall be performed on temporary supports designed and manufactured by the Contractor. The Flexible Supports defined in drawing 4281-158A are NOT capable of withstanding the loads during the hydrostatic testing.',NULL,'Verbatim','2023-07-01 04:33:31','2023-07-01 04:33:31'),(87,1,1,2,2,1,87,1,1,'REQ-000471','TR','RFP','Inner surface of the outer shell and flanges of the PRV shall be cleaned to a level of at least 500 mg/m2 accordance with BS EN ISO 23208:2019',NULL,'Verbatim','2023-07-01 04:33:31','2023-07-01 04:33:31'),(88,1,1,2,2,1,88,1,1,'REQ-000472','TR','RFP','The contractor shall perform a vacuum leak test of the sealed hydraulic cylinder cavity before the installation of the cylinder and piping. A vacuum pump shall be connected to the external venting conduit. All other passages through the stators shall be sealed. The vacuum pump shall be used to draw the cavity down to 0.2 bara simulating external pressure on the sealed cavity and the vacuum pump shall then be shut. The pressure shall be held for a minimum of 30 minutes. During the 30-minute test, the pressure shall not rise by more than 0.05 bar.',NULL,'Verbatim','2023-07-01 04:33:31','2023-07-01 04:33:31'),(89,1,1,2,2,1,89,1,1,'REQ-000473','TR','RFP','<p>The CONTRACTOR shall perform a test for fit and alignment of the PRV. The valve shall be set in a horizontal position and shall be driven through its full stroke a for a minimum of 500 cycles. After each cycle, the perforated cylinder shall be inspected.</p>',NULL,'Verbatim','2023-07-01 04:33:31','2023-07-03 18:53:58'),(90,1,1,2,2,1,90,1,1,'REQ-000474','TR','RFP','PRV shall have a complete power and control cabinet, together with all the necessary equipment, software and hardware to test, operate and maintain the PRV assembly.',NULL,'Verbatim','2023-07-01 04:33:31','2023-07-01 04:33:31'),(91,1,1,2,2,1,91,1,1,'REQ-000475','TR','RFP','<p>PRV Power and Control cabinet shall have at least one HMI to enable local manual control for wind-off test and maintenance.</p>',NULL,'Verbatim','2023-07-01 04:33:31','2023-07-03 18:54:38'),(92,1,1,2,2,1,92,1,1,'REQ-000476','TR','RFP','PRV Power and Control Cabinet HMI shall be designed such that all data regarding the status of the PRV assembly and components shall be displayed.',NULL,'Verbatim','2023-07-01 04:33:31','2023-07-01 04:33:31'),(93,1,1,2,2,1,93,1,1,'REQ-000477','TR','RFP','PRV Power and Control Cabinet shall have signal interface to relay all data regarding the status of the PRV assembly and components to Wind Tunnel Control System via TBA data protocol over TBA hardware type.',NULL,'Verbatim','2023-07-01 04:33:31','2023-07-01 04:33:31'),(94,1,1,2,2,1,94,1,1,'REQ-000478','TR','RFP','PRV Power and Control Cabinet shall have signal interface to accept remote control commands for operation from Wind Tunnel Control System via TBA data protocol over TBA hardware type.',NULL,'Verbatim','2023-07-01 04:33:31','2023-07-01 04:33:31'),(95,1,1,2,2,1,95,1,1,'REQ-000479','TR','RFP','All PRV power shall be distributed from the PRV Power and Control Cabinet.',NULL,'Verbatim','2023-07-01 04:33:31','2023-07-01 04:33:31'),(96,1,1,2,2,1,96,1,1,'REQ-000480','TR','RFP','PRV Hydraulic System Shall drive the Hydraulic Cylinder of the PRV defined by 4281-S-1440',NULL,'Verbatim','2023-07-01 04:33:31','2023-07-01 04:33:31'),(97,1,1,2,2,1,97,1,1,'REQ-000481','TR','RFP','Pump shall be designed to be capable of taking care of dual compensation that is when it is either operated in high pressure relief engaged condition or low-pressure relief (maintenance) engaged condition',NULL,'Verbatim','2023-07-01 04:33:31','2023-07-01 04:33:31'),(98,1,1,2,2,1,98,1,1,'REQ-000482','TR','RFP','The pressure regulating valve hydraulic system shall support a fine tuning of moving sleeve with no more than a tolerence of TBA, without any jerkiness or pressure impulse load trapped inside the cyclinder and by using a hydraulic servo valve.',NULL,'Verbatim','2023-07-01 04:33:31','2023-07-01 04:33:31'),(99,1,1,2,2,1,99,1,1,'REQ-000483','TR','RFP','All of the hydraulic valves/regulators to be incorporated in the hydraulic system shall have manual operation/setting with mechanical override capability.',NULL,'Verbatim','2023-07-01 04:33:31','2023-07-01 04:33:31'),(100,1,1,2,2,1,100,1,1,'REQ-000486','TR','RFP','The selected servo valve shall have a feedback circuit that tracks the live position of cylinder. Refer to drawing 4281-157-1-1.',NULL,'Verbatim','2023-07-01 04:33:31','2023-07-01 04:33:31'),(101,1,1,2,2,1,101,1,1,'REQ-000487','TR','RFP','At least one set of redundant pressure switches per both pressure line and accumulator line to ensure that circuit only works when line pressure is in high pressure relief.',NULL,'Verbatim','2023-07-01 04:33:31','2023-07-01 04:33:31'),(102,1,1,2,2,1,102,1,1,'REQ-000488','TR','RFP','The hydraulic cylinder and system shall be capable of holding the PRV sleeve during a run at any set position while under TBA load condition.',NULL,'Verbatim','2023-07-01 04:33:31','2023-07-01 04:33:31'),(103,1,1,2,2,1,103,1,1,'REQ-000489','TR','RFP','The forward and retract speeds of the moving sleeve shall be equal.',NULL,'Verbatim','2023-07-01 04:33:31','2023-07-01 04:33:31'),(104,1,1,2,2,1,104,1,1,'REQ-000490','TR','RFP','The accumulator sizing shall be done to support at least 4 times the total cylinder stroke under shut-off, emergency loading or power failure conditions, taking all contingency volumes into account.',NULL,'Verbatim','2023-07-01 04:33:31','2023-07-01 04:33:31'),(105,1,1,2,2,1,105,1,1,'REQ-000491','TR','RFP','Each and every accumulator employed within the system shall be equipped with an individual control block and a header line control block with quick drain valves.',NULL,'Verbatim','2023-07-01 04:33:31','2023-07-01 04:33:31'),(106,1,1,2,2,1,106,1,1,'REQ-000492','TR','RFP','Accumulator pre-charge pressure shall be no less than 2800 psi. Mentioned pressure shall be measured at the cylinder port.',NULL,'Verbatim','2023-07-01 04:33:31','2023-07-01 04:33:31'),(107,1,1,2,2,1,107,1,1,'REQ-000493','TR','RFP','All directional and servo valves solenoids shall be supported with an UPS backup mounted on the hydraulic skid. The UPS mentioned shall be capable of providing power to all the system for at least 400 seconds.',NULL,'Verbatim','2023-07-01 04:33:31','2023-07-01 04:33:31'),(108,1,1,2,2,1,108,1,1,'REQ-000494','TR','RFP','Priming or unloading valve shall be included in the system to provide no load run condition to the pump before loading of the pump.',NULL,'Verbatim','2023-07-01 04:33:32','2023-07-01 04:33:32'),(109,1,1,2,2,1,109,1,1,'REQ-000495','TR','RFP','The system shall be capable of providing no load working condition for the pump for a duration of at least TBA minutes.',NULL,'Verbatim','2023-07-01 04:33:32','2023-07-01 04:33:32'),(110,1,1,2,2,1,110,1,1,'REQ-000496','TR','RFP','The hydraulic tank of the system shall be sized for a pump flow capacitiy of at least 6 times of the selected pump.',NULL,'Verbatim','2023-07-01 04:33:32','2023-07-01 04:33:32'),(111,1,1,2,2,1,111,1,1,'REQ-000498','TR','RFP','The system shall be equipped with a power pack PLC capable of built-in testing of the whole system and transmitting of the built-in test result to wind tunnel main control system.',NULL,'Verbatim','2023-07-01 04:33:32','2023-07-01 04:33:32'),(112,1,1,2,2,1,112,1,1,'REQ-000499','TR','RFP','The system shall have a local control panel to be situated near the PRV no further than TBA meters.',NULL,'Verbatim','2023-07-01 04:33:32','2023-07-01 04:33:32'),(113,1,1,2,2,1,113,1,1,'REQ-000500','TR','RFP','The system shall provide remote control capability for the valves included in the system.',NULL,'Verbatim','2023-07-01 04:33:32','2023-07-01 04:33:32'),(114,1,1,2,2,1,114,1,1,'REQ-000501','TR','RFP','The servo valve shall be positioned on a mechanical bracket that is isolated from vibration and noise effects on top of the PRV.',NULL,'Verbatim','2023-07-01 04:33:32','2023-07-01 04:33:32'),(115,1,1,2,2,1,115,1,1,'REQ-000502','TR','RFP','Material selection and internal surface treatment of the hydraulic tank shall be made to prevent corrosion due to contact with the hydraulic fluid, its vapor and any other corrosive sources.',NULL,'Verbatim','2023-07-01 04:33:32','2023-07-01 04:33:32'),(116,1,1,2,2,1,116,1,1,'REQ-000504','TR','RFP','Hydraulic fluid used shall be Mobil DTE 24 or equivalent which has been previously filtered through an absolute 10-micron filter.',NULL,'Verbatim','2023-07-01 04:33:32','2023-07-01 04:33:32'),(117,1,1,2,2,1,117,1,1,'REQ-000506','TR','RFP','All the joints and welds of the hydraulic tank shall be leak proof as per TBA standard.',NULL,'Verbatim','2023-07-01 04:33:32','2023-07-01 04:33:32'),(118,1,1,2,2,1,118,1,1,'REQ-000508','TR','RFP','Hydraulic tank shall have a minimum cleaneliness of 18/16/13 as per ISO4406-1999.',NULL,'Verbatim','2023-07-01 04:33:32','2023-07-01 04:33:32'),(119,1,1,2,2,1,119,1,1,'REQ-000509','TR','RFP','Hydraulic tank shall be capable to hold weight of structure, valves, fluid, impulse, splash loads due to hydraulic system.',NULL,'Verbatim','2023-07-01 04:33:32','2023-07-01 04:33:32'),(120,1,1,2,2,1,120,1,1,'REQ-000510','TR','RFP','Hydraulic skid designed to mount hydraulic tank shall enable the drain of fluid through drain tray/tap/cocks and allow maintenance to fitting /piping /tubing and other items without using any special fixtures and/or tools.',NULL,'Verbatim','2023-07-01 04:33:32','2023-07-01 04:33:32'),(121,1,1,2,2,1,121,1,1,'REQ-000511','TR','RFP','The hydraulic tank shall be equipped with at least one temperature sensor to measure hydraulic fluid temperature in the tank.',NULL,'Verbatim','2023-07-01 04:33:32','2023-07-01 04:33:32'),(122,1,1,2,2,1,122,1,1,'REQ-000512','TR','RFP','The temperature sensor on the hydraulic tank shall be positioned in such a way that the sensor is always immersed in the hydraulic fluid for all states of operation.',NULL,'Verbatim','2023-07-01 04:33:32','2023-07-01 04:33:32'),(123,1,1,2,2,1,123,1,1,'REQ-000513','TR','RFP','The temperature sensor shall operate with an input supply of TBA.',NULL,'Verbatim','2023-07-01 04:33:32','2023-07-01 04:33:32'),(124,1,1,2,2,1,124,1,1,'REQ-000514','TR','RFP','The temperature sensor shall have an TBA output signal of interval TBA.',NULL,'Verbatim','2023-07-01 04:33:32','2023-07-01 04:33:32'),(125,1,1,2,2,1,125,1,1,'REQ-000516','TR','RFP','The hydraulic fluid temperature in the hydraulic tank shall be kept between TBA and 70 degrees C during all states and modes of the hydraulics system.',NULL,'Verbatim','2023-07-01 04:33:32','2023-07-01 04:33:32'),(126,1,1,2,2,1,126,1,1,'REQ-000517','TR','RFP','<p>In case the temperature of the hydraulic fluid exceed the limits defined in TR-125 a safety system shall be activated to prevent over heating of the hydraulic fluid.</p>',NULL,'Verbatim','2023-07-01 04:33:32','2023-07-04 15:56:43'),(127,1,1,2,2,1,127,1,1,'REQ-000518','TR','RFP','The temperature sensor shall have a red light illumination visible to the operator to indicate the temperature is over the limit defined in REQ-000516.',NULL,'Verbatim','2023-07-01 04:33:32','2023-07-01 04:33:32'),(128,1,1,2,2,1,128,1,1,'REQ-000519','TR','RFP','The hydraulic fluid temperature throughout the whole of the Hydraulic System shall be kept between TBA and TBA degrees C during startup and operation states and modes.',NULL,'Verbatim','2023-07-01 04:33:32','2023-07-01 04:33:32'),(129,1,1,2,2,1,129,1,1,'REQ-000521','TR','RFP','The hydraulic tank shall have separate lines of suction and return.',NULL,'Verbatim','2023-07-01 04:33:32','2023-07-01 04:33:32'),(130,1,1,2,2,1,130,1,1,'REQ-000522','TR','RFP','The hydraulic tank shall be designed and lines of suction and return on the hydraulic tank shall be positioned to avoid issues due to hot hydraulic fluid, splashing of fluid, cavitation, frothing, etc.',NULL,'Verbatim','2023-07-01 04:33:32','2023-07-01 04:33:32'),(131,1,1,2,2,1,131,1,1,'REQ-000523','TR','RFP','The suction pipe on the hydraulic tank shall always be immersed in fluid when all systems are running or getting top filled by fluid.',NULL,'Verbatim','2023-07-01 04:33:32','2023-07-01 04:33:32'),(132,1,1,2,2,1,132,1,1,'REQ-000525','TR','RFP','If the CONTRACTOR is going to use any baffles inside the hydraulic tank, then they shall be an integral part of the tank itself.',NULL,'Verbatim','2023-07-01 04:33:32','2023-07-01 04:33:32'),(133,1,1,2,2,1,133,1,1,'REQ-000526','TR','RFP','Stirring of the sediment at the bottom of the tank to the rest of hydraulic fluid by any means shall be prevented.',NULL,'Verbatim','2023-07-01 04:33:32','2023-07-01 04:33:32'),(134,1,1,2,2,1,134,1,1,'REQ-000527','TR','RFP','The hydraulic tank shall have at least one manhole for cleaning, inspection and maintenance purposes.',NULL,'Verbatim','2023-07-01 04:33:32','2023-07-01 04:33:32'),(135,1,1,2,2,1,135,1,1,'REQ-000528','TR','RFP','The hydraulic tank shall have at least one drain port and valve for draining the tank fully.',NULL,'Verbatim','2023-07-01 04:33:32','2023-07-01 04:33:32'),(136,1,1,2,2,1,136,1,1,'REQ-000529','TR','RFP','The hydraulic tank shall have at least one flushing port and valve positioned at the highest possible part of the tank for flushing the hydraulic fluid.',NULL,'Verbatim','2023-07-01 04:33:32','2023-07-01 04:33:32'),(137,1,1,2,2,1,137,1,1,'REQ-000530','TR','RFP','The flushing port and valve shall be separate from all other ports and valves.',NULL,'Verbatim','2023-07-01 04:33:32','2023-07-01 04:33:32'),(138,1,1,2,2,1,138,1,1,'REQ-000531','TR','RFP','The hydraulic tank shall be equipped with at least one fluid level sensor.',NULL,'Verbatim','2023-07-01 04:33:32','2023-07-01 04:33:32'),(139,1,1,2,2,1,139,1,1,'REQ-000532','TR','RFP','The fluid level sensor shall have at least one digital indicator to be viewed by the operator near the hydraulic tank.',NULL,'Verbatim','2023-07-01 04:33:32','2023-07-01 04:33:32'),(140,1,1,2,2,1,140,1,1,'REQ-000533','TR','RFP','The fluid level sensor shall operate with an input supply of TBA.',NULL,'Verbatim','2023-07-01 04:33:32','2023-07-01 04:33:32'),(141,1,1,2,2,1,141,1,1,'REQ-000534','TR','RFP','The fluid level sensor shall have an TBA output signal of interval TBA.',NULL,'Verbatim','2023-07-01 04:33:32','2023-07-01 04:33:32'),(142,1,1,2,2,1,142,1,1,'REQ-000535','TR','RFP','The hydraulic tank shall be pneumatic pressure tested to at least 5 bar(g) .',NULL,'Verbatim','2023-07-01 04:33:32','2023-07-01 04:33:32'),(143,1,1,2,2,1,143,1,1,'REQ-000536','TR','RFP','After cleaning of the hydraulic tank internal surface all openings of the tank shall be sealed to prevent any external debris or contamination from reaching the inside of tank.',NULL,'Verbatim','2023-07-01 04:33:32','2023-07-01 04:33:32'),(144,1,1,2,2,1,144,1,1,'REQ-000537','TR','RFP','The pumps to be employed in the hydraulic system shall be variable delivery type.',NULL,'Verbatim','2023-07-01 04:33:32','2023-07-01 04:33:32'),(145,1,1,2,2,1,145,1,1,'REQ-000538','TR','RFP','The pumps to be employed in the hydraulic system shall be either pressure compensated or dual compensated to automatically adjust pump delivery to maintain volume requirements of the system at the pre-selected operating pressures.',NULL,'Verbatim','2023-07-01 04:33:32','2023-07-01 04:33:32'),(146,1,1,2,2,1,146,1,1,'REQ-000539','TR','RFP','At least one manual priming pump shall be included in the hydraulic system.',NULL,'Verbatim','2023-07-01 04:33:32','2023-07-01 04:33:32'),(147,1,1,2,2,1,147,1,1,'REQ-000540','TR','RFP','All valves required to act during emergeny shut-down of the wind tunnel shall be SIL 3 certified as per IEC 61508/61511 standard.',NULL,'Verbatim','2023-07-01 04:33:32','2023-07-01 04:33:32'),(148,1,1,2,2,1,148,1,1,'REQ-000541','TR','RFP','All valves shall be hydrostatically tested.',NULL,'Verbatim','2023-07-01 04:33:32','2023-07-01 04:33:32'),(149,1,1,2,2,1,149,1,1,'REQ-000544','TR','RFP','<p>All the servo valves shall be sized and selected to fulfill the hydraulic cylinder requirements defined in TR-206 .</p>',NULL,'Verbatim','2023-07-01 04:33:32','2023-07-04 15:57:41'),(150,1,1,2,2,1,150,1,1,'REQ-000545','TR','RFP','<p>All the servo valves shall be sized and selected to fulfill as per the hydraulic cylinder requirements defined in TR-209, TR-210, TR-220</p>',NULL,'Verbatim','2023-07-01 04:33:32','2023-07-03 19:04:48'),(151,1,1,2,2,1,151,1,1,'REQ-000547','TR','RFP','The hydraulic system shall be designed, equipped and instrumented to prevent over-pressure occurance within the hydraulic system and the hydraulic cylinder.',NULL,'Verbatim','2023-07-01 04:33:32','2023-07-01 04:33:32'),(152,1,1,2,2,1,152,1,1,'REQ-000548','TR','RFP','The hydraulic system shall be designed, equipped and instrumented to prevent back flow occurance.',NULL,'Verbatim','2023-07-01 04:33:32','2023-07-01 04:33:32'),(153,1,1,2,2,1,153,1,1,'REQ-000549','TR','RFP','All valves within the hydraulic system shall be sized and selected to prevent creep during a holding load case.',NULL,'Verbatim','2023-07-01 04:33:32','2023-07-01 04:33:32'),(154,1,1,2,2,1,154,1,1,'REQ-000552','TR','RFP','All filters shall have bypass valves which operate when the filter element becomes over-loaded.',NULL,'Verbatim','2023-07-01 04:33:32','2023-07-01 04:33:32'),(155,1,1,2,2,1,155,1,1,'REQ-000553','TR','RFP','All filters shall have an electronic clog indicator which warn when the pressure drop across the element has become excessive and the element needs to be replaced.',NULL,'Verbatim','2023-07-01 04:33:32','2023-07-01 04:33:32'),(156,1,1,2,2,1,156,1,1,'REQ-000554','TR','RFP','Pressure switches shall be provided with a key operated lock to prevent casual interference with the pressure settings.',NULL,'Verbatim','2023-07-01 04:33:32','2023-07-01 04:33:32'),(157,1,1,2,2,1,157,1,1,'REQ-000556','TR','RFP','Anti-vibration mounts shall be provided for all the pressure switches together with flexible connections to the main pipework.',NULL,'Verbatim','2023-07-01 04:33:32','2023-07-01 04:33:32'),(158,1,1,2,2,1,158,1,1,'REQ-000557','TR','RFP','The switches shall be suitable for use with Mobil DTE24 or similar hydraulic fluid.',NULL,'Verbatim','2023-07-01 04:33:32','2023-07-01 04:33:32'),(159,1,1,2,2,1,159,1,1,'REQ-000558','TR','RFP','If leakage connections are required, the leakage lines shall be run separately back to the tank and not use a common return drain.',NULL,'Verbatim','2023-07-01 04:33:32','2023-07-01 04:33:32'),(160,1,1,2,2,1,160,1,1,'REQ-000559','TR','RFP','<p>Pressure switches shall be selected such that the available maximum pressure settings are at least 20% above system relief pressure ( TR-209 ) on both rising and falling pressure.</p>',NULL,'Verbatim','2023-07-01 04:33:32','2023-07-03 19:01:07'),(161,1,1,2,2,1,161,1,1,'REQ-000560','TR','RFP','<p>The available minimum pressure settings of pressure switches shall be adjustable down to at least 50% of minimum system pressure ( TR-208 ) on both rising and falling pressure. Adequate range should be selected to ensure that pressure spikes or relief</p>',NULL,'Verbatim','2023-07-01 04:33:32','2023-07-03 19:07:21'),(162,1,1,2,2,1,162,1,1,'REQ-000562','TR','RFP','At least one pressure gauge shall be provided on each and every hydraulic cylinder and hydraulic line for monitoring the performance of the system.',NULL,'Verbatim','2023-07-01 04:33:32','2023-07-01 04:33:32'),(163,1,1,2,2,1,163,1,1,'REQ-000563','TR','RFP','<p>The pressure gauges shall be scaled in SI units.</p>',NULL,'Verbatim','2023-07-01 04:33:32','2023-07-03 19:07:46'),(164,1,1,2,2,1,164,1,1,'REQ-000564','TR','RFP','The maximum deviation from the exact pressure value shall be half a scale division on either side of the pressure gauge(s).',NULL,'Verbatim','2023-07-01 04:33:32','2023-07-01 04:33:32'),(165,1,1,2,2,1,165,1,1,'REQ-000565','TR','RFP','The pressure gauges shall be provided with snubbers.',NULL,'Verbatim','2023-07-01 04:33:32','2023-07-01 04:33:32'),(166,1,1,2,2,1,166,1,1,'REQ-000566','TR','RFP','All connections on hydraulic lines shall be of leak free type.',NULL,'Verbatim','2023-07-01 04:33:32','2023-07-01 04:33:32'),(167,1,1,2,2,1,167,1,1,'REQ-000567','TR','RFP','All hydraulic tubings, hoses and other fittings\' sizes shall be metric.',NULL,'Verbatim','2023-07-01 04:33:32','2023-07-01 04:33:32'),(168,1,1,2,2,1,168,1,1,'REQ-000568','TR','RFP','All hydraulic tubings, hoses and other fittings shall have a cleanliness value of minimum 18/16/13 as per ISO-4406-1999.',NULL,'Verbatim','2023-07-01 04:33:32','2023-07-01 04:33:32'),(169,1,1,2,2,1,169,1,1,'REQ-000569','TR','RFP','All connections, hoses, tubes and other fittings shall be flushed with oil and securely capped to avoid rusting or damages.',NULL,'Verbatim','2023-07-01 04:33:32','2023-07-01 04:33:32'),(170,1,1,2,2,1,170,1,1,'REQ-000570','TR','RFP','<p>All tubing and connections subject to system pressure shall be pressure tested to at least 2 times the system relief pressure ( TR-209 ).</p>',NULL,'Verbatim','2023-07-01 04:33:32','2023-07-03 19:01:46'),(171,1,1,2,2,1,171,1,1,'REQ-000571','TR','RFP','All tubing shall be made from stainless steel cold drawn tubes.',NULL,'Verbatim','2023-07-01 04:33:32','2023-07-01 04:33:32'),(172,1,1,2,2,1,172,1,1,'REQ-000573','TR','RFP','Any welded joints in the tubing and other connection parts shall be hydrostatically tested at least 1.5 times the relief pressure.',NULL,'Verbatim','2023-07-01 04:33:32','2023-07-01 04:33:32'),(173,1,1,2,2,1,173,1,1,'REQ-000574','TR','RFP','<p>All hoses to be used in the hydraulic system shall have at least 1.5 times the relief pressure size ( TR-209) .</p>',NULL,'Verbatim','2023-07-01 04:33:32','2023-07-03 19:02:12'),(174,1,1,2,2,1,174,1,1,'REQ-000575','TR','RFP','Hoses (with crimping) shall be impulse tested in accordance with TBA',NULL,'Verbatim','2023-07-01 04:33:32','2023-07-01 04:33:32'),(175,1,1,2,2,1,175,1,1,'REQ-000576','TR','RFP','<p>All fittings and other related hydraulic connecting items shall be rated for 1.5 times the relief pressure ( TR-209 ).</p>',NULL,'Verbatim','2023-07-01 04:33:32','2023-07-03 19:02:32'),(176,1,1,2,2,1,176,1,1,'REQ-000577','TR','RFP','The electric motors to be employed in the hydraulic system shall be of the open drip proof type.',NULL,'Verbatim','2023-07-01 04:33:32','2023-07-01 04:33:32'),(177,1,1,2,2,1,177,1,1,'REQ-000578','TR','RFP','The Main Power input to the electric motor unit shall be 410V AC +/- 10% 3 phase 50Hz, current.',NULL,'Verbatim','2023-07-01 04:33:32','2023-07-01 04:33:32'),(178,1,1,2,2,1,178,1,1,'REQ-000579','TR','RFP','The electric motors shall have safe system shutdown mechanism to prevent any damage to the unit itself.',NULL,'Verbatim','2023-07-01 04:33:32','2023-07-01 04:33:32'),(179,1,1,2,2,1,179,1,1,'REQ-000580','TR','RFP','Electric motor drive system shall be designed, tested and accepted as NEMA-MG1-2021.',NULL,'Verbatim','2023-07-01 04:33:32','2023-07-01 04:33:32'),(180,1,1,2,2,1,180,1,1,'REQ-000581','TR','RFP','All threaded fasteners shall be zinc plated with a minimum coat as specified in ASTM-A153 or equivalent.',NULL,'Verbatim','2023-07-01 04:33:32','2023-07-01 04:33:32'),(181,1,1,2,2,1,181,1,1,'REQ-000582','TR','RFP','All clearance holes for threaded fasteners shall be according to DIN-69-classification_medium.',NULL,'Verbatim','2023-07-01 04:33:32','2023-07-01 04:33:32'),(183,1,1,2,2,1,183,1,1,'REQ-000584','TR','RFP','<p>The CONTRACTOR shall secure all threaded fasteners against vibration.</p>',NULL,'Verbatim','2023-07-01 04:33:32','2023-07-03 17:03:34'),(184,1,1,2,2,1,184,1,1,'REQ-000585','TR','RFP','All the accumulators shall be manufactured and tested as per ASME-Sec-VIII-Div 1.',NULL,'Verbatim','2023-07-01 04:33:32','2023-07-01 04:33:32'),(185,1,1,2,2,1,185,1,1,'REQ-000586','TR','RFP','All the accumulators shall be of pre-filled nitrogen gas with bladder type.',NULL,'Verbatim','2023-07-01 04:33:32','2023-07-01 04:33:32'),(186,1,1,2,2,1,186,1,1,'REQ-000587','TR','RFP','All the Accumulators selected shall be fitted with fuse metal plug valve and gas control valve.',NULL,'Verbatim','2023-07-01 04:33:32','2023-07-01 04:33:32'),(187,1,1,2,2,1,187,1,1,'REQ-000588','TR','RFP','All the accumulators shall be fitted with a quick drain block for maintenance.',NULL,'Verbatim','2023-07-01 04:33:32','2023-07-01 04:33:32'),(189,1,1,2,2,1,189,1,1,'REQ-000591','TR','RFP','All accumulators shall have isolation valves to enable operation of tunnel in case of a single or limited accumulator bottles failure or maintenance.',NULL,'Verbatim','2023-07-01 04:33:32','2023-07-01 04:33:32'),(190,1,1,2,2,1,190,1,1,'REQ-000592','TR','RFP','Time to fill all accumulators for a given hydraulic circuit shall be at most 10 minutes.',NULL,'Verbatim','2023-07-01 04:33:32','2023-07-01 04:33:32'),(191,1,1,2,2,1,191,1,1,'REQ-000598','TR','RFP','The hydraulic pipeline shall be cleaned as per TBA standard to a cleanliness level of at most 200 mg/m2.',NULL,'Verbatim','2023-07-01 04:33:32','2023-07-01 04:33:32'),(192,1,1,2,2,1,192,1,1,'REQ-000600','TR','RFP','Electronic clogging indicators shall be provided on all filters.',NULL,'Verbatim','2023-07-01 04:33:32','2023-07-01 04:33:32'),(193,1,1,2,2,1,193,1,1,'REQ-000601','TR','RFP','All pressure gauges shall have isolation valves.',NULL,'Verbatim','2023-07-01 04:33:32','2023-07-01 04:33:32'),(194,1,1,2,2,1,194,1,1,'REQ-000602','TR','RFP','Leakage rate of all valves are TBA.',NULL,'Verbatim','2023-07-01 04:33:32','2023-07-01 04:33:32'),(195,1,1,2,2,1,195,1,1,'REQ-000603','TR','RFP','A safety system shall be activated to prevent damaging hydraulic system, in case the fluid level is low in the tank.',NULL,'Verbatim','2023-07-01 04:33:32','2023-07-01 04:33:32'),(196,1,1,2,2,1,196,1,1,'REQ-000604','TR','RFP','<p>All isolation valves shall be 2/2 latch type DC valves (ON/OFF) without usage of continous power supply.</p>',NULL,'Verbatim','2023-07-01 04:33:32','2023-07-04 15:58:14'),(197,1,1,2,2,1,197,1,1,'REQ-000607','TR','RFP','The hydraulic system shall have air volume to support hydraulic fluid against sweating, splashing or leakages.',NULL,'Verbatim','2023-07-01 04:33:32','2023-07-01 04:33:32'),(198,1,1,2,2,1,198,1,1,'REQ-000608','TR','RFP','All valves employed in the system shall operate without any whistling or squeaking.',NULL,'Verbatim','2023-07-01 04:33:32','2023-07-01 04:33:32'),(199,1,1,2,2,1,199,1,1,'REQ-000609','TR','RFP','<p>All material and components used in the PRV Assembly shall be new and devoid of any damages, cracks, machining errors, defects, burs or weld spatters.</p>',NULL,'Verbatim','2023-07-01 04:33:32','2023-07-03 16:34:53'),(200,1,1,2,2,1,200,1,1,'REQ-000610','TR','RFP','<p>All control digital interface circuits shall be designed for 24VDC maximum</p>',NULL,'Verbatim','2023-07-01 04:33:32','2023-07-03 16:36:31'),(201,1,1,2,2,1,201,1,1,'REQ-000611','TR','RFP','All digital status outputs shall be potential-free contacts suitable for use in external PLC 24VDC circuits',NULL,'Verbatim','2023-07-01 04:33:32','2023-07-01 04:33:32'),(202,1,1,2,2,1,202,1,1,'REQ-000612','TR','RFP','All digital command inputs shall be 24VDC with maximum 2 watts load suitable for use in by external PLC circuit',NULL,'Verbatim','2023-07-01 04:33:32','2023-07-01 04:33:32'),(203,1,1,2,2,1,203,1,1,'REQ-000614','TR','RFP','All control analog circuits shall be designed for 2 wire 4-20ma type.',NULL,'Verbatim','2023-07-01 04:33:32','2023-07-01 04:33:32'),(204,1,1,2,2,1,204,1,1,'REQ-000616','TR','RFP','The Hydraulic cylinder shall be double acting, double rod cylinder type.',NULL,'Verbatim','2023-07-01 04:33:32','2023-07-01 04:33:32'),(205,1,1,2,2,1,205,1,1,'REQ-000617','TR','RFP','The hydraulic cylinder shall be internally cushioned on both ends of the piston.',NULL,'Verbatim','2023-07-01 04:33:32','2023-07-01 04:33:32'),(206,1,1,2,2,1,206,1,1,'REQ-000618','TR','RFP','<p>The Hydraulic cylinder with the full load condition (see TR-221) shall travel full working stroke 1290 mm in at most 1.5 second in either direction.</p>',NULL,'Verbatim','2023-07-01 04:33:32','2023-07-04 15:55:23'),(207,1,1,2,2,1,207,1,1,'REQ-000620','TR','RFP','The hydraulic cylinder shall be capable of holding the sleeve during a run at any set position.',NULL,'Verbatim','2023-07-01 04:33:32','2023-07-01 04:33:32'),(208,1,1,2,2,1,208,1,1,'REQ-000621','TR','RFP','The hydraulic cylinder shall operate a minimum hydraulic supply pressure of 2800 psi.',NULL,'Verbatim','2023-07-01 04:33:32','2023-07-01 04:33:32'),(209,1,1,2,2,1,209,1,1,'REQ-000622','TR','RFP','<p>The Hydraulic Cylinder, with all its accessories and supplied components shall withstand maximum hydraulic system relief pressure to at least 3500 psi and flow rate as defined in TR-220.</p>',NULL,'Verbatim','2023-07-01 04:33:32','2023-07-03 19:05:28'),(210,1,1,2,2,1,210,1,1,'REQ-000623','TR','RFP','The seal at the upstream end of the hydraulic cylinder shall operate with an external working pressure of at least 21.6 bara.',NULL,'Verbatim','2023-07-01 04:33:32','2023-07-01 04:33:32'),(211,1,1,2,2,1,211,1,1,'REQ-000624','TR','RFP','Hydraulic cylinder shall be designed with buffer and redundant sealing arrangements on both ends as specified in drawing 4281-139.',NULL,'Verbatim','2023-07-01 04:33:32','2023-07-01 04:33:32'),(212,1,1,2,2,1,212,1,1,'REQ-000625','TR','RFP','The external wave scale position feedback sensor (see drawing 4281-157) shall be mounted on the hydraulic cylinder at the downstream end.',NULL,'Verbatim','2023-07-01 04:33:32','2023-07-01 04:33:32'),(213,1,1,2,2,1,213,1,1,'REQ-000626','TR','RFP','The Hydraulic Cylinder with all fittings, manifolds, and other associated equipment assambled fully shall fit into the Cover Rear part defined by the drawing 4281-156C.',NULL,'Verbatim','2023-07-01 04:33:32','2023-07-01 04:33:32'),(214,1,1,2,2,1,214,1,1,'REQ-000628','TR','RFP','The servo valve location shall be selected to achieve a response time of at most 33 milliseconds.',NULL,'Verbatim','2023-07-01 04:33:32','2023-07-01 04:33:32'),(215,1,1,2,2,1,215,1,1,'REQ-000629','TR','RFP','The servo valve location shall be selected to enable maintenance from outside without need of PRV disassembly.',NULL,'Verbatim','2023-07-01 04:33:32','2023-07-01 04:33:32'),(216,1,1,2,2,1,216,1,1,'REQ-000630','TR','RFP','All mechanical interfaces of the hydraulic cylinder shall conform to technical drawing 4821-139.',NULL,'Verbatim','2023-07-01 04:33:32','2023-07-01 04:33:32'),(217,1,1,2,2,1,217,1,1,'REQ-000631','TR','RFP','The hydraulic fluid to be used with the Hydraulic Cyliner shall comply with the ISO 11158 standard, Category HM requirements.',NULL,'Verbatim','2023-07-01 04:33:32','2023-07-01 04:33:32'),(218,1,1,2,2,1,218,1,1,'REQ-000632','TR','RFP','<p>The bore diameter of the hydraulic cylinder shall be 4\".</p>',NULL,'Verbatim','2023-07-01 04:33:32','2023-07-03 19:11:00'),(219,1,1,2,2,1,219,1,1,'REQ-000633','TR','RFP','<p>The rod diameter of the hydraulic cylinder shall be 2.5\".</p>',NULL,'Verbatim','2023-07-01 04:33:32','2023-07-03 19:11:23'),(220,1,1,2,2,1,220,1,1,'REQ-000634','TR','RFP','Maximum flow rate of the hydrauilc fluid shall be 528 litres per minute.',NULL,'Verbatim','2023-07-01 04:33:32','2023-07-01 04:33:32'),(221,1,1,2,2,1,221,1,1,'REQ-000635','TR','RFP','The Hydraulic Cylinder shall be capable of moving a load of at least 16600 lbf.',NULL,'Verbatim','2023-07-01 04:33:32','2023-07-01 04:33:32'),(222,1,1,2,2,1,222,1,1,'REQ-000636','TR','RFP','<p>The Hydraulic Cylinder shall not buckle under the operating conditions defined in TR-203.</p>',NULL,'Verbatim','2023-07-01 04:33:32','2023-07-03 19:12:20'),(223,1,1,2,2,1,223,1,1,'REQ-000637','TR','RFP','<p>The Hydraulic Cylinder shall not experience dynamical instability such as limit cycle, resonance, etc. under the operating conditions.</p>',NULL,'Verbatim','2023-07-01 04:33:32','2023-07-03 19:14:53'),(224,1,1,2,2,1,224,1,1,'REQ-000638','TR','RFP','Material selection of the Hydraulic Cylinder components shall be selected to prevent any possibility of galvanic corrosion, galling.',NULL,'Verbatim','2023-07-01 04:33:32','2023-07-01 04:33:32'),(225,1,1,2,2,1,225,1,1,'REQ-000640','TR','RFP','The Hydraulic Cylinder shall be designd to enable a maximum piston acceleration of no less than 6 m/sec2.',NULL,'Verbatim','2023-07-01 04:33:32','2023-07-01 04:33:32'),(226,1,1,2,2,1,226,1,1,'REQ-000641','TR','RFP','The Hydraulic Cylinder shall be designed to enable a maximum piston velocity of no lesss than 1.45 m/sec.',NULL,'Verbatim','2023-07-01 04:33:32','2023-07-01 04:33:32'),(227,1,1,2,2,1,227,1,1,'REQ-000642','TR','RFP','Quality of the main welds shall be preserved in case of spot welding.',NULL,'Verbatim','2023-07-01 04:33:32','2023-07-01 04:33:32'),(228,1,1,2,2,1,228,1,1,'REQ-000644','TR','RFP','All welds shall be visually inspected as per ISO 17637 standard and evaluated as per ISO 5817 standard Level B. Equivalent standards may be employed upon Administration approval.',NULL,'Verbatim','2023-07-01 04:33:32','2023-07-01 04:33:32'),(229,1,1,2,2,1,229,1,1,'REQ-000645','TR','RFP','<p>All welds within hydraulic cyclinder shall be subjected to either radiografic inspection as per ASTM E 1417 or liquid penetrant inspection as per ISO 5817 Level B. Equivalent standards may be employed upon Administration approval.</p>',NULL,'Verbatim','2023-07-01 04:33:32','2023-07-03 19:16:30'),(230,1,1,2,2,1,230,1,1,'REQ-000646','TR','RFP','All the components of the Hydraulic Cylinder shall be cleaned as per TBA Standard prior to assebly of the Hydraulic Cylinder.',NULL,'Verbatim','2023-07-01 04:33:32','2023-07-01 04:33:32'),(231,1,1,2,2,1,231,1,1,'REQ-000647','TR','RFP','The Hydraulic Cylinder shall be tested as per BS ISO 10100 standard.',NULL,'Verbatim','2023-07-01 04:33:32','2023-07-01 04:33:32'),(232,1,1,2,2,1,232,1,1,'REQ-000707','TR','RFP','Hardness test shall be carried out on the specified surfaces with hardness requirements as specified in the 101-159202 drawings.',NULL,'Verbatim','2023-07-01 04:33:32','2023-07-01 04:33:32'),(233,1,1,2,2,1,233,1,1,'REQ-000708','TR','RFP','In case of loss of command signal to hydraulic system, the PRV Assembly shall be fully closed in 4 seconds (+/- 0.5 seconds).',NULL,'Verbatim','2023-07-01 04:33:32','2023-07-01 04:33:32'),(234,1,1,2,2,1,234,1,1,'REQ-000709','TR','RFP','In case of loss of hydraulic pressure in the hydraulic system, the PRV assembly shall be fully closed in 4 seconds (+/- 0.5 seconds).',NULL,'Verbatim','2023-07-01 04:33:32','2023-07-01 04:33:32'),(235,1,1,2,2,1,235,1,1,'REQ-000710','TR','RFP','In case of loss of command signal and/or hydraulic pressure, a signal in TBA format shall be generated to update the status of PRV Assembly.',NULL,'Verbatim','2023-07-01 04:33:32','2023-07-01 04:33:32'),(236,1,1,2,2,1,236,1,1,'REQ-000712','TR','RFP','The name plate of the Pressure Valve Assembly shall be screwed or riveted on the PRV Assembly.',NULL,'Verbatim','2023-07-01 04:33:32','2023-07-01 04:33:32'),(237,1,1,2,2,1,237,1,1,'REQ-000714','TR','RFP','<p>Point to Point Forward Travel Time of the PRV shall be proportional to Forward Time Constant thorughout the full stroke range (TR-206).</p>',NULL,'Verbatim','2023-07-01 04:33:32','2023-07-03 19:18:05'),(238,1,1,2,2,1,238,1,1,'REQ-000715','TR','RFP','The inaccuracy of the valve travel position due to any limitation (Repeatability, Dead Band, Resolution, Hysteresis, etc.) shall be less than TBA of the Stroke of the Valve Assembly.',NULL,'Verbatim','2023-07-01 04:33:32','2023-07-01 04:33:32'),(239,1,1,2,2,1,239,1,1,'REQ-000716','TR','RFP','The dead time of the Valve Assembly shall be less than 0.5% of the Stroke Time of the Valve Assembly.',NULL,'Verbatim','2023-07-01 04:33:32','2023-07-01 04:33:32'),(240,1,1,2,2,1,240,1,1,'REQ-000717','TR','RFP','The Degree of Protection of the Accessories included in the Pressure Regulating Valve Assembly shall be at least IP55 according to ANSI/IEC 60529-2004.',NULL,'Verbatim','2023-07-01 04:33:32','2023-07-01 04:33:32'),(241,1,1,2,2,1,241,1,1,'REQ-000718','TR','RFP','The PRV Assembly shall have a built-in test capability to at least repeat OSAT tests as defined and report the results.',NULL,'Verbatim','2023-07-01 04:33:32','2023-07-01 04:33:32'),(242,1,1,2,2,1,242,1,1,'-','TR','RFP','The CONTRACTOR shall interpret the dimensional tolerances specified on the drawings as the maximum permissible deviations from the basic dimensions, from a theoretical plane or total indicated reading in the case of cylindrical components (The geometrical tolerances specified on the drawings are in accordance with ISO Standards.).',NULL,'Verbatim','2023-07-01 04:33:32','2023-07-01 04:33:32'),(243,1,1,2,2,1,243,1,1,'-','TR','RFP','<p>The CONTRACTOR shall provide adequate supports and bracing during fabrication, assembly, transportation and installation to achieve and maintain the required dimensions and tolerances of the final product as specified by the drawings and specifications.</p>',NULL,'Verbatim','2023-07-01 04:33:32','2023-07-03 19:33:40'),(244,1,1,2,2,1,244,1,1,'-','GR','RFP','<p>The CONTRACTOR shall maintain a high degree of cleanliness and orderliness during fabrication, assembly, transportation and installation at the Site.</p>',NULL,'Verbatim','2023-07-01 04:33:32','2023-07-03 19:33:58'),(245,1,1,2,2,1,245,1,1,'-','GR','RFP','<p>Where parts are to be field mounted or fitted, an additional quantity (the material bills call up exact quantities of finished, machined, materials and parts required to produce the complete pressure regulating valve) shall be supplied to cover losses or erection damage (particularly important for such items as tube fittings, pipe fittings, shims, bolts, screws, nuts, etc.).</p>',NULL,'Verbatim','2023-07-01 04:33:32','2023-07-03 19:35:03'),(246,1,1,2,2,1,246,1,1,'-','TR','RFP','CONTRACTOR shall specify the additional quantity clearly in their manufacturing drawings.',NULL,'Verbatim','2023-07-01 04:33:32','2023-07-01 04:33:32'),(247,1,1,2,2,1,247,1,1,'-','TR','RFP','An additional supply of the paint and varnish materials used shall be shipped to site for touch up and repair of the paint finish.',NULL,'Verbatim','2023-07-01 04:33:32','2023-07-01 04:33:32'),(248,1,1,2,2,1,248,1,1,'-','TR','RFP','Threads and seats for all fasteners shall be clean and shall be lubricated at installation.',NULL,'Verbatim','2023-07-01 04:33:32','2023-07-01 04:33:32'),(249,1,1,2,2,1,249,1,1,'-','TR','RFP','Shims shall only be used in locations specified by technical drawings.',NULL,'Verbatim','2023-07-01 04:33:32','2023-07-01 04:33:32'),(250,1,1,2,2,1,250,1,1,'-','TR','RFP','The CONTRACTOR shall ensure that all joints fit uniformly together over their mating surfaces and that there is no mechanical interference between moving parts over the required full range of motion.',NULL,'Verbatim','2023-07-01 04:33:32','2023-07-01 04:33:32'),(251,1,1,2,2,1,251,1,1,'-','TR','RFP','All components requiring positive location to achieve satisfactory performance shall be located by means of dowel pins or fitted bolts, as indicated on the drawings.',NULL,'Verbatim','2023-07-01 04:33:32','2023-07-01 04:33:32'),(252,1,1,2,2,1,252,1,1,'-','TR','RFP','All dowels shall be hand fitted in reamed holes.',NULL,'Verbatim','2023-07-01 04:33:32','2023-07-01 04:33:32'),(253,1,1,2,2,1,253,1,1,'-','TR','RFP','All un-machined surfaces shall be blast-cleaned or hand-cleaned.',NULL,'Verbatim','2023-07-01 04:33:32','2023-07-01 04:33:32'),(254,1,1,2,2,1,254,1,1,'-','TR','RFP','The compressed air used for cleaning shall be free of oil and moisture.',NULL,'Verbatim','2023-07-01 04:33:32','2023-07-01 04:33:32'),(255,1,1,2,2,1,255,1,1,'-','TR','RFP','All mill scale, weld flux and splatter and sharp corners shall be completely removed.',NULL,'Verbatim','2023-07-01 04:33:32','2023-07-01 04:33:32'),(256,1,1,2,2,1,256,1,1,'-','TR','RFP','The following components shall not require permanent surface protection: mating face of flanges, rubber seals, bearings, parts made from stainless steel, non-corrosive parts and any other components which are otherwise protected from corrosion. However, these components shall be protected during manufacturing, transportation and installation.',NULL,'Verbatim','2023-07-01 04:33:32','2023-07-01 04:33:32'),(257,1,1,2,2,1,257,1,1,'-','TR','RFP','All parts received from other sub-contractors or suppliers shall be checked for lubrication and lubricated, if required, before operation. All sealed bearings shall be pre-packed with a suitable grease.',NULL,'Verbatim','2023-07-01 04:33:32','2023-07-01 04:33:32'),(258,1,1,2,2,1,258,1,1,'-','GR','RFP','<p>As built drawings shall be identified by stamping, or printing in bold letters at least 10mm high, the words \"AS BUILT DRAWINGS\" with the following appended certification, \"This drawing has been revised to show this equipment \'as built\'\". This caption shall appear in the lower right-hand corner directly above the title block.</p>',NULL,'Verbatim','2023-07-01 04:33:32','2023-07-03 19:30:48'),(259,1,1,2,2,1,259,1,1,'-','GR','RFP','<p>As installed drawings shall be identified by stamping, or printing in bold letters at least 10mm high, the words \"AS INSTALLED DRAWINGS\" with the following appended certification, \"This drawing has been revised to show this equipment \'as installed\'\". This caption shall appear in the lower right-hand corner directly above the title block.</p>',NULL,'Verbatim','2023-07-01 04:33:32','2023-07-03 19:42:08'),(260,1,1,2,2,1,260,1,1,'-','TR','RFP','On all heat treatment operations, temperature-time charts, and records of quenching treatment, material test, etc., shall be kept and identified with the parts and submitted to the ADMINISTRATION.',NULL,'Verbatim','2023-07-01 04:33:32','2023-07-01 04:33:32'),(261,1,1,2,2,1,261,1,1,'-','TR','RFP','All tubing and components are to be inspected for cleanliness immediately prior to assembly by wiping with a clean, lint free, cloth over the internal surfaces.',NULL,'Verbatim','2023-07-01 04:33:32','2023-07-01 04:33:32'),(262,1,1,2,2,1,262,1,1,'-','TR','RFP','Indication of dust and/or dirt on the cloth means that the item must be recleaned. Inclusion of foreign matter in the oil may cause stiction and/or damage to the sensitive components and overloading of the fine filter.',NULL,'Verbatim','2023-07-01 04:33:32','2023-07-01 04:33:32'),(263,1,1,2,2,1,263,1,1,'-','TR','RFP','Tubing is to be deburred and degreased and capped until actual assembly.',NULL,'Verbatim','2023-07-01 04:33:32','2023-07-01 04:33:32'),(264,1,1,2,2,1,264,1,1,'-','TR','RFP','Fittings are to be degreased and capped.',NULL,'Verbatim','2023-07-01 04:33:32','2023-07-01 04:33:32'),(265,1,1,2,2,1,265,1,1,'-','TR','RFP','Valves shall arrive capped from the valve manufacturer and shall be inspected prior to assembly.',NULL,'Verbatim','2023-07-01 04:33:32','2023-07-01 04:33:32'),(266,1,1,2,2,1,266,1,1,'-','TR','RFP','If foreign matter is apparent in any component, then they are to be solvent cleaned with a non-shredding material (with the exception of the servo valve). If the servo valve is received in a dirty condition, the manufacturer shall be notified. Note that servo valves are usually ultrasonically cleaned and assembled in special \'dust-free\' rooms.',NULL,'Verbatim','2023-07-01 04:33:32','2023-07-01 04:33:32'),(267,1,1,2,2,1,267,1,1,'-','GR','RFP','<p>All test instrumentation and labor shall be supplied by the CONTRACTOR. ADMINISTRATION has right to attend any test as they will.</p>',NULL,'Verbatim','2023-07-01 04:33:32','2023-07-03 19:46:32'),(268,1,1,2,2,1,268,1,1,'-','TR','RFP','The CONTRACTOR shall submit a lubrication schedule for all parts requiring lubrication (i.e.: lubrication of 4281-155M via grease nipples installed on 4281-155K). If possible, the lubricants shall consist of one general grease, one gear oil and one solid lubricant. The final selection will be subject to approval by the ADMINISTRATION. Lubricating fittings shall be provided where required (i.e.: on 4281-155K) and shall be standardized to one type and size so that only one grease gun will be necessary.',NULL,'Verbatim','2023-07-01 04:33:32','2023-07-01 04:33:32'),(269,1,1,2,2,1,269,1,1,'-','TR','RFP','All electrodes used for welding shall be properly stored, baked or dried before and during the welding as suitable for fusion welding of the specified steels.',NULL,'Verbatim','2023-07-01 04:33:32','2023-07-01 04:33:32'),(270,1,1,2,2,1,270,1,1,'-','TR','RFP','Suitable allowance for contraction during welding shall be made in the lengths of the members before welding so that the finished lengths are correct within the specified limits.',NULL,'Verbatim','2023-07-01 04:33:32','2023-07-01 04:33:32'),(271,1,1,2,2,1,271,1,1,'-','TR','RFP','All stiffeners shall be cut to exact lengths so that, when assembled, they bear against the mating structural parts as shown on the drawings.',NULL,'Verbatim','2023-07-01 04:33:32','2023-07-01 04:33:32'),(272,1,1,2,2,1,272,1,1,'-','TR','RFP','The welding procedures used shall be such as to control and minimize distortion and residual stresses. Tack welds, temporary stiffeners, tie bars, preheating and stress relieving during welding may be used for this purpose.',NULL,'Verbatim','2023-07-01 04:33:32','2023-07-01 04:33:32'),(273,1,1,2,2,1,273,1,1,'-','TR','RFP','Where weldments require machining, or where dimensional stability is required to achieve specified tolerances, they shall be stress relieved after welding and prior to machining, in accordance with the applicable provisions of international codes and standards or approved equivalent.',NULL,'Verbatim','2023-07-01 04:33:32','2023-07-01 04:33:32'),(274,1,1,2,2,1,274,1,1,'-','TR','RFP','During heat treatment gas carburizing is preferred and provides a more uniform treatment.',NULL,'Verbatim','2023-07-01 04:33:32','2023-07-01 04:33:32'),(275,1,1,2,2,1,275,1,1,'-','TR','RFP','The profile of an airline surface shall be free of waviness, gouges, steps, and/or other irregularities that may affect the airflow.',NULL,'Verbatim','2023-07-01 04:33:32','2023-07-01 04:33:32'),(276,1,1,2,2,1,276,1,1,'-','TR','RFP','Defects that occur at regular intervals shall be avoided, to prevent the advent of pulsations in the air.',NULL,'Verbatim','2023-07-01 04:33:32','2023-07-01 04:33:32'),(277,1,1,2,2,1,277,1,1,'-','TR','RFP','All surfaces of all components, except where otherwise indicated, shall be finished by machining, shot blasting, grinding, pickling or other approved means. Where an atmospheric corrosion resistant coating is required, the surface shall also be thoroughly cleaned and degreased.',NULL,'Verbatim','2023-07-01 04:33:32','2023-07-01 04:33:32'),(278,1,1,2,2,1,278,1,1,'-','TR','RFP','The purpose of the functional tests is to check the performance of all components of the PRV under various simulated conditions of operation. The tests are intended to show up any deficiencies in the mechanical equipment such as lost motion or backlash in the operating linkages and actuators and in the instrumentation drive devices. Such deficiencies shall be identified and shall be corrected if, in the judgement of the Employer or his representatives, they are of such a nature that the PRV would not be able to operate at the required level of performance and to provide the required operating characteristics.',NULL,'Verbatim','2023-07-01 04:33:33','2023-07-01 04:33:33'),(279,1,1,2,2,1,279,1,1,'-','TR','RFP','The tests will also check the operation of the servo valve, and the position transducer, and will provide a means of identifying the nature and source of deficiencies, if any, and suggest the means for their correction.',NULL,'Verbatim','2023-07-01 04:33:33','2023-07-01 04:33:33'),(281,1,1,2,2,1,281,1,1,'-','TR','RFP','The CONTRACTOR may propose alternate standards for DT and NDT for review and approval by the ADMINISTRATION.',NULL,'Verbatim','2023-07-01 04:33:33','2023-07-01 04:33:33'),(282,1,1,2,2,1,282,1,1,'GR-282','TR','RFP','<p>A hydrostatic test shall be carried out for all pressure containing parts of PRV assembly. For valve body, hydrostatic test shall be done as per the ASME Boiler and Pressure Vessel Code Sec..VIII, UG-99b for the minimum of 1 hour in test pressure. For all other parts, the test details shall be defined by the CONTRACTOR and approved by the ADMINISTRATION.<br>The hydrostatic test must be performed on temporary supports, as the PRV Flexible Supports defined by 4281-158 are not designed to support the additional load from testing. PRV shall not be hydrostatically tested on the Flexible Supports 4281-158A.</p>',NULL,'Verbatim','2023-07-01 14:13:40','2023-07-02 21:28:17'),(283,1,1,2,2,1,283,1,1,'GR-283','TR','RFP','<p>The functional tests for hydraulic cylinder shall include at least the following:</p><ul><li>Cycling Tests</li><li>Internal Leakage Tests</li><li>External Leakage Tests</li><li>Proof Pressure Tests</li><li>Breakaway Pressure Tests</li><li>Cushion veracity (location, type, etc.) and function</li><li>Gland Drain Check</li><li>Intermediate Position Holding:</li></ul><p>The cylinder will often \"shuttle\" the valve to a specific position and hold that position during tunnel operation; the hydraulic cylinder shall be checked to ensure intermediate positions (away from the ends of the cylinder) can be held.</p>',NULL,'Verbatim','2023-07-01 14:15:39','2023-07-03 20:47:43'),(284,1,1,2,2,1,284,1,1,'GR-284','TR','RFP','<p>Hydraulic System Functional Test</p><p>Hydraulic system shall be tested on subsystem level to demonstrate working and relief pressures, mass flow rates are in accordance with 199-159202-001-R02 Specifications and Requirements</p>',NULL,'Verbatim','2023-07-01 14:19:38','2023-07-02 21:28:58'),(285,1,1,2,2,1,285,1,1,'GR-285','TR','RFP','<p>Pressure Regulating Valve Assembly Functional Test</p><p>After assembly of the complete Pressure Regulating Valve, it shall be tested in the CONTRACTOR’s shop, as detailed herein. The purpose of the tests is to check the performance of all PRV Assembly under various simulated conditions of operation.</p><p><br>The tests shall demonstrate the full operation without any deficiencies (such as lost motion or backlash in the operating linkages and actuators and in the instrumentation drive devices, etc.). The Forward/Backward Time Constant (both 63% and 86% time constants), Repeatability, Hysteresis,Dead Time and Dead Band of the Valve Assembly shall be specified and reported by the CONTRACTOR based on the collected data during the tests.</p><p><br>The following steps are highlighted for assembly level functional tests and the CONTRACTOR shall define detailed procedures (subject to ADMINISTRATION approval):</p><ul><li>Low speed full stroke demonstration of PRV sleeve motion (at least 100 repeats required)<ul><li>PRV shall be checked for any wear, tear after each repeat</li></ul></li><li>Frequency response test of PRV sleeve (at least 10 repeats required)<ul><li>PRV shall be checked for any wear, tear after each repeat</li><li>PRV shall follow oscillatory command at the same frequency</li><li>There shall be no loss of motion between sleeve and rods and piston spider</li><li>There shall be no back-lash and lost motion between the sleeve and the position potentiometer.</li></ul></li><li>Step response test of PRV sleeve (at least 10 repeats required, at least 200 tests in total)<ul><li>PRV shall be tested for valve opening and valve closing separately at full stroke.</li><li>Tests are to be done for:<ul><li>25 cm/s</li><li>50 cm/s</li><li>75 cm/s</li><li>125 cm/s</li><li>Maximum velocity (no less than 145 cm/s)</li></ul></li><li>For each case (opening &amp; closing at each speed), a repeat shall be done while excitation is suddenly removed at mid stroke.</li></ul></li><li>Step response test of PRV sleeve (at least 10 repeats required, at least 100 tests in total)<ul><li>PRV shall be tested for valve opening and valve closing separately at full stroke with 10% initial positioning increments.<br>o Tests are to be done for:<br>▪ 25 cm/s<br>▪ 50 cm/s<br>▪ 75 cm/s<br>▪ 125 cm/s<br>▪ Maximum velocity (no less than 145 cm/s)</li></ul></li><li>Ramp response test for PRV sleeve (at least 10 repeats required, at least 100 tests in total)<ul><li>PRV shall be tested for valve opening and valve closing separately at full stroke.</li><li>Tests are to be done for:<ul><li>25 cm/s</li><li>50 cm/s</li><li>75 cm/s</li><li>125 cm/s</li><li>Maximum velocity (no less than 145 cm/s)</li></ul></li></ul></li></ul>',NULL,'Verbatim','2023-07-01 14:29:24','2023-07-03 20:48:59'),(286,1,1,2,2,1,286,1,1,'GR-286','TR','RFP','<p>Pressure Regulating Valve Assembly Simulated Failure Tests</p><p>After successful completion of tests ,the CONTRACTOR shall perform simulated failure tests to demonstrate the PRV Assembly responses to simulated command signal range violation and hydraulic loss cases. Data collected during the tests shall be processed by the CONTRACTOR to report the characteristics of the valve in failure cases.</p><ul><li>Characteristics of the PRV Assembly in Case of Out-of-Range Command Signal (at least 10 repeats required)<ul><li>PRV shall be tested for valve closing separately at full stroke.</li></ul></li><li>Characteristics of the PRV Assembly in Case of Loss of Hydraulics Supply (at least 10 repeats required)<ul><li>PRV shall be tested for valve closing separately at full stroke.</li></ul></li></ul>',NULL,'Verbatim','2023-07-01 14:33:33','2023-07-02 21:29:31'),(287,1,1,2,2,1,287,1,1,'SCS.PRV.1','TR','RFP','<p>The following are to be checked, approved and reported to the ADMINISTRATION by the Third Party.<br>The Pressure Regulating Valve components shall be tested in its original configuration defined by the with 199-159202-001-R02 Specifications and Requirements</p><ul><li>Major Changes from the original configuration shall be subjected to the approval of the ADMINISTRATION.<br>&nbsp;</li></ul>',NULL,'Verbatim','2023-07-01 14:47:21','2023-07-02 18:52:46'),(288,1,1,2,2,1,288,1,1,'SCS.PRV.2','TR','RFP','<p>The following are to be checked, approved and reported to the ADMINSITRATION by the Third Party.</p><p>The CONTRACTOR shall prepare and test specimens at ADMINISTRATION\'s will in accordance with the referenced material standards for steel pressure vessel construction.</p>',NULL,'Verbatim','2023-07-01 14:48:26','2023-07-01 14:50:33'),(289,1,1,2,2,1,289,1,1,'SCS.PRV.3','TR','RFP','<p>The following are to be checked, approved and reported to the ADMINSITRATION by the Third Party.</p><p>During heat treatment adequate specimens with the same grade shall be heat treated at the same time Guides 4281-156Z are carburizing. Hardness tests and other probable destructive tests shall be done on the specimens; however, NDTs are allowed to be done on the main part.</p>',NULL,'Verbatim','2023-07-01 14:51:26','2023-07-01 14:51:26'),(290,1,1,2,2,1,290,1,1,'SCS.PRV.4','TR','RFP','<p>The following are to be checked, approved and reported to the ADMINSITRATION by the Third Party.</p><p>Representative specimens shall be provided with each batch of parts being heat treated.</p><ol><li>These specimens shall be of a size and shape to give properties representative of the reference parts.</li><li>From these specimens, test specimens shall be prepared and tested to determine if the required properties have been achieved.</li><li>The test results shall be submitted to the ADMINISTRATION.<br>&nbsp;</li></ol>',NULL,'Verbatim','2023-07-01 14:52:37','2023-07-02 19:24:13'),(291,1,1,2,2,1,291,1,1,'SCS.PRV.5','TR','RFP','<p>The following are to be checked, approved and reported to the ADMINISTRATION by the Third Party.</p><p>As a general rule, NDT extent for in the Post Weld Heat Treatment (PWHT) stage for the welds that are subject to heat treatment shall be the same as before PWHT.</p>',NULL,'Verbatim','2023-07-01 14:53:14','2023-07-02 19:35:08'),(292,1,1,2,2,1,292,1,1,'SCS.PRV.6','TR','RFP','<p>The following are to be checked, approved and reported to the ADMINSITRATION by the Third Party.</p><p>For fillet welds, the radiography test would be replaced by Ultrasonic test with the same percentage.</p>',NULL,'Verbatim','2023-07-01 14:53:48','2023-07-01 14:55:28'),(293,1,1,2,2,1,293,1,1,'SCS.PRV.7','TR','RFP','<p>The following are to be checked, approved and reported to the ADMINSITRATION by the Third Party.</p><p>Hardness test shall be carried out on the specified surfaces with hardness requirements as specified in the drawings.<br>&nbsp;</p>',NULL,'Verbatim','2023-07-01 14:54:17','2023-07-01 14:54:36'),(294,1,1,2,2,1,294,1,1,'SCS.PRV.8','TR','RFP','<p>The following are to be checked, approved and reported to the ADMINSITRATION by the Third Party.</p><p><br>All components and sub-assemblies of the PRV Assembly shall be dimensionally inspected 100%.</p>',NULL,'Verbatim','2023-07-01 14:55:08','2023-07-01 14:55:08'),(295,1,1,2,2,1,295,1,1,'SCS.PRV.9','TR','RFP','<p>The following are to be checked, approved and reported to the ADMINSITRATION by the Third Party.</p><p>The Hydrostatic Test shall be conducted after the welding and machining operations have been completed and before the moving and controls parts have been assembled into the valve. The test shall be accomplished by closing both ends of the valve with suitable temporary domed or hemispherical heads, filling the valve with water and applying the test pressure for the minimum holding time of 1 hour at the design pressure. The PRV Shell Weldment will not support<br>the weight of the water without adequate support. These supports are to be defined by the CONTRACTOR.</p>',NULL,'Verbatim','2023-07-01 14:57:48','2023-07-02 19:43:11'),(296,1,1,2,2,1,296,1,1,'SCS.PRV.10','TR','RFP','<p>The following are to be checked, approved and reported to the ADMINSITRATION by the Third Party.</p><p>All of the hydraulic fluid used for the tests shall have been previously filtered through a 10-micron absolute filter.</p>',NULL,'Verbatim','2023-07-01 14:58:22','2023-07-01 14:59:56'),(297,1,1,2,2,1,297,1,1,'SCS.PRV.11','TR','RFP','<p>The following are to be checked, approved and reported to the ADMINSITRATION by the Third Party.</p><p>All of the hydraulic system components shall be flushed prior to Factory Acceptance Tests.</p>',NULL,'Verbatim','2023-07-01 14:58:53','2023-07-01 15:00:15'),(298,1,1,2,2,1,298,1,1,'SCS.PRV.12','TR','RFP','<p>The following are to be checked, approved and reported to the ADMINSITRATION by the Third Party.</p><p>For each cleanliness inspection, at least Direct Visual Inspection (white light), Wipe Test and Ultra-Violet Inspection shall be done.</p>',NULL,'Verbatim','2023-07-01 14:59:17','2023-07-01 15:00:30'),(299,1,1,2,2,1,299,1,1,'TRQ-1','TR','RFP','<p>Torque values given in the following table shall be used for regular pitch bolting the fasteners (see TR-70).</p><figure class=\"table\"><table><thead><tr><th colspan=\"4\">Torque (kg*m)</th></tr><tr><th>Bolt Size (mm)</th><th>Strength Category (5.6)</th><th>Strength Category (8.8)</th><th>Strength Category (10.9)</th></tr></thead><tbody><tr><td>4</td><td>0.12</td><td>0.29</td><td>0.4</td></tr><tr><td>5</td><td>0.24</td><td>0.57</td><td>0.8</td></tr><tr><td>6</td><td>0.40</td><td>1.0</td><td>1.4</td></tr><tr><td>7</td><td>0.67</td><td>1.6</td><td>2.3</td></tr><tr><td>8</td><td>0.97</td><td>2.5</td><td>3.5</td></tr><tr><td>10</td><td>2.0</td><td>5.0</td><td>6.0</td></tr><tr><td>12</td><td>3.5</td><td>8.0</td><td>12.0</td></tr><tr><td>14</td><td>5.25</td><td>13.0</td><td>18.0</td></tr><tr><td>16</td><td>8.25</td><td>20.0</td><td>27.0</td></tr><tr><td>18</td><td>12.0</td><td>26.0</td><td>37.0</td></tr><tr><td>20</td><td>16.5</td><td>36.0</td><td>51.0</td></tr><tr><td>22</td><td>21.0</td><td>51.0</td><td>72.0</td></tr><tr><td>24</td><td>25.5</td><td>65.0</td><td>92.0</td></tr><tr><td>27</td><td>27.5</td><td>98.0</td><td>138.0</td></tr><tr><td>30</td><td>52.5</td><td>134.0</td><td>188.0</td></tr></tbody></table></figure><p><strong>Note</strong>: Fasteners are not to be pre-stressed beyond 70% of their yield strength</p>',NULL,'Verbatim','2023-07-02 08:23:20','2023-07-03 18:47:01'),(300,1,1,2,2,1,300,1,1,'TRQ-2','TR','RFP','<p>Torque values given in the following table shall be used for regular pressure bolting fasteners (see TR-71)</p><figure class=\"table\"><table><thead><tr><th>Bolt Size</th><th>Bolt/Stud Material Specification</th><th>K Factor (Note 1)</th><th>Maximum Torque (N.m)</th><th>Maximum Torque (kg.m)</th></tr></thead><tbody><tr><td>M8</td><td>SA 193 B7</td><td>0.2</td><td>15</td><td>2</td></tr><tr><td>M10</td><td>SA 193 B7</td><td>0.2</td><td>31</td><td>3</td></tr><tr><td>M12</td><td>SA 193 B7</td><td>0.2</td><td>54</td><td>5</td></tr><tr><td>M14</td><td>SA 193 B7</td><td>0.2</td><td>86</td><td>9</td></tr><tr><td>M16</td><td>SA 193 B7</td><td>0.2</td><td>137</td><td>14</td></tr><tr><td>M16</td><td>SA 193 B7</td><td>0.2</td><td>186</td><td>19</td></tr><tr><td>M20</td><td>SA 193 B7</td><td>0.2</td><td>267</td><td>27</td></tr><tr><td>M22</td><td>SA 193 B7</td><td>0.2</td><td>368</td><td>38</td></tr><tr><td>M24</td><td>SA 193 B7</td><td>0.2</td><td>407</td><td>41</td></tr><tr><td>M27</td><td>SA 193 B7</td><td>0.2</td><td>686</td><td>70</td></tr><tr><td>M30</td><td>SA 193 B7</td><td>0.2</td><td>927</td><td>95</td></tr><tr><td>M33</td><td>SA 193 B7</td><td>0.2</td><td>1275</td><td>130</td></tr><tr><td>M36</td><td>SA 193 B7</td><td>0.2</td><td>1628</td><td>166</td></tr><tr><td>M39</td><td>SA 193 B7</td><td>0.2</td><td>2126</td><td>217</td></tr><tr><td>M42</td><td>SA 193 B7</td><td>0.2</td><td>2614</td><td>267</td></tr><tr><td>M45</td><td>SA 193 B7</td><td>0.2</td><td>3268</td><td>333</td></tr><tr><td>M48</td><td>SA 193 B7</td><td>0.2</td><td>3930</td><td>401</td></tr><tr><td>M52</td><td>SA 193 B7</td><td>0.2</td><td>5149</td><td>525</td></tr><tr><td>M56</td><td>SA 193 B7</td><td>0.2</td><td>6378</td><td>650</td></tr></tbody></table></figure><p>Note: Fasteners are not to be pre-stressed beyond 60% of their yield strength.</p>',NULL,'Verbatim','2023-07-02 08:39:19','2023-07-03 18:50:21'),(301,1,1,2,2,1,301,1,1,'REQ-000589','TR','RFP','<p>The accumulator lines shall have a pressure switch to operate within required safe pressures, failure to do so should generate a signal.</p>',NULL,'Verbatim','2023-07-03 17:05:03','2023-07-03 18:06:09');
/*!40000 ALTER TABLE `requirements` ENABLE KEYS */;
UNLOCK TABLES;

--
-- Table structure for table `role_has_permissions`
--

DROP TABLE IF EXISTS `role_has_permissions`;
/*!40101 SET @saved_cs_client     = @@character_set_client */;
/*!50503 SET character_set_client = utf8mb4 */;
CREATE TABLE `role_has_permissions` (
  `permission_id` bigint unsigned NOT NULL,
  `role_id` bigint unsigned NOT NULL,
  PRIMARY KEY (`permission_id`,`role_id`),
  KEY `role_has_permissions_role_id_foreign` (`role_id`),
  CONSTRAINT `role_has_permissions_permission_id_foreign` FOREIGN KEY (`permission_id`) REFERENCES `permissions` (`id`) ON DELETE CASCADE,
  CONSTRAINT `role_has_permissions_role_id_foreign` FOREIGN KEY (`role_id`) REFERENCES `roles` (`id`) ON DELETE CASCADE
) ENGINE=InnoDB DEFAULT CHARSET=utf8mb4 COLLATE=utf8mb4_unicode_ci;
/*!40101 SET character_set_client = @saved_cs_client */;

--
-- Dumping data for table `role_has_permissions`
--

LOCK TABLES `role_has_permissions` WRITE;
/*!40000 ALTER TABLE `role_has_permissions` DISABLE KEYS */;
/*!40000 ALTER TABLE `role_has_permissions` ENABLE KEYS */;
UNLOCK TABLES;

--
-- Table structure for table `roles`
--

DROP TABLE IF EXISTS `roles`;
/*!40101 SET @saved_cs_client     = @@character_set_client */;
/*!50503 SET character_set_client = utf8mb4 */;
CREATE TABLE `roles` (
  `id` bigint unsigned NOT NULL AUTO_INCREMENT,
  `name` varchar(255) COLLATE utf8mb4_unicode_ci NOT NULL,
  `guard_name` varchar(255) COLLATE utf8mb4_unicode_ci NOT NULL,
  `created_at` timestamp NULL DEFAULT NULL,
  `updated_at` timestamp NULL DEFAULT NULL,
  PRIMARY KEY (`id`),
  UNIQUE KEY `roles_name_guard_name_unique` (`name`,`guard_name`)
) ENGINE=InnoDB AUTO_INCREMENT=4 DEFAULT CHARSET=utf8mb4 COLLATE=utf8mb4_unicode_ci;
/*!40101 SET character_set_client = @saved_cs_client */;

--
-- Dumping data for table `roles`
--

LOCK TABLES `roles` WRITE;
/*!40000 ALTER TABLE `roles` DISABLE KEYS */;
INSERT INTO `roles` VALUES (1,'admin','web','2023-10-29 12:06:45','2023-10-29 12:06:45'),(2,'company_admin','web','2023-10-29 12:06:45','2023-10-29 12:06:45'),(3,'requirement_engineer','web','2023-10-29 12:06:45','2023-10-29 12:06:45');
/*!40000 ALTER TABLE `roles` ENABLE KEYS */;
UNLOCK TABLES;

--
-- Table structure for table `users`
--

DROP TABLE IF EXISTS `users`;
/*!40101 SET @saved_cs_client     = @@character_set_client */;
/*!50503 SET character_set_client = utf8mb4 */;
CREATE TABLE `users` (
  `id` bigint unsigned NOT NULL AUTO_INCREMENT,
  `name` varchar(255) COLLATE utf8mb4_unicode_ci NOT NULL,
  `lastname` varchar(255) COLLATE utf8mb4_unicode_ci NOT NULL,
  `company_id` bigint unsigned DEFAULT NULL,
  `email` varchar(255) COLLATE utf8mb4_unicode_ci NOT NULL,
  `email_verified_at` timestamp NULL DEFAULT NULL,
  `password` varchar(255) COLLATE utf8mb4_unicode_ci NOT NULL,
  `remember_token` varchar(100) COLLATE utf8mb4_unicode_ci DEFAULT NULL,
  `created_at` timestamp NULL DEFAULT NULL,
  `updated_at` timestamp NULL DEFAULT NULL,
  PRIMARY KEY (`id`),
  UNIQUE KEY `users_email_unique` (`email`)
) ENGINE=InnoDB AUTO_INCREMENT=9 DEFAULT CHARSET=utf8mb4 COLLATE=utf8mb4_unicode_ci;
/*!40101 SET character_set_client = @saved_cs_client */;

--
-- Dumping data for table `users`
--

LOCK TABLES `users` WRITE;
/*!40000 ALTER TABLE `users` DISABLE KEYS */;
INSERT INTO `users` VALUES (1,'Kılıç Ali','Temiz',1,'katemiz@gmail.com',NULL,'$2y$10$KPMLYnCzbkHyzaA9Z4XM7eXL.V1vIxhQwvP7V7B/OOOnsCrsiW4MO',NULL,'2023-10-29 12:06:45','2023-10-29 12:06:45'),(2,'Kılıç Ali','Temiz',3,'katemiz@masttech.com',NULL,'$2y$10$lYMs403Jt/yxYfoTPCAWB.SaBRovlc7aD0EIohAm0HFH9RPXgYpEe',NULL,'2023-10-29 12:06:45','2023-11-12 11:09:39'),(3,'Ümit','Kutluay',2,'umit.kutluay@tubitak.gov.tr',NULL,'$2y$10$YcRX9u089cPGufAU0diCpeaYmNyfOEWwG2bdAe.6peZxaw9QvUGre',NULL,'2023-10-29 12:06:45','2023-10-29 12:06:45'),(8,'Kılıç Ali','Temiz',2,'katemiz@kapkara.one',NULL,'$2y$10$b5BswoGQDNU9P3JpK5GUc.fDCf2JTRYokqdgUDwRx.Rb1MkGXO4a.',NULL,'2023-11-12 11:07:06','2023-11-12 11:09:03');
/*!40000 ALTER TABLE `users` ENABLE KEYS */;
UNLOCK TABLES;

--
-- Table structure for table `verifications`
--

DROP TABLE IF EXISTS `verifications`;
/*!40101 SET @saved_cs_client     = @@character_set_client */;
/*!50503 SET character_set_client = utf8mb4 */;
CREATE TABLE `verifications` (
  `id` bigint unsigned NOT NULL AUTO_INCREMENT,
  `user_id` bigint unsigned NOT NULL,
  `company_id` bigint unsigned NOT NULL,
  `project_id` bigint unsigned NOT NULL,
  `endproduct_id` bigint unsigned DEFAULT NULL,
  `requirement_id` bigint unsigned NOT NULL,
  `gate_id` bigint unsigned NOT NULL,
  `moc_id` bigint unsigned NOT NULL,
  `poc_id` bigint unsigned NOT NULL,
  `witness_id` bigint unsigned NOT NULL,
  `remarks` text COLLATE utf8mb4_unicode_ci,
  `created_at` timestamp NULL DEFAULT NULL,
  `updated_at` timestamp NULL DEFAULT NULL,
  PRIMARY KEY (`id`)
) ENGINE=InnoDB AUTO_INCREMENT=664 DEFAULT CHARSET=utf8mb4 COLLATE=utf8mb4_unicode_ci;
/*!40101 SET character_set_client = @saved_cs_client */;

--
-- Dumping data for table `verifications`
--

LOCK TABLES `verifications` WRITE;
/*!40000 ALTER TABLE `verifications` DISABLE KEYS */;
INSERT INTO `verifications` VALUES (1,1,2,2,1,35,18,10,14,1,NULL,'2023-07-31 19:27:10','2023-07-31 19:27:10'),(2,1,2,2,1,35,20,14,17,1,NULL,'2023-07-31 19:27:10','2023-07-31 19:27:10'),(3,1,2,2,1,35,21,14,42,1,NULL,'2023-07-31 19:27:11','2023-07-31 19:27:11'),(4,1,2,2,1,36,18,10,14,1,NULL,'2023-07-31 19:27:11','2023-07-31 19:27:11'),(5,1,2,2,1,36,21,10,42,1,NULL,'2023-07-31 19:27:11','2023-07-31 19:27:11'),(6,1,2,2,1,282,17,10,25,1,NULL,'2023-07-31 19:27:11','2023-07-31 19:27:11'),(7,1,2,2,1,282,18,10,25,1,NULL,'2023-07-31 19:27:11','2023-07-31 19:27:11'),(8,1,2,2,1,282,20,14,14,1,NULL,'2023-07-31 19:27:11','2023-07-31 19:27:11'),(9,1,2,2,1,282,21,14,42,1,NULL,'2023-07-31 19:27:11','2023-07-31 19:27:11'),(10,1,2,2,1,283,17,10,25,1,NULL,'2023-07-31 19:27:11','2023-07-31 19:27:11'),(11,1,2,2,1,283,18,10,14,1,NULL,'2023-07-31 19:27:11','2023-07-31 19:27:11'),(12,1,2,2,1,283,20,14,14,1,NULL,'2023-07-31 19:27:11','2023-07-31 19:27:11'),(13,1,2,2,1,283,21,14,42,1,NULL,'2023-07-31 19:27:12','2023-07-31 19:27:12'),(14,1,2,2,1,284,17,10,25,1,NULL,'2023-07-31 19:27:12','2023-07-31 19:27:12'),(15,1,2,2,1,284,18,10,14,1,NULL,'2023-07-31 19:27:12','2023-07-31 19:27:12'),(16,1,2,2,1,284,20,14,17,1,NULL,'2023-07-31 19:27:12','2023-07-31 19:27:12'),(17,1,2,2,1,284,21,14,42,1,NULL,'2023-07-31 19:27:12','2023-07-31 19:27:12'),(18,1,2,2,1,285,17,10,25,1,NULL,'2023-07-31 19:27:12','2023-07-31 19:27:12'),(19,1,2,2,1,285,18,10,14,1,NULL,'2023-07-31 19:27:12','2023-07-31 19:27:12'),(20,1,2,2,1,285,20,14,17,1,NULL,'2023-07-31 19:27:12','2023-07-31 19:27:12'),(21,1,2,2,1,285,21,14,42,1,NULL,'2023-07-31 19:27:12','2023-07-31 19:27:12'),(22,1,2,2,1,286,17,10,25,1,NULL,'2023-07-31 19:27:12','2023-07-31 19:27:12'),(23,1,2,2,1,286,18,10,14,1,NULL,'2023-07-31 19:27:13','2023-07-31 19:27:13'),(24,1,2,2,1,286,20,14,17,1,NULL,'2023-07-31 19:27:13','2023-07-31 19:27:13'),(25,1,2,2,1,286,21,14,42,1,NULL,'2023-07-31 19:27:13','2023-07-31 19:27:13'),(26,1,2,2,1,287,17,10,25,1,NULL,'2023-07-31 19:27:13','2023-07-31 19:27:13'),(27,1,2,2,1,287,18,10,14,1,NULL,'2023-07-31 19:27:13','2023-07-31 19:27:13'),(28,1,2,2,1,287,20,14,17,2,NULL,'2023-07-31 19:27:13','2023-07-31 19:27:13'),(29,1,2,2,1,287,21,14,42,2,NULL,'2023-07-31 19:27:13','2023-07-31 19:27:13'),(30,1,2,2,1,288,17,10,25,1,NULL,'2023-07-31 19:27:13','2023-07-31 19:27:13'),(31,1,2,2,1,288,19,10,15,2,NULL,'2023-07-31 19:27:13','2023-07-31 19:27:13'),(32,1,2,2,1,288,20,14,14,2,NULL,'2023-07-31 19:27:14','2023-07-31 19:27:14'),(33,1,2,2,1,289,17,10,25,1,NULL,'2023-07-31 19:27:14','2023-07-31 19:27:14'),(34,1,2,2,1,289,18,10,23,2,NULL,'2023-07-31 19:27:14','2023-07-31 19:27:14'),(35,1,2,2,1,289,22,14,40,2,NULL,'2023-07-31 19:27:14','2023-07-31 19:27:14'),(36,1,2,2,1,290,17,10,25,1,NULL,'2023-07-31 19:27:14','2023-07-31 19:27:14'),(37,1,2,2,1,290,18,10,23,2,NULL,'2023-07-31 19:27:14','2023-07-31 19:27:14'),(38,1,2,2,1,290,22,14,40,2,NULL,'2023-07-31 19:27:14','2023-07-31 19:27:14'),(39,1,2,2,1,291,17,10,25,1,NULL,'2023-07-31 19:27:14','2023-07-31 19:27:14'),(40,1,2,2,1,291,18,10,34,2,NULL,'2023-07-31 19:27:14','2023-07-31 19:27:14'),(41,1,2,2,1,291,21,13,40,2,NULL,'2023-07-31 19:27:15','2023-07-31 19:27:15'),(42,1,2,2,1,292,17,10,34,1,NULL,'2023-07-31 19:27:15','2023-07-31 19:27:15'),(43,1,2,2,1,292,17,10,23,1,NULL,'2023-07-31 19:27:15','2023-07-31 19:27:15'),(44,1,2,2,1,292,21,13,40,2,NULL,'2023-07-31 19:27:15','2023-07-31 19:27:15'),(45,1,2,2,1,292,22,13,40,2,NULL,'2023-07-31 19:27:15','2023-07-31 19:27:15'),(46,1,2,2,1,293,17,10,23,1,NULL,'2023-07-31 19:27:15','2023-07-31 19:27:15'),(47,1,2,2,1,293,18,10,25,1,NULL,'2023-07-31 19:27:15','2023-07-31 19:27:15'),(48,1,2,2,1,293,19,10,40,2,NULL,'2023-07-31 19:27:15','2023-07-31 19:27:15'),(49,1,2,2,1,293,21,13,40,2,NULL,'2023-07-31 19:27:15','2023-07-31 19:27:15'),(50,1,2,2,1,294,17,10,34,1,NULL,'2023-07-31 19:27:16','2023-07-31 19:27:16'),(51,1,2,2,1,294,18,10,34,2,NULL,'2023-07-31 19:27:16','2023-07-31 19:27:16'),(52,1,2,2,1,294,21,13,40,2,NULL,'2023-07-31 19:27:16','2023-07-31 19:27:16'),(53,1,2,2,1,295,17,10,25,1,NULL,'2023-07-31 19:27:16','2023-07-31 19:27:16'),(54,1,2,2,1,295,18,10,15,1,NULL,'2023-07-31 19:27:16','2023-07-31 19:27:16'),(55,1,2,2,1,295,19,10,15,1,NULL,'2023-07-31 19:27:16','2023-07-31 19:27:16'),(56,1,2,2,1,295,20,14,40,2,NULL,'2023-07-31 19:27:16','2023-07-31 19:27:16'),(57,1,2,2,1,295,21,13,17,2,NULL,'2023-07-31 19:27:16','2023-07-31 19:27:16'),(58,1,2,2,1,296,17,10,25,1,NULL,'2023-07-31 19:27:16','2023-07-31 19:27:16'),(59,1,2,2,1,296,18,10,15,1,NULL,'2023-07-31 19:27:16','2023-07-31 19:27:16'),(60,1,2,2,1,296,19,10,40,2,NULL,'2023-07-31 19:27:17','2023-07-31 19:27:17'),(61,1,2,2,1,296,20,14,40,2,NULL,'2023-07-31 19:27:17','2023-07-31 19:27:17'),(62,1,2,2,1,297,17,10,25,1,NULL,'2023-07-31 19:27:17','2023-07-31 19:27:17'),(63,1,2,2,1,297,19,13,40,2,NULL,'2023-07-31 19:27:17','2023-07-31 19:27:17'),(64,1,2,2,1,298,17,10,34,1,NULL,'2023-07-31 19:27:17','2023-07-31 19:27:17'),(65,1,2,2,1,298,17,10,25,1,NULL,'2023-07-31 19:27:17','2023-07-31 19:27:17'),(66,1,2,2,1,298,19,12,40,2,NULL,'2023-07-31 19:27:17','2023-07-31 19:27:17'),(67,1,2,2,1,1,16,10,10,1,NULL,'2023-07-31 19:27:17','2023-07-31 19:27:17'),(68,1,2,2,1,1,17,10,10,1,NULL,'2023-07-31 19:27:17','2023-07-31 19:27:17'),(69,1,2,2,1,1,17,10,34,1,NULL,'2023-07-31 19:27:18','2023-07-31 19:27:18'),(70,1,2,2,1,2,17,10,34,1,NULL,'2023-07-31 19:27:18','2023-07-31 19:27:18'),(71,1,2,2,1,3,17,10,34,1,NULL,'2023-07-31 19:27:18','2023-07-31 19:27:18'),(72,1,2,2,1,3,17,10,10,1,NULL,'2023-07-31 19:27:18','2023-07-31 19:27:18'),(73,1,2,2,1,4,17,10,34,1,NULL,'2023-07-31 19:27:18','2023-07-31 19:27:18'),(74,1,2,2,1,4,18,10,23,1,NULL,'2023-07-31 19:27:18','2023-07-31 19:27:18'),(75,1,2,2,1,4,18,10,24,1,NULL,'2023-07-31 19:27:18','2023-07-31 19:27:18'),(76,1,2,2,1,4,19,10,40,2,NULL,'2023-07-31 19:27:18','2023-07-31 19:27:18'),(77,1,2,2,1,4,19,13,33,1,NULL,'2023-07-31 19:27:18','2023-07-31 19:27:18'),(78,1,2,2,1,5,17,10,10,1,NULL,'2023-07-31 19:27:18','2023-07-31 19:27:18'),(79,1,2,2,1,6,17,10,10,1,NULL,'2023-07-31 19:27:19','2023-07-31 19:27:19'),(80,1,2,2,1,6,17,10,34,1,NULL,'2023-07-31 19:27:19','2023-07-31 19:27:19'),(81,1,2,2,1,7,17,10,34,1,NULL,'2023-07-31 19:27:19','2023-07-31 19:27:19'),(82,1,2,2,1,8,16,10,10,1,NULL,'2023-07-31 19:27:19','2023-07-31 19:27:19'),(83,1,2,2,1,9,16,10,10,1,NULL,'2023-07-31 19:27:19','2023-07-31 19:27:19'),(84,1,2,2,1,10,17,10,10,1,NULL,'2023-07-31 19:27:19','2023-07-31 19:27:19'),(85,1,2,2,1,10,17,10,34,1,NULL,'2023-07-31 19:27:19','2023-07-31 19:27:19'),(86,1,2,2,1,11,17,10,10,1,NULL,'2023-07-31 19:27:19','2023-07-31 19:27:19'),(87,1,2,2,1,11,17,10,13,1,NULL,'2023-07-31 19:27:19','2023-07-31 19:27:19'),(88,1,2,2,1,12,17,10,10,1,NULL,'2023-07-31 19:27:19','2023-07-31 19:27:19'),(89,1,2,2,1,12,17,10,13,1,NULL,'2023-07-31 19:27:20','2023-07-31 19:27:20'),(90,1,2,2,1,13,17,10,10,1,NULL,'2023-07-31 19:27:20','2023-07-31 19:27:20'),(91,1,2,2,1,13,17,10,13,1,NULL,'2023-07-31 19:27:20','2023-07-31 19:27:20'),(92,1,2,2,1,14,17,10,13,1,NULL,'2023-07-31 19:27:20','2023-07-31 19:27:20'),(93,1,2,2,1,15,17,10,13,1,NULL,'2023-07-31 19:27:20','2023-07-31 19:27:20'),(94,1,2,2,1,16,17,10,34,1,NULL,'2023-07-31 19:27:20','2023-07-31 19:27:20'),(95,1,2,2,1,17,16,10,34,1,NULL,'2023-07-31 19:27:20','2023-07-31 19:27:20'),(96,1,2,2,1,18,17,10,34,1,NULL,'2023-07-31 19:27:20','2023-07-31 19:27:20'),(97,1,2,2,1,19,17,10,10,1,NULL,'2023-07-31 19:27:20','2023-07-31 19:27:20'),(98,1,2,2,1,20,18,10,23,1,NULL,'2023-07-31 19:27:21','2023-07-31 19:27:21'),(99,1,2,2,1,20,19,13,40,2,NULL,'2023-07-31 19:27:21','2023-07-31 19:27:21'),(100,1,2,2,1,21,22,10,27,1,NULL,'2023-07-31 19:27:21','2023-07-31 19:27:21'),(101,1,2,2,1,21,22,12,33,2,NULL,'2023-07-31 19:27:21','2023-07-31 19:27:21'),(102,1,2,2,1,22,17,10,23,1,NULL,'2023-07-31 19:27:21','2023-07-31 19:27:21'),(103,1,2,2,1,22,22,12,10,2,NULL,'2023-07-31 19:27:21','2023-07-31 19:27:21'),(104,1,2,2,1,23,17,10,10,1,NULL,'2023-07-31 19:27:21','2023-07-31 19:27:21'),(105,1,2,2,1,23,22,12,33,2,NULL,'2023-07-31 19:27:21','2023-07-31 19:27:21'),(106,1,2,2,1,24,17,10,23,1,NULL,'2023-07-31 19:27:21','2023-07-31 19:27:21'),(107,1,2,2,1,24,22,12,33,2,NULL,'2023-07-31 19:27:22','2023-07-31 19:27:22'),(108,1,2,2,1,24,22,13,40,2,NULL,'2023-07-31 19:27:22','2023-07-31 19:27:22'),(109,1,2,2,1,26,17,10,23,1,NULL,'2023-07-31 19:27:22','2023-07-31 19:27:22'),(110,1,2,2,1,26,17,10,24,1,NULL,'2023-07-31 19:27:22','2023-07-31 19:27:22'),(111,1,2,2,1,27,17,10,24,1,NULL,'2023-07-31 19:27:22','2023-07-31 19:27:22'),(112,1,2,2,1,28,17,10,24,1,NULL,'2023-07-31 19:27:22','2023-07-31 19:27:22'),(113,1,2,2,1,29,17,10,24,1,NULL,'2023-07-31 19:27:22','2023-07-31 19:27:22'),(114,1,2,2,1,30,17,10,34,1,NULL,'2023-07-31 19:27:22','2023-07-31 19:27:22'),(115,1,2,2,1,30,17,10,26,1,NULL,'2023-07-31 19:27:22','2023-07-31 19:27:22'),(116,1,2,2,1,31,17,10,34,1,NULL,'2023-07-31 19:27:22','2023-07-31 19:27:22'),(117,1,2,2,1,32,17,10,24,1,NULL,'2023-07-31 19:27:23','2023-07-31 19:27:23'),(118,1,2,2,1,33,17,10,24,1,NULL,'2023-07-31 19:27:23','2023-07-31 19:27:23'),(119,1,2,2,1,34,17,10,34,1,NULL,'2023-07-31 19:27:23','2023-07-31 19:27:23'),(120,1,2,2,1,66,17,10,23,1,NULL,'2023-07-31 19:27:23','2023-07-31 19:27:23'),(121,1,2,2,1,66,18,10,23,1,NULL,'2023-07-31 19:27:23','2023-07-31 19:27:23'),(122,1,2,2,1,66,19,13,40,2,NULL,'2023-07-31 19:27:23','2023-07-31 19:27:23'),(123,1,2,2,1,67,17,10,24,1,NULL,'2023-07-31 19:27:23','2023-07-31 19:27:23'),(124,1,2,2,1,37,18,10,15,1,NULL,'2023-07-31 19:27:23','2023-07-31 19:27:23'),(125,1,2,2,1,37,19,10,16,1,NULL,'2023-07-31 19:27:24','2023-07-31 19:27:24'),(126,1,2,2,1,38,18,10,15,1,NULL,'2023-07-31 19:27:24','2023-07-31 19:27:24'),(127,1,2,2,1,38,19,10,16,1,NULL,'2023-07-31 19:27:24','2023-07-31 19:27:24'),(128,1,2,2,1,39,18,10,15,1,NULL,'2023-07-31 19:27:24','2023-07-31 19:27:24'),(129,1,2,2,1,39,19,10,16,1,NULL,'2023-07-31 19:27:24','2023-07-31 19:27:24'),(130,1,2,2,1,40,18,10,15,1,NULL,'2023-07-31 19:27:24','2023-07-31 19:27:24'),(131,1,2,2,1,40,19,10,16,1,NULL,'2023-07-31 19:27:24','2023-07-31 19:27:24'),(132,1,2,2,1,37,21,10,17,1,NULL,'2023-07-31 19:27:24','2023-07-31 19:27:24'),(133,1,2,2,1,38,21,10,17,1,NULL,'2023-07-31 19:27:24','2023-07-31 19:27:24'),(134,1,2,2,1,39,21,10,17,1,NULL,'2023-07-31 19:27:24','2023-07-31 19:27:24'),(135,1,2,2,1,40,21,10,17,1,NULL,'2023-07-31 19:27:25','2023-07-31 19:27:25'),(136,1,2,2,1,41,18,10,15,1,NULL,'2023-07-31 19:27:25','2023-07-31 19:27:25'),(137,1,2,2,1,41,19,10,16,1,NULL,'2023-07-31 19:27:25','2023-07-31 19:27:25'),(138,1,2,2,1,41,21,10,17,1,NULL,'2023-07-31 19:27:25','2023-07-31 19:27:25'),(139,1,2,2,1,42,17,10,23,1,NULL,'2023-07-31 19:27:25','2023-07-31 19:27:25'),(140,1,2,2,1,42,18,10,44,1,NULL,'2023-07-31 19:27:25','2023-07-31 19:27:25'),(141,1,2,2,1,42,19,13,33,1,NULL,'2023-07-31 19:27:25','2023-07-31 19:27:25'),(142,1,2,2,1,42,21,13,40,2,NULL,'2023-07-31 19:27:25','2023-07-31 19:27:25'),(143,1,2,2,1,43,17,10,23,1,NULL,'2023-07-31 19:27:25','2023-07-31 19:27:25'),(144,1,2,2,1,43,18,10,22,1,NULL,'2023-07-31 19:27:25','2023-07-31 19:27:25'),(145,1,2,2,1,43,21,13,33,1,NULL,'2023-07-31 19:27:26','2023-07-31 19:27:26'),(146,1,2,2,1,44,17,10,23,1,NULL,'2023-07-31 19:27:26','2023-07-31 19:27:26'),(147,1,2,2,1,44,18,10,22,1,NULL,'2023-07-31 19:27:26','2023-07-31 19:27:26'),(148,1,2,2,1,44,21,10,33,1,NULL,'2023-07-31 19:27:26','2023-07-31 19:27:26'),(149,1,2,2,1,45,18,10,24,1,NULL,'2023-07-31 19:27:26','2023-07-31 19:27:26'),(150,1,2,2,1,46,18,10,24,1,NULL,'2023-07-31 19:27:26','2023-07-31 19:27:26'),(151,1,2,2,1,47,18,10,24,1,NULL,'2023-07-31 19:27:26','2023-07-31 19:27:26'),(152,1,2,2,1,48,18,10,24,1,NULL,'2023-07-31 19:27:26','2023-07-31 19:27:26'),(153,1,2,2,1,49,18,10,24,1,NULL,'2023-07-31 19:27:26','2023-07-31 19:27:26'),(154,1,2,2,1,50,18,10,24,1,NULL,'2023-07-31 19:27:26','2023-07-31 19:27:26'),(155,1,2,2,1,51,18,10,44,1,NULL,'2023-07-31 19:27:27','2023-07-31 19:27:27'),(156,1,2,2,1,51,19,13,33,1,NULL,'2023-07-31 19:27:27','2023-07-31 19:27:27'),(157,1,2,2,1,51,21,13,40,2,NULL,'2023-07-31 19:27:27','2023-07-31 19:27:27'),(158,1,2,2,1,52,18,10,44,1,NULL,'2023-07-31 19:27:27','2023-07-31 19:27:27'),(159,1,2,2,1,52,19,13,33,1,NULL,'2023-07-31 19:27:27','2023-07-31 19:27:27'),(160,1,2,2,1,52,21,13,40,2,NULL,'2023-07-31 19:27:27','2023-07-31 19:27:27'),(161,1,2,2,1,53,18,10,44,1,NULL,'2023-07-31 19:27:27','2023-07-31 19:27:27'),(162,1,2,2,1,53,19,13,33,1,NULL,'2023-07-31 19:27:27','2023-07-31 19:27:27'),(163,1,2,2,1,53,21,13,40,2,NULL,'2023-07-31 19:27:27','2023-07-31 19:27:27'),(164,1,2,2,1,54,18,10,44,1,NULL,'2023-07-31 19:27:27','2023-07-31 19:27:27'),(165,1,2,2,1,54,19,13,33,1,NULL,'2023-07-31 19:27:28','2023-07-31 19:27:28'),(166,1,2,2,1,54,21,13,40,2,NULL,'2023-07-31 19:27:28','2023-07-31 19:27:28'),(167,1,2,2,1,55,17,10,23,1,NULL,'2023-07-31 19:27:28','2023-07-31 19:27:28'),(168,1,2,2,1,55,18,10,44,1,NULL,'2023-07-31 19:27:28','2023-07-31 19:27:28'),(169,1,2,2,1,45,21,13,40,2,NULL,'2023-07-31 19:27:28','2023-07-31 19:27:28'),(170,1,2,2,1,46,21,13,40,2,NULL,'2023-07-31 19:27:28','2023-07-31 19:27:28'),(171,1,2,2,1,47,21,13,40,2,NULL,'2023-07-31 19:27:28','2023-07-31 19:27:28'),(172,1,2,2,1,48,21,13,40,2,NULL,'2023-07-31 19:27:28','2023-07-31 19:27:28'),(173,1,2,2,1,49,21,13,40,2,NULL,'2023-07-31 19:27:28','2023-07-31 19:27:28'),(174,1,2,2,1,50,21,13,40,2,NULL,'2023-07-31 19:27:28','2023-07-31 19:27:28'),(175,1,2,2,1,55,21,13,40,2,NULL,'2023-07-31 19:27:29','2023-07-31 19:27:29'),(176,1,2,2,1,56,18,10,44,1,NULL,'2023-07-31 19:27:29','2023-07-31 19:27:29'),(177,1,2,2,1,56,18,10,22,1,NULL,'2023-07-31 19:27:29','2023-07-31 19:27:29'),(178,1,2,2,1,56,19,13,33,1,NULL,'2023-07-31 19:27:29','2023-07-31 19:27:29'),(179,1,2,2,1,56,21,13,40,2,NULL,'2023-07-31 19:27:29','2023-07-31 19:27:29'),(180,1,2,2,1,57,18,10,44,1,NULL,'2023-07-31 19:27:29','2023-07-31 19:27:29'),(181,1,2,2,1,57,18,10,22,1,NULL,'2023-07-31 19:27:29','2023-07-31 19:27:29'),(182,1,2,2,1,57,19,13,33,1,NULL,'2023-07-31 19:27:30','2023-07-31 19:27:30'),(183,1,2,2,1,57,21,13,40,2,NULL,'2023-07-31 19:27:30','2023-07-31 19:27:30'),(184,1,2,2,1,58,18,10,44,1,NULL,'2023-07-31 19:27:30','2023-07-31 19:27:30'),(185,1,2,2,1,58,19,13,33,1,NULL,'2023-07-31 19:27:30','2023-07-31 19:27:30'),(186,1,2,2,1,58,21,13,40,2,NULL,'2023-07-31 19:27:30','2023-07-31 19:27:30'),(187,1,2,2,1,59,18,10,44,1,NULL,'2023-07-31 19:27:30','2023-07-31 19:27:30'),(188,1,2,2,1,59,19,13,33,1,NULL,'2023-07-31 19:27:30','2023-07-31 19:27:30'),(189,1,2,2,1,59,21,13,40,2,NULL,'2023-07-31 19:27:30','2023-07-31 19:27:30'),(190,1,2,2,1,60,17,10,23,1,NULL,'2023-07-31 19:27:30','2023-07-31 19:27:30'),(191,1,2,2,1,60,18,10,44,1,NULL,'2023-07-31 19:27:30','2023-07-31 19:27:30'),(192,1,2,2,1,60,21,13,40,2,NULL,'2023-07-31 19:27:31','2023-07-31 19:27:31'),(193,1,2,2,1,61,18,10,44,1,NULL,'2023-07-31 19:27:31','2023-07-31 19:27:31'),(194,1,2,2,1,61,21,13,40,2,NULL,'2023-07-31 19:27:31','2023-07-31 19:27:31'),(195,1,2,2,1,62,17,10,23,1,NULL,'2023-07-31 19:27:31','2023-07-31 19:27:31'),(196,1,2,2,1,62,18,10,44,1,NULL,'2023-07-31 19:27:31','2023-07-31 19:27:31'),(197,1,2,2,1,62,21,13,40,2,NULL,'2023-07-31 19:27:31','2023-07-31 19:27:31'),(198,1,2,2,1,63,18,10,18,1,NULL,'2023-07-31 19:27:31','2023-07-31 19:27:31'),(199,1,2,2,1,63,19,13,33,1,NULL,'2023-07-31 19:27:31','2023-07-31 19:27:31'),(200,1,2,2,1,63,21,13,40,2,NULL,'2023-07-31 19:27:31','2023-07-31 19:27:31'),(201,1,2,2,1,64,18,10,24,1,NULL,'2023-07-31 19:27:31','2023-07-31 19:27:31'),(202,1,2,2,1,64,21,13,40,2,NULL,'2023-07-31 19:27:32','2023-07-31 19:27:32'),(203,1,2,2,1,65,18,10,22,1,NULL,'2023-07-31 19:27:32','2023-07-31 19:27:32'),(204,1,2,2,1,65,19,13,33,1,NULL,'2023-07-31 19:27:32','2023-07-31 19:27:32'),(205,1,2,2,1,65,21,13,40,2,NULL,'2023-07-31 19:27:32','2023-07-31 19:27:32'),(206,1,2,2,1,67,21,13,40,2,NULL,'2023-07-31 19:27:32','2023-07-31 19:27:32'),(207,1,2,2,1,68,18,10,22,1,NULL,'2023-07-31 19:27:32','2023-07-31 19:27:32'),(208,1,2,2,1,68,19,13,33,1,NULL,'2023-07-31 19:27:32','2023-07-31 19:27:32'),(209,1,2,2,1,68,21,13,40,2,NULL,'2023-07-31 19:27:32','2023-07-31 19:27:32'),(210,1,2,2,1,69,18,10,24,1,NULL,'2023-07-31 19:27:32','2023-07-31 19:27:32'),(211,1,2,2,1,69,21,13,40,2,NULL,'2023-07-31 19:27:33','2023-07-31 19:27:33'),(212,1,2,2,1,70,17,10,41,1,NULL,'2023-07-31 19:27:33','2023-07-31 19:27:33'),(213,1,2,2,1,70,21,13,33,2,NULL,'2023-07-31 19:27:33','2023-07-31 19:27:33'),(214,1,2,2,1,71,18,10,24,1,NULL,'2023-07-31 19:27:33','2023-07-31 19:27:33'),(215,1,2,2,1,71,21,13,40,2,NULL,'2023-07-31 19:27:33','2023-07-31 19:27:33'),(216,1,2,2,1,72,18,10,24,1,NULL,'2023-07-31 19:27:33','2023-07-31 19:27:33'),(217,1,2,2,1,72,18,10,22,1,NULL,'2023-07-31 19:27:33','2023-07-31 19:27:33'),(218,1,2,2,1,72,21,13,40,2,NULL,'2023-07-31 19:27:33','2023-07-31 19:27:33'),(219,1,2,2,1,73,17,10,23,1,NULL,'2023-07-31 19:27:33','2023-07-31 19:27:33'),(220,1,2,2,1,73,18,10,22,1,NULL,'2023-07-31 19:27:33','2023-07-31 19:27:33'),(221,1,2,2,1,73,19,13,33,1,NULL,'2023-07-31 19:27:33','2023-07-31 19:27:33'),(222,1,2,2,1,73,21,13,40,2,NULL,'2023-07-31 19:27:34','2023-07-31 19:27:34'),(223,1,2,2,1,74,18,10,22,1,NULL,'2023-07-31 19:27:34','2023-07-31 19:27:34'),(224,1,2,2,1,74,19,13,33,1,NULL,'2023-07-31 19:27:34','2023-07-31 19:27:34'),(225,1,2,2,1,74,21,13,40,2,NULL,'2023-07-31 19:27:34','2023-07-31 19:27:34'),(226,1,2,2,1,75,18,10,32,1,NULL,'2023-07-31 19:27:34','2023-07-31 19:27:34'),(227,1,2,2,1,75,19,13,33,1,NULL,'2023-07-31 19:27:34','2023-07-31 19:27:34'),(228,1,2,2,1,75,21,13,40,2,NULL,'2023-07-31 19:27:34','2023-07-31 19:27:34'),(229,1,2,2,1,76,17,10,41,1,NULL,'2023-07-31 19:27:34','2023-07-31 19:27:34'),(230,1,2,2,1,76,18,10,32,1,NULL,'2023-07-31 19:27:34','2023-07-31 19:27:34'),(231,1,2,2,1,76,19,13,33,1,NULL,'2023-07-31 19:27:34','2023-07-31 19:27:34'),(232,1,2,2,1,76,21,13,40,2,NULL,'2023-07-31 19:27:35','2023-07-31 19:27:35'),(233,1,2,2,1,77,17,10,41,1,NULL,'2023-07-31 19:27:35','2023-07-31 19:27:35'),(234,1,2,2,1,77,18,10,32,1,NULL,'2023-07-31 19:27:35','2023-07-31 19:27:35'),(235,1,2,2,1,77,19,13,33,1,NULL,'2023-07-31 19:27:35','2023-07-31 19:27:35'),(236,1,2,2,1,77,21,13,40,2,NULL,'2023-07-31 19:27:35','2023-07-31 19:27:35'),(237,1,2,2,1,78,17,10,41,1,NULL,'2023-07-31 19:27:35','2023-07-31 19:27:35'),(238,1,2,2,1,78,18,10,32,1,NULL,'2023-07-31 19:27:35','2023-07-31 19:27:35'),(239,1,2,2,1,78,19,13,33,1,NULL,'2023-07-31 19:27:35','2023-07-31 19:27:35'),(240,1,2,2,1,78,21,13,40,2,NULL,'2023-07-31 19:27:35','2023-07-31 19:27:35'),(241,1,2,2,1,79,18,10,26,1,NULL,'2023-07-31 19:27:35','2023-07-31 19:27:35'),(242,1,2,2,1,79,19,13,33,1,NULL,'2023-07-31 19:27:36','2023-07-31 19:27:36'),(243,1,2,2,1,79,21,13,40,2,NULL,'2023-07-31 19:27:36','2023-07-31 19:27:36'),(244,1,2,2,1,80,18,10,26,1,NULL,'2023-07-31 19:27:36','2023-07-31 19:27:36'),(245,1,2,2,1,80,19,13,33,2,NULL,'2023-07-31 19:27:36','2023-07-31 19:27:36'),(246,1,2,2,1,80,21,13,40,2,NULL,'2023-07-31 19:27:36','2023-07-31 19:27:36'),(247,1,2,2,1,81,18,10,44,1,NULL,'2023-07-31 19:27:36','2023-07-31 19:27:36'),(248,1,2,2,1,81,19,13,33,1,NULL,'2023-07-31 19:27:36','2023-07-31 19:27:36'),(249,1,2,2,1,81,21,13,40,2,NULL,'2023-07-31 19:27:36','2023-07-31 19:27:36'),(250,1,2,2,1,82,18,10,26,1,NULL,'2023-07-31 19:27:36','2023-07-31 19:27:36'),(251,1,2,2,1,82,19,13,33,1,NULL,'2023-07-31 19:27:37','2023-07-31 19:27:37'),(252,1,2,2,1,82,21,13,40,2,NULL,'2023-07-31 19:27:37','2023-07-31 19:27:37'),(253,1,2,2,1,83,18,10,26,1,NULL,'2023-07-31 19:27:37','2023-07-31 19:27:37'),(254,1,2,2,1,83,19,13,33,1,NULL,'2023-07-31 19:27:37','2023-07-31 19:27:37'),(255,1,2,2,1,83,19,13,40,2,NULL,'2023-07-31 19:27:37','2023-07-31 19:27:37'),(256,1,2,2,1,84,18,10,26,1,NULL,'2023-07-31 19:27:37','2023-07-31 19:27:37'),(257,1,2,2,1,84,19,13,33,1,NULL,'2023-07-31 19:27:37','2023-07-31 19:27:37'),(258,1,2,2,1,84,21,13,40,2,NULL,'2023-07-31 19:27:37','2023-07-31 19:27:37'),(259,1,2,2,1,85,18,10,15,1,NULL,'2023-07-31 19:27:37','2023-07-31 19:27:37'),(260,1,2,2,1,85,19,10,16,1,NULL,'2023-07-31 19:27:37','2023-07-31 19:27:37'),(261,1,2,2,1,85,19,13,33,1,NULL,'2023-07-31 19:27:38','2023-07-31 19:27:38'),(262,1,2,2,1,85,21,13,40,2,NULL,'2023-07-31 19:27:38','2023-07-31 19:27:38'),(263,1,2,2,1,86,18,10,15,1,NULL,'2023-07-31 19:27:38','2023-07-31 19:27:38'),(264,1,2,2,1,86,19,10,16,1,NULL,'2023-07-31 19:27:38','2023-07-31 19:27:38'),(265,1,2,2,1,86,19,13,33,1,NULL,'2023-07-31 19:27:38','2023-07-31 19:27:38'),(266,1,2,2,1,86,21,13,40,2,NULL,'2023-07-31 19:27:38','2023-07-31 19:27:38'),(267,1,2,2,1,87,18,10,11,1,NULL,'2023-07-31 19:27:38','2023-07-31 19:27:38'),(268,1,2,2,1,87,19,13,33,1,NULL,'2023-07-31 19:27:38','2023-07-31 19:27:38'),(269,1,2,2,1,87,21,13,40,2,NULL,'2023-07-31 19:27:39','2023-07-31 19:27:39'),(270,1,2,2,1,88,19,10,16,1,NULL,'2023-07-31 19:27:39','2023-07-31 19:27:39'),(271,1,2,2,1,88,21,14,17,1,NULL,'2023-07-31 19:27:39','2023-07-31 19:27:39'),(272,1,2,2,1,88,21,14,40,2,NULL,'2023-07-31 19:27:39','2023-07-31 19:27:39'),(273,1,2,2,1,89,19,10,16,1,NULL,'2023-07-31 19:27:39','2023-07-31 19:27:39'),(274,1,2,2,1,89,21,14,17,1,NULL,'2023-07-31 19:27:39','2023-07-31 19:27:39'),(275,1,2,2,1,89,21,14,40,2,NULL,'2023-07-31 19:27:39','2023-07-31 19:27:39'),(276,1,2,2,1,90,18,10,31,1,NULL,'2023-07-31 19:27:39','2023-07-31 19:27:39'),(277,1,2,2,1,90,21,12,17,1,NULL,'2023-07-31 19:27:39','2023-07-31 19:27:39'),(278,1,2,2,1,90,21,12,42,1,NULL,'2023-07-31 19:27:39','2023-07-31 19:27:39'),(279,1,2,2,1,91,18,10,31,1,NULL,'2023-07-31 19:27:40','2023-07-31 19:27:40'),(280,1,2,2,1,91,21,12,17,1,NULL,'2023-07-31 19:27:40','2023-07-31 19:27:40'),(281,1,2,2,1,91,21,12,42,1,NULL,'2023-07-31 19:27:40','2023-07-31 19:27:40'),(282,1,2,2,1,92,18,10,31,1,NULL,'2023-07-31 19:27:40','2023-07-31 19:27:40'),(283,1,2,2,1,92,21,12,17,1,NULL,'2023-07-31 19:27:40','2023-07-31 19:27:40'),(284,1,2,2,1,92,21,12,42,1,NULL,'2023-07-31 19:27:40','2023-07-31 19:27:40'),(285,1,2,2,1,93,18,10,31,1,NULL,'2023-07-31 19:27:40','2023-07-31 19:27:40'),(286,1,2,2,1,93,21,12,16,1,NULL,'2023-07-31 19:27:40','2023-07-31 19:27:40'),(287,1,2,2,1,93,21,12,42,1,NULL,'2023-07-31 19:27:40','2023-07-31 19:27:40'),(288,1,2,2,1,94,18,10,31,1,NULL,'2023-07-31 19:27:40','2023-07-31 19:27:40'),(289,1,2,2,1,94,21,12,17,1,NULL,'2023-07-31 19:27:41','2023-07-31 19:27:41'),(290,1,2,2,1,94,21,12,42,1,NULL,'2023-07-31 19:27:41','2023-07-31 19:27:41'),(291,1,2,2,1,95,18,10,31,1,NULL,'2023-07-31 19:27:41','2023-07-31 19:27:41'),(292,1,2,2,1,95,21,12,17,1,NULL,'2023-07-31 19:27:41','2023-07-31 19:27:41'),(293,1,2,2,1,95,21,12,42,1,NULL,'2023-07-31 19:27:41','2023-07-31 19:27:41'),(294,1,2,2,1,96,18,10,31,1,NULL,'2023-07-31 19:27:41','2023-07-31 19:27:41'),(295,1,2,2,1,96,21,12,17,1,NULL,'2023-07-31 19:27:41','2023-07-31 19:27:41'),(296,1,2,2,1,96,21,12,42,1,NULL,'2023-07-31 19:27:41','2023-07-31 19:27:41'),(297,1,2,2,1,97,18,10,14,1,NULL,'2023-07-31 19:27:42','2023-07-31 19:27:42'),(298,1,2,2,1,97,21,14,17,1,NULL,'2023-07-31 19:27:42','2023-07-31 19:27:42'),(299,1,2,2,1,97,21,14,42,1,NULL,'2023-07-31 19:27:42','2023-07-31 19:27:42'),(300,1,2,2,1,98,17,10,41,1,NULL,'2023-07-31 19:27:42','2023-07-31 19:27:42'),(301,1,2,2,1,98,18,10,14,1,NULL,'2023-07-31 19:27:42','2023-07-31 19:27:42'),(302,1,2,2,1,98,21,14,17,1,NULL,'2023-07-31 19:27:42','2023-07-31 19:27:42'),(303,1,2,2,1,98,21,14,42,1,NULL,'2023-07-31 19:27:42','2023-07-31 19:27:42'),(304,1,2,2,1,99,18,10,14,1,NULL,'2023-07-31 19:27:42','2023-07-31 19:27:42'),(305,1,2,2,1,99,21,12,17,1,NULL,'2023-07-31 19:27:42','2023-07-31 19:27:42'),(306,1,2,2,1,99,21,12,42,1,NULL,'2023-07-31 19:27:42','2023-07-31 19:27:42'),(307,1,2,2,1,100,18,10,14,1,NULL,'2023-07-31 19:27:43','2023-07-31 19:27:43'),(308,1,2,2,1,100,21,12,17,1,NULL,'2023-07-31 19:27:43','2023-07-31 19:27:43'),(309,1,2,2,1,100,21,12,42,1,NULL,'2023-07-31 19:27:43','2023-07-31 19:27:43'),(310,1,2,2,1,101,18,10,31,1,NULL,'2023-07-31 19:27:43','2023-07-31 19:27:43'),(311,1,2,2,1,101,21,12,42,1,NULL,'2023-07-31 19:27:43','2023-07-31 19:27:43'),(312,1,2,2,1,102,17,10,41,1,NULL,'2023-07-31 19:27:43','2023-07-31 19:27:43'),(313,1,2,2,1,102,21,14,17,1,NULL,'2023-07-31 19:27:43','2023-07-31 19:27:43'),(314,1,2,2,1,103,18,10,14,1,NULL,'2023-07-31 19:27:43','2023-07-31 19:27:43'),(315,1,2,2,1,103,21,14,17,1,NULL,'2023-07-31 19:27:43','2023-07-31 19:27:43'),(316,1,2,2,1,103,21,14,42,1,NULL,'2023-07-31 19:27:43','2023-07-31 19:27:43'),(317,1,2,2,1,104,18,10,14,1,NULL,'2023-07-31 19:27:44','2023-07-31 19:27:44'),(318,1,2,2,1,104,21,14,17,1,NULL,'2023-07-31 19:27:44','2023-07-31 19:27:44'),(319,1,2,2,1,105,18,10,14,1,NULL,'2023-07-31 19:27:44','2023-07-31 19:27:44'),(320,1,2,2,1,105,21,12,17,1,NULL,'2023-07-31 19:27:44','2023-07-31 19:27:44'),(321,1,2,2,1,105,21,12,42,1,NULL,'2023-07-31 19:27:44','2023-07-31 19:27:44'),(322,1,2,2,1,106,18,10,14,1,NULL,'2023-07-31 19:27:44','2023-07-31 19:27:44'),(323,1,2,2,1,106,21,14,17,1,NULL,'2023-07-31 19:27:44','2023-07-31 19:27:44'),(324,1,2,2,1,106,21,14,42,1,NULL,'2023-07-31 19:27:44','2023-07-31 19:27:44'),(325,1,2,2,1,107,18,10,14,1,NULL,'2023-07-31 19:27:44','2023-07-31 19:27:44'),(326,1,2,2,1,107,21,14,17,1,NULL,'2023-07-31 19:27:44','2023-07-31 19:27:44'),(327,1,2,2,1,107,21,14,42,1,NULL,'2023-07-31 19:27:45','2023-07-31 19:27:45'),(328,1,2,2,1,108,18,10,14,1,NULL,'2023-07-31 19:27:45','2023-07-31 19:27:45'),(329,1,2,2,1,108,21,12,17,1,NULL,'2023-07-31 19:27:45','2023-07-31 19:27:45'),(330,1,2,2,1,108,21,12,42,1,NULL,'2023-07-31 19:27:45','2023-07-31 19:27:45'),(331,1,2,2,1,109,18,10,14,1,NULL,'2023-07-31 19:27:45','2023-07-31 19:27:45'),(332,1,2,2,1,109,21,14,17,1,NULL,'2023-07-31 19:27:45','2023-07-31 19:27:45'),(333,1,2,2,1,109,21,14,42,1,NULL,'2023-07-31 19:27:45','2023-07-31 19:27:45'),(334,1,2,2,1,110,18,10,14,1,NULL,'2023-07-31 19:27:45','2023-07-31 19:27:45'),(335,1,2,2,1,110,21,13,17,1,NULL,'2023-07-31 19:27:45','2023-07-31 19:27:45'),(336,1,2,2,1,110,21,13,42,1,NULL,'2023-07-31 19:27:45','2023-07-31 19:27:45'),(337,1,2,2,1,111,18,10,14,1,NULL,'2023-07-31 19:27:46','2023-07-31 19:27:46'),(338,1,2,2,1,111,21,12,17,1,NULL,'2023-07-31 19:27:46','2023-07-31 19:27:46'),(339,1,2,2,1,112,17,10,41,1,NULL,'2023-07-31 19:27:46','2023-07-31 19:27:46'),(340,1,2,2,1,112,18,10,14,1,NULL,'2023-07-31 19:27:46','2023-07-31 19:27:46'),(341,1,2,2,1,112,21,13,17,1,NULL,'2023-07-31 19:27:46','2023-07-31 19:27:46'),(342,1,2,2,1,113,18,10,14,1,NULL,'2023-07-31 19:27:46','2023-07-31 19:27:46'),(343,1,2,2,1,113,21,12,17,1,NULL,'2023-07-31 19:27:46','2023-07-31 19:27:46'),(344,1,2,2,1,113,25,12,30,1,NULL,'2023-07-31 19:27:46','2023-07-31 19:27:46'),(345,1,2,2,1,114,18,10,14,1,NULL,'2023-07-31 19:27:46','2023-07-31 19:27:46'),(346,1,2,2,1,114,21,13,42,1,NULL,'2023-07-31 19:27:46','2023-07-31 19:27:46'),(347,1,2,2,1,115,18,10,14,1,NULL,'2023-07-31 19:27:46','2023-07-31 19:27:46'),(348,1,2,2,1,115,19,13,33,1,NULL,'2023-07-31 19:27:47','2023-07-31 19:27:47'),(349,1,2,2,1,115,21,13,40,2,NULL,'2023-07-31 19:27:47','2023-07-31 19:27:47'),(350,1,2,2,1,116,19,13,33,1,NULL,'2023-07-31 19:27:47','2023-07-31 19:27:47'),(351,1,2,2,1,116,21,13,40,2,NULL,'2023-07-31 19:27:47','2023-07-31 19:27:47'),(352,1,2,2,1,116,25,12,30,1,NULL,'2023-07-31 19:27:47','2023-07-31 19:27:47'),(353,1,2,2,1,117,17,10,41,1,NULL,'2023-07-31 19:27:47','2023-07-31 19:27:47'),(354,1,2,2,1,117,18,10,14,1,NULL,'2023-07-31 19:27:47','2023-07-31 19:27:47'),(355,1,2,2,1,117,18,10,16,1,NULL,'2023-07-31 19:27:47','2023-07-31 19:27:47'),(356,1,2,2,1,117,19,13,33,1,NULL,'2023-07-31 19:27:47','2023-07-31 19:27:47'),(357,1,2,2,1,117,21,13,40,2,NULL,'2023-07-31 19:27:48','2023-07-31 19:27:48'),(358,1,2,2,1,118,18,10,11,1,NULL,'2023-07-31 19:27:48','2023-07-31 19:27:48'),(359,1,2,2,1,118,18,10,14,1,NULL,'2023-07-31 19:27:48','2023-07-31 19:27:48'),(360,1,2,2,1,118,19,13,33,1,NULL,'2023-07-31 19:27:48','2023-07-31 19:27:48'),(361,1,2,2,1,118,21,13,40,2,NULL,'2023-07-31 19:27:48','2023-07-31 19:27:48'),(362,1,2,2,1,119,18,10,14,1,NULL,'2023-07-31 19:27:48','2023-07-31 19:27:48'),(363,1,2,2,1,119,21,13,42,1,NULL,'2023-07-31 19:27:48','2023-07-31 19:27:48'),(364,1,2,2,1,120,18,10,14,1,NULL,'2023-07-31 19:27:48','2023-07-31 19:27:48'),(365,1,2,2,1,120,21,13,42,1,NULL,'2023-07-31 19:27:48','2023-07-31 19:27:48'),(366,1,2,2,1,121,18,10,14,1,NULL,'2023-07-31 19:27:48','2023-07-31 19:27:48'),(367,1,2,2,1,121,21,12,42,1,NULL,'2023-07-31 19:27:49','2023-07-31 19:27:49'),(368,1,2,2,1,122,18,10,14,1,NULL,'2023-07-31 19:27:49','2023-07-31 19:27:49'),(369,1,2,2,1,122,21,13,42,1,NULL,'2023-07-31 19:27:49','2023-07-31 19:27:49'),(370,1,2,2,1,122,25,13,42,1,NULL,'2023-07-31 19:27:49','2023-07-31 19:27:49'),(371,1,2,2,1,123,18,10,14,1,NULL,'2023-07-31 19:27:49','2023-07-31 19:27:49'),(372,1,2,2,1,123,21,12,42,1,NULL,'2023-07-31 19:27:49','2023-07-31 19:27:49'),(373,1,2,2,1,124,17,10,41,1,NULL,'2023-07-31 19:27:49','2023-07-31 19:27:49'),(374,1,2,2,1,124,18,10,14,1,NULL,'2023-07-31 19:27:49','2023-07-31 19:27:49'),(375,1,2,2,1,124,21,12,42,1,NULL,'2023-07-31 19:27:49','2023-07-31 19:27:49'),(376,1,2,2,1,125,17,10,41,1,NULL,'2023-07-31 19:27:49','2023-07-31 19:27:49'),(377,1,2,2,1,125,18,10,14,1,NULL,'2023-07-31 19:27:50','2023-07-31 19:27:50'),(378,1,2,2,1,125,21,14,17,1,NULL,'2023-07-31 19:27:50','2023-07-31 19:27:50'),(379,1,2,2,1,125,25,14,30,1,NULL,'2023-07-31 19:27:50','2023-07-31 19:27:50'),(380,1,2,2,1,126,18,10,14,1,NULL,'2023-07-31 19:27:50','2023-07-31 19:27:50'),(381,1,2,2,1,126,21,12,42,1,NULL,'2023-07-31 19:27:50','2023-07-31 19:27:50'),(382,1,2,2,1,127,18,10,14,1,NULL,'2023-07-31 19:27:50','2023-07-31 19:27:50'),(383,1,2,2,1,127,21,12,42,1,NULL,'2023-07-31 19:27:50','2023-07-31 19:27:50'),(384,1,2,2,1,128,17,10,41,1,NULL,'2023-07-31 19:27:50','2023-07-31 19:27:50'),(385,1,2,2,1,128,18,10,14,1,NULL,'2023-07-31 19:27:50','2023-07-31 19:27:50'),(386,1,2,2,1,128,21,14,17,1,NULL,'2023-07-31 19:27:50','2023-07-31 19:27:50'),(387,1,2,2,1,128,25,14,30,1,NULL,'2023-07-31 19:27:51','2023-07-31 19:27:51'),(388,1,2,2,1,129,18,10,14,1,NULL,'2023-07-31 19:27:51','2023-07-31 19:27:51'),(389,1,2,2,1,129,21,13,42,1,NULL,'2023-07-31 19:27:51','2023-07-31 19:27:51'),(390,1,2,2,1,130,18,10,14,1,NULL,'2023-07-31 19:27:51','2023-07-31 19:27:51'),(391,1,2,2,1,130,21,13,42,1,NULL,'2023-07-31 19:27:51','2023-07-31 19:27:51'),(392,1,2,2,1,131,18,10,14,1,NULL,'2023-07-31 19:27:51','2023-07-31 19:27:51'),(393,1,2,2,1,131,21,13,42,1,NULL,'2023-07-31 19:27:51','2023-07-31 19:27:51'),(394,1,2,2,1,132,18,10,14,1,NULL,'2023-07-31 19:27:51','2023-07-31 19:27:51'),(395,1,2,2,1,132,21,13,42,1,NULL,'2023-07-31 19:27:51','2023-07-31 19:27:51'),(396,1,2,2,1,133,18,10,14,1,NULL,'2023-07-31 19:27:52','2023-07-31 19:27:52'),(397,1,2,2,1,133,21,13,42,1,NULL,'2023-07-31 19:27:52','2023-07-31 19:27:52'),(398,1,2,2,1,134,18,10,14,1,NULL,'2023-07-31 19:27:52','2023-07-31 19:27:52'),(399,1,2,2,1,134,19,13,33,1,NULL,'2023-07-31 19:27:52','2023-07-31 19:27:52'),(400,1,2,2,1,134,21,12,42,1,NULL,'2023-07-31 19:27:52','2023-07-31 19:27:52'),(401,1,2,2,1,135,18,10,14,1,NULL,'2023-07-31 19:27:52','2023-07-31 19:27:52'),(402,1,2,2,1,135,21,14,17,1,NULL,'2023-07-31 19:27:52','2023-07-31 19:27:52'),(403,1,2,2,1,136,18,10,14,1,NULL,'2023-07-31 19:27:52','2023-07-31 19:27:52'),(404,1,2,2,1,136,21,14,17,1,NULL,'2023-07-31 19:27:52','2023-07-31 19:27:52'),(405,1,2,2,1,137,18,10,14,1,NULL,'2023-07-31 19:27:52','2023-07-31 19:27:52'),(406,1,2,2,1,137,21,13,17,1,NULL,'2023-07-31 19:27:53','2023-07-31 19:27:53'),(407,1,2,2,1,138,18,10,14,1,NULL,'2023-07-31 19:27:53','2023-07-31 19:27:53'),(408,1,2,2,1,138,21,13,42,1,NULL,'2023-07-31 19:27:53','2023-07-31 19:27:53'),(409,1,2,2,1,139,18,10,14,1,NULL,'2023-07-31 19:27:53','2023-07-31 19:27:53'),(410,1,2,2,1,139,21,13,42,1,NULL,'2023-07-31 19:27:53','2023-07-31 19:27:53'),(411,1,2,2,1,140,17,10,41,1,NULL,'2023-07-31 19:27:53','2023-07-31 19:27:53'),(412,1,2,2,1,140,18,10,14,1,NULL,'2023-07-31 19:27:53','2023-07-31 19:27:53'),(413,1,2,2,1,140,21,12,42,1,NULL,'2023-07-31 19:27:53','2023-07-31 19:27:53'),(414,1,2,2,1,141,17,10,41,1,NULL,'2023-07-31 19:27:53','2023-07-31 19:27:53'),(415,1,2,2,1,141,18,10,14,1,NULL,'2023-07-31 19:27:53','2023-07-31 19:27:53'),(416,1,2,2,1,141,21,12,42,1,NULL,'2023-07-31 19:27:54','2023-07-31 19:27:54'),(417,1,2,2,1,142,18,10,14,1,NULL,'2023-07-31 19:27:54','2023-07-31 19:27:54'),(418,1,2,2,1,142,21,14,17,1,NULL,'2023-07-31 19:27:54','2023-07-31 19:27:54'),(419,1,2,2,1,143,18,10,14,1,NULL,'2023-07-31 19:27:54','2023-07-31 19:27:54'),(420,1,2,2,1,143,19,13,33,1,NULL,'2023-07-31 19:27:54','2023-07-31 19:27:54'),(421,1,2,2,1,143,21,13,42,1,NULL,'2023-07-31 19:27:54','2023-07-31 19:27:54'),(422,1,2,2,1,144,18,10,14,1,NULL,'2023-07-31 19:27:54','2023-07-31 19:27:54'),(423,1,2,2,1,144,21,13,42,1,NULL,'2023-07-31 19:27:54','2023-07-31 19:27:54'),(424,1,2,2,1,145,18,10,14,1,NULL,'2023-07-31 19:27:55','2023-07-31 19:27:55'),(425,1,2,2,1,145,21,13,42,1,NULL,'2023-07-31 19:27:55','2023-07-31 19:27:55'),(426,1,2,2,1,146,18,10,14,1,NULL,'2023-07-31 19:27:55','2023-07-31 19:27:55'),(427,1,2,2,1,146,21,13,42,1,NULL,'2023-07-31 19:27:55','2023-07-31 19:27:55'),(428,1,2,2,1,147,18,10,14,1,NULL,'2023-07-31 19:27:55','2023-07-31 19:27:55'),(429,1,2,2,1,147,21,13,42,1,NULL,'2023-07-31 19:27:55','2023-07-31 19:27:55'),(430,1,2,2,1,148,18,10,14,1,NULL,'2023-07-31 19:27:55','2023-07-31 19:27:55'),(431,1,2,2,1,148,18,10,15,1,NULL,'2023-07-31 19:27:55','2023-07-31 19:27:55'),(432,1,2,2,1,148,21,14,17,1,NULL,'2023-07-31 19:27:56','2023-07-31 19:27:56'),(433,1,2,2,1,149,18,10,14,1,NULL,'2023-07-31 19:27:56','2023-07-31 19:27:56'),(434,1,2,2,1,149,21,13,42,1,NULL,'2023-07-31 19:27:56','2023-07-31 19:27:56'),(435,1,2,2,1,150,18,10,14,1,NULL,'2023-07-31 19:27:56','2023-07-31 19:27:56'),(436,1,2,2,1,150,21,13,42,1,NULL,'2023-07-31 19:27:56','2023-07-31 19:27:56'),(437,1,2,2,1,151,18,10,14,1,NULL,'2023-07-31 19:27:56','2023-07-31 19:27:56'),(438,1,2,2,1,151,21,13,42,1,NULL,'2023-07-31 19:27:56','2023-07-31 19:27:56'),(439,1,2,2,1,152,18,10,14,1,NULL,'2023-07-31 19:27:56','2023-07-31 19:27:56'),(440,1,2,2,1,152,21,13,42,1,NULL,'2023-07-31 19:27:56','2023-07-31 19:27:56'),(441,1,2,2,1,153,18,10,14,1,NULL,'2023-07-31 19:27:56','2023-07-31 19:27:56'),(442,1,2,2,1,153,21,14,17,1,NULL,'2023-07-31 19:27:57','2023-07-31 19:27:57'),(443,1,2,2,1,154,18,10,14,1,NULL,'2023-07-31 19:27:57','2023-07-31 19:27:57'),(444,1,2,2,1,154,21,13,42,1,NULL,'2023-07-31 19:27:57','2023-07-31 19:27:57'),(445,1,2,2,1,155,18,10,14,1,NULL,'2023-07-31 19:27:57','2023-07-31 19:27:57'),(446,1,2,2,1,155,21,12,42,1,NULL,'2023-07-31 19:27:57','2023-07-31 19:27:57'),(447,1,2,2,1,156,18,10,14,1,NULL,'2023-07-31 19:27:57','2023-07-31 19:27:57'),(448,1,2,2,1,156,21,13,42,1,NULL,'2023-07-31 19:27:57','2023-07-31 19:27:57'),(449,1,2,2,1,157,18,10,14,1,NULL,'2023-07-31 19:27:57','2023-07-31 19:27:57'),(450,1,2,2,1,157,21,13,42,1,NULL,'2023-07-31 19:27:57','2023-07-31 19:27:57'),(451,1,2,2,1,158,18,10,14,1,NULL,'2023-07-31 19:27:57','2023-07-31 19:27:57'),(452,1,2,2,1,158,21,13,42,1,NULL,'2023-07-31 19:27:58','2023-07-31 19:27:58'),(453,1,2,2,1,159,18,10,14,1,NULL,'2023-07-31 19:27:58','2023-07-31 19:27:58'),(454,1,2,2,1,159,21,13,42,1,NULL,'2023-07-31 19:27:58','2023-07-31 19:27:58'),(455,1,2,2,1,160,18,10,14,1,NULL,'2023-07-31 19:27:58','2023-07-31 19:27:58'),(456,1,2,2,1,160,21,13,42,1,NULL,'2023-07-31 19:27:58','2023-07-31 19:27:58'),(457,1,2,2,1,161,18,10,14,1,NULL,'2023-07-31 19:27:58','2023-07-31 19:27:58'),(458,1,2,2,1,161,21,13,42,1,NULL,'2023-07-31 19:27:58','2023-07-31 19:27:58'),(459,1,2,2,1,162,18,10,14,1,NULL,'2023-07-31 19:27:58','2023-07-31 19:27:58'),(460,1,2,2,1,162,21,13,42,1,NULL,'2023-07-31 19:27:58','2023-07-31 19:27:58'),(461,1,2,2,1,163,21,13,42,1,NULL,'2023-07-31 19:27:58','2023-07-31 19:27:58'),(462,1,2,2,1,164,21,13,42,1,NULL,'2023-07-31 19:27:59','2023-07-31 19:27:59'),(463,1,2,2,1,165,21,13,42,1,NULL,'2023-07-31 19:27:59','2023-07-31 19:27:59'),(464,1,2,2,1,166,18,10,14,1,NULL,'2023-07-31 19:27:59','2023-07-31 19:27:59'),(465,1,2,2,1,166,21,13,42,1,NULL,'2023-07-31 19:27:59','2023-07-31 19:27:59'),(466,1,2,2,1,167,18,10,14,1,NULL,'2023-07-31 19:27:59','2023-07-31 19:27:59'),(467,1,2,2,1,167,21,13,42,1,NULL,'2023-07-31 19:27:59','2023-07-31 19:27:59'),(468,1,2,2,1,168,19,13,33,1,NULL,'2023-07-31 19:27:59','2023-07-31 19:27:59'),(469,1,2,2,1,168,21,13,42,1,NULL,'2023-07-31 19:27:59','2023-07-31 19:27:59'),(470,1,2,2,1,169,21,13,42,1,NULL,'2023-07-31 19:27:59','2023-07-31 19:27:59'),(471,1,2,2,1,170,21,14,17,1,NULL,'2023-07-31 19:27:59','2023-07-31 19:27:59'),(472,1,2,2,1,171,18,10,14,1,NULL,'2023-07-31 19:28:00','2023-07-31 19:28:00'),(473,1,2,2,1,171,21,13,42,1,NULL,'2023-07-31 19:28:00','2023-07-31 19:28:00'),(474,1,2,2,1,172,21,14,17,1,NULL,'2023-07-31 19:28:00','2023-07-31 19:28:00'),(475,1,2,2,1,173,18,10,14,1,NULL,'2023-07-31 19:28:00','2023-07-31 19:28:00'),(476,1,2,2,1,173,21,13,42,1,NULL,'2023-07-31 19:28:00','2023-07-31 19:28:00'),(477,1,2,2,1,174,17,10,41,1,NULL,'2023-07-31 19:28:00','2023-07-31 19:28:00'),(478,1,2,2,1,174,21,14,17,1,NULL,'2023-07-31 19:28:00','2023-07-31 19:28:00'),(479,1,2,2,1,175,18,10,14,1,NULL,'2023-07-31 19:28:00','2023-07-31 19:28:00'),(480,1,2,2,1,175,21,13,42,1,NULL,'2023-07-31 19:28:00','2023-07-31 19:28:00'),(481,1,2,2,1,176,18,10,14,1,NULL,'2023-07-31 19:28:01','2023-07-31 19:28:01'),(482,1,2,2,1,176,21,13,42,1,NULL,'2023-07-31 19:28:01','2023-07-31 19:28:01'),(483,1,2,2,1,177,18,10,14,1,NULL,'2023-07-31 19:28:01','2023-07-31 19:28:01'),(484,1,2,2,1,177,21,13,42,1,NULL,'2023-07-31 19:28:01','2023-07-31 19:28:01'),(485,1,2,2,1,178,18,10,14,1,NULL,'2023-07-31 19:28:01','2023-07-31 19:28:01'),(486,1,2,2,1,178,21,13,42,1,NULL,'2023-07-31 19:28:01','2023-07-31 19:28:01'),(487,1,2,2,1,179,18,10,14,1,NULL,'2023-07-31 19:28:01','2023-07-31 19:28:01'),(488,1,2,2,1,179,21,13,42,1,NULL,'2023-07-31 19:28:01','2023-07-31 19:28:01'),(489,1,2,2,1,180,21,13,40,2,NULL,'2023-07-31 19:28:01','2023-07-31 19:28:01'),(490,1,2,2,1,181,18,10,14,1,NULL,'2023-07-31 19:28:02','2023-07-31 19:28:02'),(491,1,2,2,1,181,21,13,40,2,NULL,'2023-07-31 19:28:02','2023-07-31 19:28:02'),(492,1,2,2,1,183,18,10,14,1,NULL,'2023-07-31 19:28:02','2023-07-31 19:28:02'),(493,1,2,2,1,183,21,13,40,2,NULL,'2023-07-31 19:28:02','2023-07-31 19:28:02'),(494,1,2,2,1,184,18,10,14,1,NULL,'2023-07-31 19:28:02','2023-07-31 19:28:02'),(495,1,2,2,1,184,21,13,40,2,NULL,'2023-07-31 19:28:02','2023-07-31 19:28:02'),(496,1,2,2,1,185,18,10,14,1,NULL,'2023-07-31 19:28:02','2023-07-31 19:28:02'),(497,1,2,2,1,185,21,13,40,2,NULL,'2023-07-31 19:28:02','2023-07-31 19:28:02'),(498,1,2,2,1,186,18,10,14,1,NULL,'2023-07-31 19:28:02','2023-07-31 19:28:02'),(499,1,2,2,1,186,21,13,40,2,NULL,'2023-07-31 19:28:02','2023-07-31 19:28:02'),(500,1,2,2,1,187,18,10,14,1,NULL,'2023-07-31 19:28:03','2023-07-31 19:28:03'),(501,1,2,2,1,187,21,13,40,2,NULL,'2023-07-31 19:28:03','2023-07-31 19:28:03'),(502,1,2,2,1,189,18,10,14,1,NULL,'2023-07-31 19:28:03','2023-07-31 19:28:03'),(503,1,2,2,1,189,21,13,40,2,NULL,'2023-07-31 19:28:03','2023-07-31 19:28:03'),(504,1,2,2,1,190,18,10,14,1,NULL,'2023-07-31 19:28:03','2023-07-31 19:28:03'),(505,1,2,2,1,190,21,13,40,2,NULL,'2023-07-31 19:28:03','2023-07-31 19:28:03'),(506,1,2,2,1,191,17,10,41,1,NULL,'2023-07-31 19:28:03','2023-07-31 19:28:03'),(507,1,2,2,1,191,18,10,14,1,NULL,'2023-07-31 19:28:03','2023-07-31 19:28:03'),(508,1,2,2,1,191,19,13,33,1,NULL,'2023-07-31 19:28:03','2023-07-31 19:28:03'),(509,1,2,2,1,191,21,13,40,2,NULL,'2023-07-31 19:28:03','2023-07-31 19:28:03'),(510,1,2,2,1,192,18,10,14,1,NULL,'2023-07-31 19:28:04','2023-07-31 19:28:04'),(511,1,2,2,1,192,21,13,42,1,NULL,'2023-07-31 19:28:04','2023-07-31 19:28:04'),(512,1,2,2,1,193,18,10,14,1,NULL,'2023-07-31 19:28:04','2023-07-31 19:28:04'),(513,1,2,2,1,193,21,13,42,1,NULL,'2023-07-31 19:28:04','2023-07-31 19:28:04'),(514,1,2,2,1,194,17,10,41,1,NULL,'2023-07-31 19:28:04','2023-07-31 19:28:04'),(515,1,2,2,1,194,18,10,14,1,NULL,'2023-07-31 19:28:04','2023-07-31 19:28:04'),(516,1,2,2,1,194,21,13,42,1,NULL,'2023-07-31 19:28:04','2023-07-31 19:28:04'),(517,1,2,2,1,195,18,10,14,1,NULL,'2023-07-31 19:28:04','2023-07-31 19:28:04'),(518,1,2,2,1,195,21,14,17,1,NULL,'2023-07-31 19:28:04','2023-07-31 19:28:04'),(519,1,2,2,1,196,18,10,14,1,NULL,'2023-07-31 19:28:04','2023-07-31 19:28:04'),(520,1,2,2,1,196,21,13,42,1,NULL,'2023-07-31 19:28:05','2023-07-31 19:28:05'),(521,1,2,2,1,197,18,10,14,1,NULL,'2023-07-31 19:28:05','2023-07-31 19:28:05'),(522,1,2,2,1,197,21,13,42,1,NULL,'2023-07-31 19:28:05','2023-07-31 19:28:05'),(523,1,2,2,1,198,18,10,14,1,NULL,'2023-07-31 19:28:05','2023-07-31 19:28:05'),(524,1,2,2,1,198,21,14,17,1,NULL,'2023-07-31 19:28:05','2023-07-31 19:28:05'),(525,1,2,2,1,198,25,14,30,1,NULL,'2023-07-31 19:28:05','2023-07-31 19:28:05'),(526,1,2,2,1,199,17,10,24,1,NULL,'2023-07-31 19:28:05','2023-07-31 19:28:05'),(527,1,2,2,1,199,21,10,40,2,NULL,'2023-07-31 19:28:05','2023-07-31 19:28:05'),(528,1,2,2,1,200,18,10,14,1,NULL,'2023-07-31 19:28:05','2023-07-31 19:28:05'),(529,1,2,2,1,201,18,10,14,1,NULL,'2023-07-31 19:28:05','2023-07-31 19:28:05'),(530,1,2,2,1,201,21,13,42,1,NULL,'2023-07-31 19:28:06','2023-07-31 19:28:06'),(531,1,2,2,1,202,18,10,14,1,NULL,'2023-07-31 19:28:06','2023-07-31 19:28:06'),(532,1,2,2,1,202,21,13,42,1,NULL,'2023-07-31 19:28:06','2023-07-31 19:28:06'),(533,1,2,2,1,203,18,10,14,1,NULL,'2023-07-31 19:28:06','2023-07-31 19:28:06'),(534,1,2,2,1,204,18,10,14,1,NULL,'2023-07-31 19:28:06','2023-07-31 19:28:06'),(535,1,2,2,1,204,21,13,42,1,NULL,'2023-07-31 19:28:06','2023-07-31 19:28:06'),(536,1,2,2,1,205,18,10,14,1,NULL,'2023-07-31 19:28:06','2023-07-31 19:28:06'),(537,1,2,2,1,205,21,13,42,1,NULL,'2023-07-31 19:28:06','2023-07-31 19:28:06'),(538,1,2,2,1,206,18,10,14,1,NULL,'2023-07-31 19:28:06','2023-07-31 19:28:06'),(539,1,2,2,1,206,21,14,17,1,NULL,'2023-07-31 19:28:07','2023-07-31 19:28:07'),(540,1,2,2,1,207,18,10,14,1,NULL,'2023-07-31 19:28:07','2023-07-31 19:28:07'),(541,1,2,2,1,207,21,14,17,1,NULL,'2023-07-31 19:28:07','2023-07-31 19:28:07'),(542,1,2,2,1,208,18,10,14,1,NULL,'2023-07-31 19:28:07','2023-07-31 19:28:07'),(543,1,2,2,1,208,21,14,17,1,NULL,'2023-07-31 19:28:07','2023-07-31 19:28:07'),(544,1,2,2,1,209,18,10,14,1,NULL,'2023-07-31 19:28:07','2023-07-31 19:28:07'),(545,1,2,2,1,209,21,14,17,1,NULL,'2023-07-31 19:28:07','2023-07-31 19:28:07'),(546,1,2,2,1,210,18,10,14,1,NULL,'2023-07-31 19:28:07','2023-07-31 19:28:07'),(547,1,2,2,1,210,21,14,17,1,NULL,'2023-07-31 19:28:07','2023-07-31 19:28:07'),(548,1,2,2,1,211,18,10,14,1,NULL,'2023-07-31 19:28:07','2023-07-31 19:28:07'),(549,1,2,2,1,211,21,13,40,2,NULL,'2023-07-31 19:28:07','2023-07-31 19:28:07'),(550,1,2,2,1,212,18,13,22,1,NULL,'2023-07-31 19:28:08','2023-07-31 19:28:08'),(551,1,2,2,1,212,21,12,40,2,NULL,'2023-07-31 19:28:08','2023-07-31 19:28:08'),(552,1,2,2,1,212,21,12,38,2,NULL,'2023-07-31 19:28:08','2023-07-31 19:28:08'),(553,1,2,2,1,213,18,10,22,1,NULL,'2023-07-31 19:28:08','2023-07-31 19:28:08'),(554,1,2,2,1,213,18,10,19,1,NULL,'2023-07-31 19:28:08','2023-07-31 19:28:08'),(555,1,2,2,1,213,19,13,33,1,NULL,'2023-07-31 19:28:08','2023-07-31 19:28:08'),(556,1,2,2,1,213,21,13,38,2,NULL,'2023-07-31 19:28:08','2023-07-31 19:28:08'),(557,1,2,2,1,214,18,10,14,1,NULL,'2023-07-31 19:28:08','2023-07-31 19:28:08'),(558,1,2,2,1,214,21,14,17,1,NULL,'2023-07-31 19:28:08','2023-07-31 19:28:08'),(559,1,2,2,1,215,18,10,22,1,NULL,'2023-07-31 19:28:09','2023-07-31 19:28:09'),(560,1,2,2,1,215,21,12,27,2,NULL,'2023-07-31 19:28:09','2023-07-31 19:28:09'),(561,1,2,2,1,216,18,10,22,1,NULL,'2023-07-31 19:28:09','2023-07-31 19:28:09'),(562,1,2,2,1,216,18,10,19,1,NULL,'2023-07-31 19:28:09','2023-07-31 19:28:09'),(563,1,2,2,1,216,19,13,33,1,NULL,'2023-07-31 19:28:09','2023-07-31 19:28:09'),(564,1,2,2,1,216,21,13,38,2,NULL,'2023-07-31 19:28:09','2023-07-31 19:28:09'),(565,1,2,2,1,217,18,10,24,1,NULL,'2023-07-31 19:28:09','2023-07-31 19:28:09'),(566,1,2,2,1,217,21,13,42,2,NULL,'2023-07-31 19:28:09','2023-07-31 19:28:09'),(567,1,2,2,1,218,18,10,22,1,NULL,'2023-07-31 19:28:09','2023-07-31 19:28:09'),(568,1,2,2,1,218,19,13,33,2,NULL,'2023-07-31 19:28:09','2023-07-31 19:28:09'),(569,1,2,2,1,219,18,10,22,1,NULL,'2023-07-31 19:28:10','2023-07-31 19:28:10'),(570,1,2,2,1,219,19,13,33,2,NULL,'2023-07-31 19:28:10','2023-07-31 19:28:10'),(571,1,2,2,1,220,18,10,14,1,NULL,'2023-07-31 19:28:10','2023-07-31 19:28:10'),(572,1,2,2,1,220,21,14,17,1,NULL,'2023-07-31 19:28:10','2023-07-31 19:28:10'),(573,1,2,2,1,221,18,10,14,1,NULL,'2023-07-31 19:28:10','2023-07-31 19:28:10'),(574,1,2,2,1,221,21,14,17,1,NULL,'2023-07-31 19:28:10','2023-07-31 19:28:10'),(575,1,2,2,1,222,18,10,14,2,NULL,'2023-07-31 19:28:10','2023-07-31 19:28:10'),(576,1,2,2,1,223,18,10,14,2,NULL,'2023-07-31 19:28:10','2023-07-31 19:28:10'),(577,1,2,2,1,224,18,10,14,2,NULL,'2023-07-31 19:28:10','2023-07-31 19:28:10'),(578,1,2,2,1,225,18,10,14,1,NULL,'2023-07-31 19:28:11','2023-07-31 19:28:11'),(579,1,2,2,1,225,21,14,17,1,NULL,'2023-07-31 19:28:11','2023-07-31 19:28:11'),(580,1,2,2,1,226,18,10,14,1,NULL,'2023-07-31 19:28:11','2023-07-31 19:28:11'),(581,1,2,2,1,226,21,14,17,1,NULL,'2023-07-31 19:28:11','2023-07-31 19:28:11'),(582,1,2,2,1,227,18,10,43,1,NULL,'2023-07-31 19:28:11','2023-07-31 19:28:11'),(583,1,2,2,1,227,18,10,44,1,NULL,'2023-07-31 19:28:11','2023-07-31 19:28:11'),(584,1,2,2,1,227,19,13,33,2,NULL,'2023-07-31 19:28:11','2023-07-31 19:28:11'),(585,1,2,2,1,228,19,13,33,1,NULL,'2023-07-31 19:28:11','2023-07-31 19:28:11'),(586,1,2,2,1,228,21,13,40,2,NULL,'2023-07-31 19:28:11','2023-07-31 19:28:11'),(587,1,2,2,1,229,19,13,33,1,NULL,'2023-07-31 19:28:12','2023-07-31 19:28:12'),(588,1,2,2,1,229,21,13,40,2,NULL,'2023-07-31 19:28:12','2023-07-31 19:28:12'),(589,1,2,2,1,230,19,13,33,2,NULL,'2023-07-31 19:28:12','2023-07-31 19:28:12'),(590,1,2,2,1,231,21,14,17,1,NULL,'2023-07-31 19:28:12','2023-07-31 19:28:12'),(591,1,2,2,1,232,21,14,40,2,NULL,'2023-07-31 19:28:12','2023-07-31 19:28:12'),(592,1,2,2,1,233,18,10,14,1,NULL,'2023-07-31 19:28:12','2023-07-31 19:28:12'),(593,1,2,2,1,233,21,14,17,1,NULL,'2023-07-31 19:28:12','2023-07-31 19:28:12'),(594,1,2,2,1,233,25,14,30,1,NULL,'2023-07-31 19:28:12','2023-07-31 19:28:12'),(595,1,2,2,1,234,18,10,14,1,NULL,'2023-07-31 19:28:12','2023-07-31 19:28:12'),(596,1,2,2,1,234,21,14,17,1,NULL,'2023-07-31 19:28:12','2023-07-31 19:28:12'),(597,1,2,2,1,234,25,14,30,1,NULL,'2023-07-31 19:28:13','2023-07-31 19:28:13'),(598,1,2,2,1,235,18,10,14,1,NULL,'2023-07-31 19:28:13','2023-07-31 19:28:13'),(599,1,2,2,1,235,21,14,17,1,NULL,'2023-07-31 19:28:13','2023-07-31 19:28:13'),(600,1,2,2,1,235,25,14,30,1,NULL,'2023-07-31 19:28:13','2023-07-31 19:28:13'),(601,1,2,2,1,236,21,13,42,1,NULL,'2023-07-31 19:28:13','2023-07-31 19:28:13'),(602,1,2,2,1,237,21,14,17,1,NULL,'2023-07-31 19:28:13','2023-07-31 19:28:13'),(603,1,2,2,1,238,21,14,17,1,NULL,'2023-07-31 19:28:13','2023-07-31 19:28:13'),(604,1,2,2,1,239,21,14,17,1,NULL,'2023-07-31 19:28:13','2023-07-31 19:28:13'),(605,1,2,2,1,240,21,13,40,2,NULL,'2023-07-31 19:28:13','2023-07-31 19:28:13'),(606,1,2,2,1,241,25,14,30,1,NULL,'2023-07-31 19:28:13','2023-07-31 19:28:13'),(607,1,2,2,1,299,19,13,33,2,NULL,'2023-07-31 19:28:14','2023-07-31 19:28:14'),(608,1,2,2,1,300,19,13,33,2,NULL,'2023-07-31 19:28:14','2023-07-31 19:28:14'),(609,1,2,2,1,301,18,10,14,1,NULL,'2023-07-31 19:28:14','2023-07-31 19:28:14'),(610,1,2,2,1,301,21,13,40,2,NULL,'2023-07-31 19:28:14','2023-07-31 19:28:14'),(611,1,2,2,1,299,17,10,41,1,NULL,'2023-07-31 19:28:14','2023-07-31 19:28:14'),(612,1,2,2,1,300,17,10,41,1,NULL,'2023-07-31 19:28:14','2023-07-31 19:28:14'),(613,1,2,2,1,258,17,10,14,1,NULL,'2023-07-31 19:28:14','2023-07-31 19:28:14'),(614,1,2,2,1,258,19,10,38,1,NULL,'2023-07-31 19:28:14','2023-07-31 19:28:14'),(615,1,2,2,1,242,17,10,14,1,NULL,'2023-07-31 19:28:14','2023-07-31 19:28:14'),(616,1,2,2,1,243,17,10,23,1,NULL,'2023-07-31 19:28:15','2023-07-31 19:28:15'),(617,1,2,2,1,244,17,10,23,1,NULL,'2023-07-31 19:28:15','2023-07-31 19:28:15'),(618,1,2,2,1,245,17,10,24,1,NULL,'2023-07-31 19:28:15','2023-07-31 19:28:15'),(619,1,2,2,1,246,17,10,23,1,NULL,'2023-07-31 19:28:15','2023-07-31 19:28:15'),(620,1,2,2,1,246,18,10,22,1,NULL,'2023-07-31 19:28:15','2023-07-31 19:28:15'),(621,1,2,2,1,247,17,10,23,1,NULL,'2023-07-31 19:28:15','2023-07-31 19:28:15'),(622,1,2,2,1,248,17,10,23,1,NULL,'2023-07-31 19:28:15','2023-07-31 19:28:15'),(623,1,2,2,1,248,19,10,40,1,NULL,'2023-07-31 19:28:15','2023-07-31 19:28:15'),(624,1,2,2,1,249,17,10,41,1,NULL,'2023-07-31 19:28:15','2023-07-31 19:28:15'),(625,1,2,2,1,249,19,13,40,2,NULL,'2023-07-31 19:28:15','2023-07-31 19:28:15'),(626,1,2,2,1,250,19,13,40,2,NULL,'2023-07-31 19:28:16','2023-07-31 19:28:16'),(627,1,2,2,1,251,19,13,40,2,NULL,'2023-07-31 19:28:16','2023-07-31 19:28:16'),(628,1,2,2,1,252,19,13,40,2,NULL,'2023-07-31 19:28:16','2023-07-31 19:28:16'),(629,1,2,2,1,253,17,10,41,1,NULL,'2023-07-31 19:28:16','2023-07-31 19:28:16'),(630,1,2,2,1,253,19,13,40,2,NULL,'2023-07-31 19:28:16','2023-07-31 19:28:16'),(631,1,2,2,1,254,17,10,34,1,NULL,'2023-07-31 19:28:16','2023-07-31 19:28:16'),(632,1,2,2,1,255,17,10,34,1,NULL,'2023-07-31 19:28:16','2023-07-31 19:28:16'),(633,1,2,2,1,256,17,10,23,1,NULL,'2023-07-31 19:28:16','2023-07-31 19:28:16'),(634,1,2,2,1,257,17,10,34,1,NULL,'2023-07-31 19:28:16','2023-07-31 19:28:16'),(635,1,2,2,1,257,19,13,40,2,NULL,'2023-07-31 19:28:16','2023-07-31 19:28:16'),(636,1,2,2,1,259,17,10,41,1,NULL,'2023-07-31 19:28:17','2023-07-31 19:28:17'),(637,1,2,2,1,259,23,12,39,1,NULL,'2023-07-31 19:28:17','2023-07-31 19:28:17'),(638,1,2,2,1,260,17,10,34,1,NULL,'2023-07-31 19:28:17','2023-07-31 19:28:17'),(639,1,2,2,1,261,17,10,34,1,NULL,'2023-07-31 19:28:17','2023-07-31 19:28:17'),(640,1,2,2,1,262,17,10,34,1,NULL,'2023-07-31 19:28:17','2023-07-31 19:28:17'),(641,1,2,2,1,263,17,10,34,1,NULL,'2023-07-31 19:28:17','2023-07-31 19:28:17'),(642,1,2,2,1,264,17,10,34,1,NULL,'2023-07-31 19:28:17','2023-07-31 19:28:17'),(643,1,2,2,1,265,17,10,34,1,NULL,'2023-07-31 19:28:17','2023-07-31 19:28:17'),(644,1,2,2,1,265,19,13,40,2,NULL,'2023-07-31 19:28:18','2023-07-31 19:28:18'),(645,1,2,2,1,266,17,10,34,1,NULL,'2023-07-31 19:28:18','2023-07-31 19:28:18'),(646,1,2,2,1,266,19,13,40,2,NULL,'2023-07-31 19:28:18','2023-07-31 19:28:18'),(647,1,2,2,1,267,16,10,10,1,NULL,'2023-07-31 19:28:18','2023-07-31 19:28:18'),(648,1,2,2,1,268,17,10,34,1,NULL,'2023-07-31 19:28:18','2023-07-31 19:28:18'),(649,1,2,2,1,269,17,10,34,1,NULL,'2023-07-31 19:28:18','2023-07-31 19:28:18'),(650,1,2,2,1,270,17,10,34,1,NULL,'2023-07-31 19:28:18','2023-07-31 19:28:18'),(651,1,2,2,1,271,18,10,22,1,NULL,'2023-07-31 19:28:18','2023-07-31 19:28:18'),(652,1,2,2,1,272,17,10,34,1,NULL,'2023-07-31 19:28:18','2023-07-31 19:28:18'),(653,1,2,2,1,272,18,10,44,1,NULL,'2023-07-31 19:28:18','2023-07-31 19:28:18'),(654,1,2,2,1,273,17,10,34,1,NULL,'2023-07-31 19:28:19','2023-07-31 19:28:19'),(655,1,2,2,1,273,18,10,44,1,NULL,'2023-07-31 19:28:19','2023-07-31 19:28:19'),(656,1,2,2,1,274,17,10,34,1,NULL,'2023-07-31 19:28:19','2023-07-31 19:28:19'),(657,1,2,2,1,274,18,10,44,1,NULL,'2023-07-31 19:28:19','2023-07-31 19:28:19'),(658,1,2,2,1,275,17,10,14,1,NULL,'2023-07-31 19:28:19','2023-07-31 19:28:19'),(659,1,2,2,1,277,17,10,23,1,NULL,'2023-07-31 19:28:19','2023-07-31 19:28:19'),(660,1,2,2,1,277,19,13,33,2,NULL,'2023-07-31 19:28:19','2023-07-31 19:28:19'),(661,1,2,2,1,278,17,10,25,1,NULL,'2023-07-31 19:28:19','2023-07-31 19:28:19'),(662,1,2,2,1,279,17,10,25,1,NULL,'2023-07-31 19:28:19','2023-07-31 19:28:19'),(663,1,2,2,1,281,17,10,34,1,NULL,'2023-07-31 19:28:19','2023-07-31 19:28:19');
/*!40000 ALTER TABLE `verifications` ENABLE KEYS */;
UNLOCK TABLES;

--
-- Table structure for table `witnesses`
--

DROP TABLE IF EXISTS `witnesses`;
/*!40101 SET @saved_cs_client     = @@character_set_client */;
/*!50503 SET character_set_client = utf8mb4 */;
CREATE TABLE `witnesses` (
  `id` bigint unsigned NOT NULL AUTO_INCREMENT,
  `updated_uid` int NOT NULL,
  `user_id` bigint unsigned NOT NULL,
  `company_id` bigint unsigned NOT NULL,
  `project_id` bigint unsigned NOT NULL,
  `endproduct_id` bigint unsigned NOT NULL,
  `code` varchar(255) COLLATE utf8mb4_unicode_ci NOT NULL,
  `name` varchar(255) COLLATE utf8mb4_unicode_ci NOT NULL,
  `description` text COLLATE utf8mb4_unicode_ci,
  `created_at` timestamp NULL DEFAULT NULL,
  `updated_at` timestamp NULL DEFAULT NULL,
  PRIMARY KEY (`id`)
) ENGINE=InnoDB AUTO_INCREMENT=3 DEFAULT CHARSET=utf8mb4 COLLATE=utf8mb4_unicode_ci;
/*!40101 SET character_set_client = @saved_cs_client */;

--
-- Dumping data for table `witnesses`
--

LOCK TABLES `witnesses` WRITE;
/*!40000 ALTER TABLE `witnesses` DISABLE KEYS */;
INSERT INTO `witnesses` VALUES (1,1,1,2,2,1,'Administration','Administration',NULL,'2023-07-31 19:27:10','2023-07-31 19:27:10'),(2,1,1,2,2,1,'Third-Party','Third-Party',NULL,'2023-07-31 19:27:10','2023-07-31 19:27:10');
/*!40000 ALTER TABLE `witnesses` ENABLE KEYS */;
UNLOCK TABLES;
/*!40103 SET TIME_ZONE=@OLD_TIME_ZONE */;

/*!40101 SET SQL_MODE=@OLD_SQL_MODE */;
/*!40014 SET FOREIGN_KEY_CHECKS=@OLD_FOREIGN_KEY_CHECKS */;
/*!40014 SET UNIQUE_CHECKS=@OLD_UNIQUE_CHECKS */;
/*!40101 SET CHARACTER_SET_CLIENT=@OLD_CHARACTER_SET_CLIENT */;
/*!40101 SET CHARACTER_SET_RESULTS=@OLD_CHARACTER_SET_RESULTS */;
/*!40101 SET COLLATION_CONNECTION=@OLD_COLLATION_CONNECTION */;
/*!40111 SET SQL_NOTES=@OLD_SQL_NOTES */;

-- Dump completed on 2023-11-12 18:01:47
